Copyright 1986-2022 Xilinx, Inc. All Rights Reserved. Copyright 2022-2024 Advanced Micro Devices, Inc. All Rights Reserved.
-----------------------------------------------------------------------------------------------------------------------------------------------------------------------------------------------------------
| Tool Version : Vivado v.2024.1 (win64) Build 5076996 Wed May 22 18:37:14 MDT 2024
| Date         : Wed Oct  8 16:43:41 2025
| Host         : SusannesPC running 64-bit major release  (build 9200)
| Command      : report_timing_summary -max_paths 10 -file assignment_5_timing_summary_routed.rpt -pb assignment_5_timing_summary_routed.pb -rpx assignment_5_timing_summary_routed.rpx -warn_on_violation
| Design       : assignment_5
| Device       : 7z020-clg400
| Speed File   : -1  PRODUCTION 1.12 2019-11-22
| Design State : Routed
-----------------------------------------------------------------------------------------------------------------------------------------------------------------------------------------------------------

Timing Summary Report

------------------------------------------------------------------------------------------------
| Timer Settings
| --------------
------------------------------------------------------------------------------------------------

  Enable Multi Corner Analysis               :  Yes
  Enable Pessimism Removal                   :  Yes
  Pessimism Removal Resolution               :  Nearest Common Node
  Enable Input Delay Default Clock           :  No
  Enable Preset / Clear Arcs                 :  No
  Disable Flight Delays                      :  No
  Ignore I/O Paths                           :  No
  Timing Early Launch at Borrowing Latches   :  No
  Borrow Time for Max Delay Exceptions       :  Yes
  Merge Timing Exceptions                    :  Yes
  Inter-SLR Compensation                     :  Conservative

  Corner  Analyze    Analyze    
  Name    Max Paths  Min Paths  
  ------  ---------  ---------  
  Slow    Yes        Yes        
  Fast    Yes        Yes        


------------------------------------------------------------------------------------------------
| Report Methodology
| ------------------
------------------------------------------------------------------------------------------------

Rule       Severity  Description                    Violations  
---------  --------  -----------------------------  ----------  
TIMING-18  Warning   Missing input or output delay  37          

Note: This report is based on the most recent report_methodology run and may not be up-to-date. Run report_methodology on the current design for the latest report.



check_timing report

Table of Contents
-----------------
1. checking no_clock (0)
2. checking constant_clock (0)
3. checking pulse_width_clock (0)
4. checking unconstrained_internal_endpoints (0)
5. checking no_input_delay (19)
6. checking no_output_delay (18)
7. checking multiple_clock (0)
8. checking generated_clocks (0)
9. checking loops (0)
10. checking partial_input_delay (0)
11. checking partial_output_delay (0)
12. checking latch_loops (0)

1. checking no_clock (0)
------------------------
 There are 0 register/latch pins with no clock.


2. checking constant_clock (0)
------------------------------
 There are 0 register/latch pins with constant_clock.


3. checking pulse_width_clock (0)
---------------------------------
 There are 0 register/latch pins which need pulse_width check


4. checking unconstrained_internal_endpoints (0)
------------------------------------------------
 There are 0 pins that are not constrained for maximum delay.

 There are 0 pins that are not constrained for maximum delay due to constant clock.


5. checking no_input_delay (19)
-------------------------------
 There are 19 input ports with no input delay specified. (HIGH)

 There are 0 input ports with no input delay but user has a false path constraint.


6. checking no_output_delay (18)
--------------------------------
 There are 18 ports with no output delay specified. (HIGH)

 There are 0 ports with no output delay but user has a false path constraint

 There are 0 ports with no output delay but with a timing clock defined on it or propagating through it


7. checking multiple_clock (0)
------------------------------
 There are 0 register/latch pins with multiple clocks.


8. checking generated_clocks (0)
--------------------------------
 There are 0 generated clocks that are not connected to a clock source.


9. checking loops (0)
---------------------
 There are 0 combinational loops in the design.


10. checking partial_input_delay (0)
------------------------------------
 There are 0 input ports with partial input delay specified.


11. checking partial_output_delay (0)
-------------------------------------
 There are 0 ports with partial output delay specified.


12. checking latch_loops (0)
----------------------------
 There are 0 combinational latch loops in the design through latch input



------------------------------------------------------------------------------------------------
| Design Timing Summary
| ---------------------
------------------------------------------------------------------------------------------------

    WNS(ns)      TNS(ns)  TNS Failing Endpoints  TNS Total Endpoints      WHS(ns)      THS(ns)  THS Failing Endpoints  THS Total Endpoints     WPWS(ns)     TPWS(ns)  TPWS Failing Endpoints  TPWS Total Endpoints  
    -------      -------  ---------------------  -------------------      -------      -------  ---------------------  -------------------     --------     --------  ----------------------  --------------------  
      3.271        0.000                      0                   99        0.298        0.000                      0                   99        4.500        0.000                       0                    52  


All user specified timing constraints are met.


------------------------------------------------------------------------------------------------
| Clock Summary
| -------------
------------------------------------------------------------------------------------------------

Clock  Waveform(ns)       Period(ns)      Frequency(MHz)
-----  ------------       ----------      --------------
clk    {0.000 5.000}      10.000          100.000         


------------------------------------------------------------------------------------------------
| Intra Clock Table
| -----------------
------------------------------------------------------------------------------------------------

Clock             WNS(ns)      TNS(ns)  TNS Failing Endpoints  TNS Total Endpoints      WHS(ns)      THS(ns)  THS Failing Endpoints  THS Total Endpoints     WPWS(ns)     TPWS(ns)  TPWS Failing Endpoints  TPWS Total Endpoints  
-----             -------      -------  ---------------------  -------------------      -------      -------  ---------------------  -------------------     --------     --------  ----------------------  --------------------  
clk                 3.271        0.000                      0                   99        0.298        0.000                      0                   99        4.500        0.000                       0                    52  


------------------------------------------------------------------------------------------------
| Inter Clock Table
| -----------------
------------------------------------------------------------------------------------------------

From Clock    To Clock          WNS(ns)      TNS(ns)  TNS Failing Endpoints  TNS Total Endpoints      WHS(ns)      THS(ns)  THS Failing Endpoints  THS Total Endpoints  
----------    --------          -------      -------  ---------------------  -------------------      -------      -------  ---------------------  -------------------  


------------------------------------------------------------------------------------------------
| Other Path Groups Table
| -----------------------
------------------------------------------------------------------------------------------------

Path Group    From Clock    To Clock          WNS(ns)      TNS(ns)  TNS Failing Endpoints  TNS Total Endpoints      WHS(ns)      THS(ns)  THS Failing Endpoints  THS Total Endpoints  
----------    ----------    --------          -------      -------  ---------------------  -------------------      -------      -------  ---------------------  -------------------  


------------------------------------------------------------------------------------------------
| Timing Details
| --------------
------------------------------------------------------------------------------------------------


---------------------------------------------------------------------------------------------------
From Clock:  clk
  To Clock:  clk

Setup :            0  Failing Endpoints,  Worst Slack        3.271ns,  Total Violation        0.000ns
Hold  :            0  Failing Endpoints,  Worst Slack        0.298ns,  Total Violation        0.000ns
PW    :            0  Failing Endpoints,  Worst Slack        4.500ns,  Total Violation        0.000ns
---------------------------------------------------------------------------------------------------


Max Delay Paths
--------------------------------------------------------------------------------------
Slack (MET) :             3.271ns  (required time - arrival time)
  Source:                 i_controller/FSM_sequential_state_reg[0]/C
                            (rising edge-triggered cell FDPE clocked by clk  {rise@0.000ns fall@5.000ns period=10.000ns})
  Destination:            reg1_reg[12]/D
                            (rising edge-triggered cell FDCE clocked by clk  {rise@0.000ns fall@5.000ns period=10.000ns})
  Path Group:             clk
  Path Type:              Setup (Max at Slow Process Corner)
  Requirement:            10.000ns  (clk rise@10.000ns - clk rise@0.000ns)
  Data Path Delay:        6.379ns  (logic 2.228ns (34.928%)  route 4.151ns (65.072%))
  Logic Levels:           7  (CARRY4=4 LUT3=1 LUT5=2)
  Clock Path Skew:        -0.024ns (DCD - SCD + CPR)
    Destination Clock Delay (DCD):    4.565ns = ( 14.565 - 10.000 ) 
    Source Clock Delay      (SCD):    5.084ns
    Clock Pessimism Removal (CPR):    0.495ns
  Clock Uncertainty:      0.035ns  ((TSJ^2 + TIJ^2)^1/2 + DJ) / 2 + PE
    Total System Jitter     (TSJ):    0.071ns
    Total Input Jitter      (TIJ):    0.000ns
    Discrete Jitter          (DJ):    0.000ns
    Phase Error              (PE):    0.000ns

    Location             Delay type                Incr(ns)  Path(ns)    Netlist Resource(s)
  -------------------------------------------------------------------    -------------------
                         (clock clk rise edge)        0.000     0.000 r  
    U7                                                0.000     0.000 r  clk (IN)
                         net (fo=0)                   0.000     0.000    clk
    U7                   IBUF (Prop_ibuf_I_O)         1.058     1.058 r  clk_IBUF_inst/O
                         net (fo=1, routed)           2.171     3.229    clk_IBUF
    BUFGCTRL_X0Y0        BUFG (Prop_bufg_I_O)         0.101     3.330 r  clk_IBUF_BUFG_inst/O
                         net (fo=51, routed)          1.754     5.084    i_controller/CLK
    SLICE_X13Y46         FDPE                                         r  i_controller/FSM_sequential_state_reg[0]/C
  -------------------------------------------------------------------    -------------------
    SLICE_X13Y46         FDPE (Prop_fdpe_C_Q)         0.456     5.540 f  i_controller/FSM_sequential_state_reg[0]/Q
                         net (fo=33, routed)          1.049     6.589    i_controller/state[0]
    SLICE_X17Y47         LUT3 (Prop_lut3_I2_O)        0.150     6.739 r  i_controller/reg1[15]_i_4/O
                         net (fo=52, routed)          1.260     8.000    i_controller/reg1[15]_i_4_n_0
    SLICE_X17Y44         LUT5 (Prop_lut5_I2_O)        0.326     8.326 r  i_controller/i__carry_i_3/O
                         net (fo=1, routed)           0.519     8.845    i_ALU/bus_a[1]
    SLICE_X16Y44         CARRY4 (Prop_carry4_DI[1]_CO[3])
                                                      0.520     9.365 r  i_ALU/data_out0_inferred__0/i__carry/CO[3]
                         net (fo=1, routed)           0.000     9.365    i_ALU/data_out0_inferred__0/i__carry_n_0
    SLICE_X16Y45         CARRY4 (Prop_carry4_CI_CO[3])
                                                      0.117     9.482 r  i_ALU/data_out0_inferred__0/i__carry__0/CO[3]
                         net (fo=1, routed)           0.000     9.482    i_ALU/data_out0_inferred__0/i__carry__0_n_0
    SLICE_X16Y46         CARRY4 (Prop_carry4_CI_CO[3])
                                                      0.117     9.599 r  i_ALU/data_out0_inferred__0/i__carry__1/CO[3]
                         net (fo=1, routed)           0.000     9.599    i_ALU/data_out0_inferred__0/i__carry__1_n_0
    SLICE_X16Y47         CARRY4 (Prop_carry4_CI_O[0])
                                                      0.219     9.818 r  i_ALU/data_out0_inferred__0/i__carry__2/O[0]
                         net (fo=1, routed)           0.822    10.640    i_controller/data2[12]
    SLICE_X14Y47         LUT5 (Prop_lut5_I0_O)        0.323    10.963 r  i_controller/reg1[12]_i_1/O
                         net (fo=3, routed)           0.500    11.463    data_out_0[12]
    SLICE_X15Y47         FDCE                                         r  reg1_reg[12]/D
  -------------------------------------------------------------------    -------------------

                         (clock clk rise edge)       10.000    10.000 r  
    U7                                                0.000    10.000 r  clk (IN)
                         net (fo=0)                   0.000    10.000    clk
    U7                   IBUF (Prop_ibuf_I_O)         0.924    10.924 r  clk_IBUF_inst/O
                         net (fo=1, routed)           1.972    12.896    clk_IBUF
    BUFGCTRL_X0Y0        BUFG (Prop_bufg_I_O)         0.091    12.987 r  clk_IBUF_BUFG_inst/O
                         net (fo=51, routed)          1.578    14.565    clk_IBUF_BUFG
    SLICE_X15Y47         FDCE                                         r  reg1_reg[12]/C
                         clock pessimism              0.495    15.060    
                         clock uncertainty           -0.035    15.025    
    SLICE_X15Y47         FDCE (Setup_fdce_C_D)       -0.291    14.734    reg1_reg[12]
  -------------------------------------------------------------------
                         required time                         14.734    
                         arrival time                         -11.463    
  -------------------------------------------------------------------
                         slack                                  3.271    

Slack (MET) :             3.283ns  (required time - arrival time)
  Source:                 i_controller/FSM_sequential_state_reg[0]/C
                            (rising edge-triggered cell FDPE clocked by clk  {rise@0.000ns fall@5.000ns period=10.000ns})
  Destination:            data_out_reg[12]/D
                            (rising edge-triggered cell FDCE clocked by clk  {rise@0.000ns fall@5.000ns period=10.000ns})
  Path Group:             clk
  Path Type:              Setup (Max at Slow Process Corner)
  Requirement:            10.000ns  (clk rise@10.000ns - clk rise@0.000ns)
  Data Path Delay:        6.349ns  (logic 2.228ns (35.091%)  route 4.121ns (64.909%))
  Logic Levels:           7  (CARRY4=4 LUT3=1 LUT5=2)
  Clock Path Skew:        -0.061ns (DCD - SCD + CPR)
    Destination Clock Delay (DCD):    4.565ns = ( 14.565 - 10.000 ) 
    Source Clock Delay      (SCD):    5.084ns
    Clock Pessimism Removal (CPR):    0.458ns
  Clock Uncertainty:      0.035ns  ((TSJ^2 + TIJ^2)^1/2 + DJ) / 2 + PE
    Total System Jitter     (TSJ):    0.071ns
    Total Input Jitter      (TIJ):    0.000ns
    Discrete Jitter          (DJ):    0.000ns
    Phase Error              (PE):    0.000ns

    Location             Delay type                Incr(ns)  Path(ns)    Netlist Resource(s)
  -------------------------------------------------------------------    -------------------
                         (clock clk rise edge)        0.000     0.000 r  
    U7                                                0.000     0.000 r  clk (IN)
                         net (fo=0)                   0.000     0.000    clk
    U7                   IBUF (Prop_ibuf_I_O)         1.058     1.058 r  clk_IBUF_inst/O
                         net (fo=1, routed)           2.171     3.229    clk_IBUF
    BUFGCTRL_X0Y0        BUFG (Prop_bufg_I_O)         0.101     3.330 r  clk_IBUF_BUFG_inst/O
                         net (fo=51, routed)          1.754     5.084    i_controller/CLK
    SLICE_X13Y46         FDPE                                         r  i_controller/FSM_sequential_state_reg[0]/C
  -------------------------------------------------------------------    -------------------
    SLICE_X13Y46         FDPE (Prop_fdpe_C_Q)         0.456     5.540 f  i_controller/FSM_sequential_state_reg[0]/Q
                         net (fo=33, routed)          1.049     6.589    i_controller/state[0]
    SLICE_X17Y47         LUT3 (Prop_lut3_I2_O)        0.150     6.739 r  i_controller/reg1[15]_i_4/O
                         net (fo=52, routed)          1.260     8.000    i_controller/reg1[15]_i_4_n_0
    SLICE_X17Y44         LUT5 (Prop_lut5_I2_O)        0.326     8.326 r  i_controller/i__carry_i_3/O
                         net (fo=1, routed)           0.519     8.845    i_ALU/bus_a[1]
    SLICE_X16Y44         CARRY4 (Prop_carry4_DI[1]_CO[3])
                                                      0.520     9.365 r  i_ALU/data_out0_inferred__0/i__carry/CO[3]
                         net (fo=1, routed)           0.000     9.365    i_ALU/data_out0_inferred__0/i__carry_n_0
    SLICE_X16Y45         CARRY4 (Prop_carry4_CI_CO[3])
                                                      0.117     9.482 r  i_ALU/data_out0_inferred__0/i__carry__0/CO[3]
                         net (fo=1, routed)           0.000     9.482    i_ALU/data_out0_inferred__0/i__carry__0_n_0
    SLICE_X16Y46         CARRY4 (Prop_carry4_CI_CO[3])
                                                      0.117     9.599 r  i_ALU/data_out0_inferred__0/i__carry__1/CO[3]
                         net (fo=1, routed)           0.000     9.599    i_ALU/data_out0_inferred__0/i__carry__1_n_0
    SLICE_X16Y47         CARRY4 (Prop_carry4_CI_O[0])
                                                      0.219     9.818 r  i_ALU/data_out0_inferred__0/i__carry__2/O[0]
                         net (fo=1, routed)           0.822    10.640    i_controller/data2[12]
    SLICE_X14Y47         LUT5 (Prop_lut5_I0_O)        0.323    10.963 r  i_controller/reg1[12]_i_1/O
                         net (fo=3, routed)           0.471    11.434    data_out_0[12]
    SLICE_X18Y48         FDCE                                         r  data_out_reg[12]/D
  -------------------------------------------------------------------    -------------------

                         (clock clk rise edge)       10.000    10.000 r  
    U7                                                0.000    10.000 r  clk (IN)
                         net (fo=0)                   0.000    10.000    clk
    U7                   IBUF (Prop_ibuf_I_O)         0.924    10.924 r  clk_IBUF_inst/O
                         net (fo=1, routed)           1.972    12.896    clk_IBUF
    BUFGCTRL_X0Y0        BUFG (Prop_bufg_I_O)         0.091    12.987 r  clk_IBUF_BUFG_inst/O
                         net (fo=51, routed)          1.578    14.565    clk_IBUF_BUFG
    SLICE_X18Y48         FDCE                                         r  data_out_reg[12]/C
                         clock pessimism              0.458    15.023    
                         clock uncertainty           -0.035    14.988    
    SLICE_X18Y48         FDCE (Setup_fdce_C_D)       -0.271    14.717    data_out_reg[12]
  -------------------------------------------------------------------
                         required time                         14.717    
                         arrival time                         -11.434    
  -------------------------------------------------------------------
                         slack                                  3.283    

Slack (MET) :             3.307ns  (required time - arrival time)
  Source:                 i_controller/FSM_sequential_state_reg[0]/C
                            (rising edge-triggered cell FDPE clocked by clk  {rise@0.000ns fall@5.000ns period=10.000ns})
  Destination:            reg0_reg[12]/D
                            (rising edge-triggered cell FDCE clocked by clk  {rise@0.000ns fall@5.000ns period=10.000ns})
  Path Group:             clk
  Path Type:              Setup (Max at Slow Process Corner)
  Requirement:            10.000ns  (clk rise@10.000ns - clk rise@0.000ns)
  Data Path Delay:        6.379ns  (logic 2.228ns (34.928%)  route 4.151ns (65.072%))
  Logic Levels:           7  (CARRY4=4 LUT3=1 LUT5=2)
  Clock Path Skew:        -0.024ns (DCD - SCD + CPR)
    Destination Clock Delay (DCD):    4.565ns = ( 14.565 - 10.000 ) 
    Source Clock Delay      (SCD):    5.084ns
    Clock Pessimism Removal (CPR):    0.495ns
  Clock Uncertainty:      0.035ns  ((TSJ^2 + TIJ^2)^1/2 + DJ) / 2 + PE
    Total System Jitter     (TSJ):    0.071ns
    Total Input Jitter      (TIJ):    0.000ns
    Discrete Jitter          (DJ):    0.000ns
    Phase Error              (PE):    0.000ns

    Location             Delay type                Incr(ns)  Path(ns)    Netlist Resource(s)
  -------------------------------------------------------------------    -------------------
                         (clock clk rise edge)        0.000     0.000 r  
    U7                                                0.000     0.000 r  clk (IN)
                         net (fo=0)                   0.000     0.000    clk
    U7                   IBUF (Prop_ibuf_I_O)         1.058     1.058 r  clk_IBUF_inst/O
                         net (fo=1, routed)           2.171     3.229    clk_IBUF
    BUFGCTRL_X0Y0        BUFG (Prop_bufg_I_O)         0.101     3.330 r  clk_IBUF_BUFG_inst/O
                         net (fo=51, routed)          1.754     5.084    i_controller/CLK
    SLICE_X13Y46         FDPE                                         r  i_controller/FSM_sequential_state_reg[0]/C
  -------------------------------------------------------------------    -------------------
    SLICE_X13Y46         FDPE (Prop_fdpe_C_Q)         0.456     5.540 f  i_controller/FSM_sequential_state_reg[0]/Q
                         net (fo=33, routed)          1.049     6.589    i_controller/state[0]
    SLICE_X17Y47         LUT3 (Prop_lut3_I2_O)        0.150     6.739 r  i_controller/reg1[15]_i_4/O
                         net (fo=52, routed)          1.260     8.000    i_controller/reg1[15]_i_4_n_0
    SLICE_X17Y44         LUT5 (Prop_lut5_I2_O)        0.326     8.326 r  i_controller/i__carry_i_3/O
                         net (fo=1, routed)           0.519     8.845    i_ALU/bus_a[1]
    SLICE_X16Y44         CARRY4 (Prop_carry4_DI[1]_CO[3])
                                                      0.520     9.365 r  i_ALU/data_out0_inferred__0/i__carry/CO[3]
                         net (fo=1, routed)           0.000     9.365    i_ALU/data_out0_inferred__0/i__carry_n_0
    SLICE_X16Y45         CARRY4 (Prop_carry4_CI_CO[3])
                                                      0.117     9.482 r  i_ALU/data_out0_inferred__0/i__carry__0/CO[3]
                         net (fo=1, routed)           0.000     9.482    i_ALU/data_out0_inferred__0/i__carry__0_n_0
    SLICE_X16Y46         CARRY4 (Prop_carry4_CI_CO[3])
                                                      0.117     9.599 r  i_ALU/data_out0_inferred__0/i__carry__1/CO[3]
                         net (fo=1, routed)           0.000     9.599    i_ALU/data_out0_inferred__0/i__carry__1_n_0
    SLICE_X16Y47         CARRY4 (Prop_carry4_CI_O[0])
                                                      0.219     9.818 r  i_ALU/data_out0_inferred__0/i__carry__2/O[0]
                         net (fo=1, routed)           0.822    10.640    i_controller/data2[12]
    SLICE_X14Y47         LUT5 (Prop_lut5_I0_O)        0.323    10.963 r  i_controller/reg1[12]_i_1/O
                         net (fo=3, routed)           0.500    11.463    data_out_0[12]
    SLICE_X14Y47         FDCE                                         r  reg0_reg[12]/D
  -------------------------------------------------------------------    -------------------

                         (clock clk rise edge)       10.000    10.000 r  
    U7                                                0.000    10.000 r  clk (IN)
                         net (fo=0)                   0.000    10.000    clk
    U7                   IBUF (Prop_ibuf_I_O)         0.924    10.924 r  clk_IBUF_inst/O
                         net (fo=1, routed)           1.972    12.896    clk_IBUF
    BUFGCTRL_X0Y0        BUFG (Prop_bufg_I_O)         0.091    12.987 r  clk_IBUF_BUFG_inst/O
                         net (fo=51, routed)          1.578    14.565    clk_IBUF_BUFG
    SLICE_X14Y47         FDCE                                         r  reg0_reg[12]/C
                         clock pessimism              0.495    15.060    
                         clock uncertainty           -0.035    15.025    
    SLICE_X14Y47         FDCE (Setup_fdce_C_D)       -0.255    14.770    reg0_reg[12]
  -------------------------------------------------------------------
                         required time                         14.770    
                         arrival time                         -11.463    
  -------------------------------------------------------------------
                         slack                                  3.307    

Slack (MET) :             3.564ns  (required time - arrival time)
  Source:                 i_controller/FSM_sequential_state_reg[0]/C
                            (rising edge-triggered cell FDPE clocked by clk  {rise@0.000ns fall@5.000ns period=10.000ns})
  Destination:            data_out_reg[9]/D
                            (rising edge-triggered cell FDCE clocked by clk  {rise@0.000ns fall@5.000ns period=10.000ns})
  Path Group:             clk
  Path Type:              Setup (Max at Slow Process Corner)
  Requirement:            10.000ns  (clk rise@10.000ns - clk rise@0.000ns)
  Data Path Delay:        6.123ns  (logic 2.190ns (35.768%)  route 3.933ns (64.232%))
  Logic Levels:           6  (CARRY4=3 LUT3=1 LUT5=2)
  Clock Path Skew:        -0.061ns (DCD - SCD + CPR)
    Destination Clock Delay (DCD):    4.565ns = ( 14.565 - 10.000 ) 
    Source Clock Delay      (SCD):    5.084ns
    Clock Pessimism Removal (CPR):    0.458ns
  Clock Uncertainty:      0.035ns  ((TSJ^2 + TIJ^2)^1/2 + DJ) / 2 + PE
    Total System Jitter     (TSJ):    0.071ns
    Total Input Jitter      (TIJ):    0.000ns
    Discrete Jitter          (DJ):    0.000ns
    Phase Error              (PE):    0.000ns

    Location             Delay type                Incr(ns)  Path(ns)    Netlist Resource(s)
  -------------------------------------------------------------------    -------------------
                         (clock clk rise edge)        0.000     0.000 r  
    U7                                                0.000     0.000 r  clk (IN)
                         net (fo=0)                   0.000     0.000    clk
    U7                   IBUF (Prop_ibuf_I_O)         1.058     1.058 r  clk_IBUF_inst/O
                         net (fo=1, routed)           2.171     3.229    clk_IBUF
    BUFGCTRL_X0Y0        BUFG (Prop_bufg_I_O)         0.101     3.330 r  clk_IBUF_BUFG_inst/O
                         net (fo=51, routed)          1.754     5.084    i_controller/CLK
    SLICE_X13Y46         FDPE                                         r  i_controller/FSM_sequential_state_reg[0]/C
  -------------------------------------------------------------------    -------------------
    SLICE_X13Y46         FDPE (Prop_fdpe_C_Q)         0.456     5.540 f  i_controller/FSM_sequential_state_reg[0]/Q
                         net (fo=33, routed)          1.049     6.589    i_controller/state[0]
    SLICE_X17Y47         LUT3 (Prop_lut3_I2_O)        0.150     6.739 r  i_controller/reg1[15]_i_4/O
                         net (fo=52, routed)          1.260     8.000    i_controller/reg1[15]_i_4_n_0
    SLICE_X17Y44         LUT5 (Prop_lut5_I2_O)        0.326     8.326 r  i_controller/i__carry_i_3/O
                         net (fo=1, routed)           0.519     8.845    i_ALU/bus_a[1]
    SLICE_X16Y44         CARRY4 (Prop_carry4_DI[1]_CO[3])
                                                      0.520     9.365 r  i_ALU/data_out0_inferred__0/i__carry/CO[3]
                         net (fo=1, routed)           0.000     9.365    i_ALU/data_out0_inferred__0/i__carry_n_0
    SLICE_X16Y45         CARRY4 (Prop_carry4_CI_CO[3])
                                                      0.117     9.482 r  i_ALU/data_out0_inferred__0/i__carry__0/CO[3]
                         net (fo=1, routed)           0.000     9.482    i_ALU/data_out0_inferred__0/i__carry__0_n_0
    SLICE_X16Y46         CARRY4 (Prop_carry4_CI_O[1])
                                                      0.323     9.805 r  i_ALU/data_out0_inferred__0/i__carry__1/O[1]
                         net (fo=1, routed)           0.562    10.367    i_controller/data2[9]
    SLICE_X16Y48         LUT5 (Prop_lut5_I0_O)        0.298    10.665 r  i_controller/reg1[9]_i_1/O
                         net (fo=3, routed)           0.542    11.207    data_out_0[9]
    SLICE_X18Y48         FDCE                                         r  data_out_reg[9]/D
  -------------------------------------------------------------------    -------------------

                         (clock clk rise edge)       10.000    10.000 r  
    U7                                                0.000    10.000 r  clk (IN)
                         net (fo=0)                   0.000    10.000    clk
    U7                   IBUF (Prop_ibuf_I_O)         0.924    10.924 r  clk_IBUF_inst/O
                         net (fo=1, routed)           1.972    12.896    clk_IBUF
    BUFGCTRL_X0Y0        BUFG (Prop_bufg_I_O)         0.091    12.987 r  clk_IBUF_BUFG_inst/O
                         net (fo=51, routed)          1.578    14.565    clk_IBUF_BUFG
    SLICE_X18Y48         FDCE                                         r  data_out_reg[9]/C
                         clock pessimism              0.458    15.023    
                         clock uncertainty           -0.035    14.988    
    SLICE_X18Y48         FDCE (Setup_fdce_C_D)       -0.217    14.771    data_out_reg[9]
  -------------------------------------------------------------------
                         required time                         14.771    
                         arrival time                         -11.207    
  -------------------------------------------------------------------
                         slack                                  3.564    

Slack (MET) :             3.575ns  (required time - arrival time)
  Source:                 i_controller/FSM_sequential_state_reg[0]/C
                            (rising edge-triggered cell FDPE clocked by clk  {rise@0.000ns fall@5.000ns period=10.000ns})
  Destination:            reg1_reg[9]/D
                            (rising edge-triggered cell FDCE clocked by clk  {rise@0.000ns fall@5.000ns period=10.000ns})
  Path Group:             clk
  Path Type:              Setup (Max at Slow Process Corner)
  Requirement:            10.000ns  (clk rise@10.000ns - clk rise@0.000ns)
  Data Path Delay:        6.104ns  (logic 2.190ns (35.878%)  route 3.914ns (64.122%))
  Logic Levels:           6  (CARRY4=3 LUT3=1 LUT5=2)
  Clock Path Skew:        -0.024ns (DCD - SCD + CPR)
    Destination Clock Delay (DCD):    4.565ns = ( 14.565 - 10.000 ) 
    Source Clock Delay      (SCD):    5.084ns
    Clock Pessimism Removal (CPR):    0.495ns
  Clock Uncertainty:      0.035ns  ((TSJ^2 + TIJ^2)^1/2 + DJ) / 2 + PE
    Total System Jitter     (TSJ):    0.071ns
    Total Input Jitter      (TIJ):    0.000ns
    Discrete Jitter          (DJ):    0.000ns
    Phase Error              (PE):    0.000ns

    Location             Delay type                Incr(ns)  Path(ns)    Netlist Resource(s)
  -------------------------------------------------------------------    -------------------
                         (clock clk rise edge)        0.000     0.000 r  
    U7                                                0.000     0.000 r  clk (IN)
                         net (fo=0)                   0.000     0.000    clk
    U7                   IBUF (Prop_ibuf_I_O)         1.058     1.058 r  clk_IBUF_inst/O
                         net (fo=1, routed)           2.171     3.229    clk_IBUF
    BUFGCTRL_X0Y0        BUFG (Prop_bufg_I_O)         0.101     3.330 r  clk_IBUF_BUFG_inst/O
                         net (fo=51, routed)          1.754     5.084    i_controller/CLK
    SLICE_X13Y46         FDPE                                         r  i_controller/FSM_sequential_state_reg[0]/C
  -------------------------------------------------------------------    -------------------
    SLICE_X13Y46         FDPE (Prop_fdpe_C_Q)         0.456     5.540 f  i_controller/FSM_sequential_state_reg[0]/Q
                         net (fo=33, routed)          1.049     6.589    i_controller/state[0]
    SLICE_X17Y47         LUT3 (Prop_lut3_I2_O)        0.150     6.739 r  i_controller/reg1[15]_i_4/O
                         net (fo=52, routed)          1.260     8.000    i_controller/reg1[15]_i_4_n_0
    SLICE_X17Y44         LUT5 (Prop_lut5_I2_O)        0.326     8.326 r  i_controller/i__carry_i_3/O
                         net (fo=1, routed)           0.519     8.845    i_ALU/bus_a[1]
    SLICE_X16Y44         CARRY4 (Prop_carry4_DI[1]_CO[3])
                                                      0.520     9.365 r  i_ALU/data_out0_inferred__0/i__carry/CO[3]
                         net (fo=1, routed)           0.000     9.365    i_ALU/data_out0_inferred__0/i__carry_n_0
    SLICE_X16Y45         CARRY4 (Prop_carry4_CI_CO[3])
                                                      0.117     9.482 r  i_ALU/data_out0_inferred__0/i__carry__0/CO[3]
                         net (fo=1, routed)           0.000     9.482    i_ALU/data_out0_inferred__0/i__carry__0_n_0
    SLICE_X16Y46         CARRY4 (Prop_carry4_CI_O[1])
                                                      0.323     9.805 r  i_ALU/data_out0_inferred__0/i__carry__1/O[1]
                         net (fo=1, routed)           0.562    10.367    i_controller/data2[9]
    SLICE_X16Y48         LUT5 (Prop_lut5_I0_O)        0.298    10.665 r  i_controller/reg1[9]_i_1/O
                         net (fo=3, routed)           0.523    11.189    data_out_0[9]
    SLICE_X15Y47         FDCE                                         r  reg1_reg[9]/D
  -------------------------------------------------------------------    -------------------

                         (clock clk rise edge)       10.000    10.000 r  
    U7                                                0.000    10.000 r  clk (IN)
                         net (fo=0)                   0.000    10.000    clk
    U7                   IBUF (Prop_ibuf_I_O)         0.924    10.924 r  clk_IBUF_inst/O
                         net (fo=1, routed)           1.972    12.896    clk_IBUF
    BUFGCTRL_X0Y0        BUFG (Prop_bufg_I_O)         0.091    12.987 r  clk_IBUF_BUFG_inst/O
                         net (fo=51, routed)          1.578    14.565    clk_IBUF_BUFG
    SLICE_X15Y47         FDCE                                         r  reg1_reg[9]/C
                         clock pessimism              0.495    15.060    
                         clock uncertainty           -0.035    15.025    
    SLICE_X15Y47         FDCE (Setup_fdce_C_D)       -0.262    14.763    reg1_reg[9]
  -------------------------------------------------------------------
                         required time                         14.763    
                         arrival time                         -11.189    
  -------------------------------------------------------------------
                         slack                                  3.575    

Slack (MET) :             3.605ns  (required time - arrival time)
  Source:                 i_controller/FSM_sequential_state_reg[0]/C
                            (rising edge-triggered cell FDPE clocked by clk  {rise@0.000ns fall@5.000ns period=10.000ns})
  Destination:            reg0_reg[9]/D
                            (rising edge-triggered cell FDCE clocked by clk  {rise@0.000ns fall@5.000ns period=10.000ns})
  Path Group:             clk
  Path Type:              Setup (Max at Slow Process Corner)
  Requirement:            10.000ns  (clk rise@10.000ns - clk rise@0.000ns)
  Data Path Delay:        6.104ns  (logic 2.190ns (35.878%)  route 3.914ns (64.122%))
  Logic Levels:           6  (CARRY4=3 LUT3=1 LUT5=2)
  Clock Path Skew:        -0.024ns (DCD - SCD + CPR)
    Destination Clock Delay (DCD):    4.565ns = ( 14.565 - 10.000 ) 
    Source Clock Delay      (SCD):    5.084ns
    Clock Pessimism Removal (CPR):    0.495ns
  Clock Uncertainty:      0.035ns  ((TSJ^2 + TIJ^2)^1/2 + DJ) / 2 + PE
    Total System Jitter     (TSJ):    0.071ns
    Total Input Jitter      (TIJ):    0.000ns
    Discrete Jitter          (DJ):    0.000ns
    Phase Error              (PE):    0.000ns

    Location             Delay type                Incr(ns)  Path(ns)    Netlist Resource(s)
  -------------------------------------------------------------------    -------------------
                         (clock clk rise edge)        0.000     0.000 r  
    U7                                                0.000     0.000 r  clk (IN)
                         net (fo=0)                   0.000     0.000    clk
    U7                   IBUF (Prop_ibuf_I_O)         1.058     1.058 r  clk_IBUF_inst/O
                         net (fo=1, routed)           2.171     3.229    clk_IBUF
    BUFGCTRL_X0Y0        BUFG (Prop_bufg_I_O)         0.101     3.330 r  clk_IBUF_BUFG_inst/O
                         net (fo=51, routed)          1.754     5.084    i_controller/CLK
    SLICE_X13Y46         FDPE                                         r  i_controller/FSM_sequential_state_reg[0]/C
  -------------------------------------------------------------------    -------------------
    SLICE_X13Y46         FDPE (Prop_fdpe_C_Q)         0.456     5.540 f  i_controller/FSM_sequential_state_reg[0]/Q
                         net (fo=33, routed)          1.049     6.589    i_controller/state[0]
    SLICE_X17Y47         LUT3 (Prop_lut3_I2_O)        0.150     6.739 r  i_controller/reg1[15]_i_4/O
                         net (fo=52, routed)          1.260     8.000    i_controller/reg1[15]_i_4_n_0
    SLICE_X17Y44         LUT5 (Prop_lut5_I2_O)        0.326     8.326 r  i_controller/i__carry_i_3/O
                         net (fo=1, routed)           0.519     8.845    i_ALU/bus_a[1]
    SLICE_X16Y44         CARRY4 (Prop_carry4_DI[1]_CO[3])
                                                      0.520     9.365 r  i_ALU/data_out0_inferred__0/i__carry/CO[3]
                         net (fo=1, routed)           0.000     9.365    i_ALU/data_out0_inferred__0/i__carry_n_0
    SLICE_X16Y45         CARRY4 (Prop_carry4_CI_CO[3])
                                                      0.117     9.482 r  i_ALU/data_out0_inferred__0/i__carry__0/CO[3]
                         net (fo=1, routed)           0.000     9.482    i_ALU/data_out0_inferred__0/i__carry__0_n_0
    SLICE_X16Y46         CARRY4 (Prop_carry4_CI_O[1])
                                                      0.323     9.805 r  i_ALU/data_out0_inferred__0/i__carry__1/O[1]
                         net (fo=1, routed)           0.562    10.367    i_controller/data2[9]
    SLICE_X16Y48         LUT5 (Prop_lut5_I0_O)        0.298    10.665 r  i_controller/reg1[9]_i_1/O
                         net (fo=3, routed)           0.523    11.188    data_out_0[9]
    SLICE_X14Y47         FDCE                                         r  reg0_reg[9]/D
  -------------------------------------------------------------------    -------------------

                         (clock clk rise edge)       10.000    10.000 r  
    U7                                                0.000    10.000 r  clk (IN)
                         net (fo=0)                   0.000    10.000    clk
    U7                   IBUF (Prop_ibuf_I_O)         0.924    10.924 r  clk_IBUF_inst/O
                         net (fo=1, routed)           1.972    12.896    clk_IBUF
    BUFGCTRL_X0Y0        BUFG (Prop_bufg_I_O)         0.091    12.987 r  clk_IBUF_BUFG_inst/O
                         net (fo=51, routed)          1.578    14.565    clk_IBUF_BUFG
    SLICE_X14Y47         FDCE                                         r  reg0_reg[9]/C
                         clock pessimism              0.495    15.060    
                         clock uncertainty           -0.035    15.025    
    SLICE_X14Y47         FDCE (Setup_fdce_C_D)       -0.232    14.793    reg0_reg[9]
  -------------------------------------------------------------------
                         required time                         14.793    
                         arrival time                         -11.188    
  -------------------------------------------------------------------
                         slack                                  3.605    

Slack (MET) :             3.618ns  (required time - arrival time)
  Source:                 i_controller/FSM_sequential_state_reg[0]/C
                            (rising edge-triggered cell FDPE clocked by clk  {rise@0.000ns fall@5.000ns period=10.000ns})
  Destination:            reg0_reg[15]/D
                            (rising edge-triggered cell FDCE clocked by clk  {rise@0.000ns fall@5.000ns period=10.000ns})
  Path Group:             clk
  Path Type:              Setup (Max at Slow Process Corner)
  Requirement:            10.000ns  (clk rise@10.000ns - clk rise@0.000ns)
  Data Path Delay:        6.277ns  (logic 2.308ns (36.768%)  route 3.969ns (63.232%))
  Logic Levels:           7  (CARRY4=4 LUT3=1 LUT5=1 LUT6=1)
  Clock Path Skew:        -0.024ns (DCD - SCD + CPR)
    Destination Clock Delay (DCD):    4.565ns = ( 14.565 - 10.000 ) 
    Source Clock Delay      (SCD):    5.084ns
    Clock Pessimism Removal (CPR):    0.495ns
  Clock Uncertainty:      0.035ns  ((TSJ^2 + TIJ^2)^1/2 + DJ) / 2 + PE
    Total System Jitter     (TSJ):    0.071ns
    Total Input Jitter      (TIJ):    0.000ns
    Discrete Jitter          (DJ):    0.000ns
    Phase Error              (PE):    0.000ns

    Location             Delay type                Incr(ns)  Path(ns)    Netlist Resource(s)
  -------------------------------------------------------------------    -------------------
                         (clock clk rise edge)        0.000     0.000 r  
    U7                                                0.000     0.000 r  clk (IN)
                         net (fo=0)                   0.000     0.000    clk
    U7                   IBUF (Prop_ibuf_I_O)         1.058     1.058 r  clk_IBUF_inst/O
                         net (fo=1, routed)           2.171     3.229    clk_IBUF
    BUFGCTRL_X0Y0        BUFG (Prop_bufg_I_O)         0.101     3.330 r  clk_IBUF_BUFG_inst/O
                         net (fo=51, routed)          1.754     5.084    i_controller/CLK
    SLICE_X13Y46         FDPE                                         r  i_controller/FSM_sequential_state_reg[0]/C
  -------------------------------------------------------------------    -------------------
    SLICE_X13Y46         FDPE (Prop_fdpe_C_Q)         0.456     5.540 f  i_controller/FSM_sequential_state_reg[0]/Q
                         net (fo=33, routed)          1.049     6.589    i_controller/state[0]
    SLICE_X17Y47         LUT3 (Prop_lut3_I2_O)        0.150     6.739 r  i_controller/reg1[15]_i_4/O
                         net (fo=52, routed)          1.260     8.000    i_controller/reg1[15]_i_4_n_0
    SLICE_X17Y44         LUT5 (Prop_lut5_I2_O)        0.326     8.326 r  i_controller/i__carry_i_3/O
                         net (fo=1, routed)           0.519     8.845    i_ALU/bus_a[1]
    SLICE_X16Y44         CARRY4 (Prop_carry4_DI[1]_CO[3])
                                                      0.520     9.365 r  i_ALU/data_out0_inferred__0/i__carry/CO[3]
                         net (fo=1, routed)           0.000     9.365    i_ALU/data_out0_inferred__0/i__carry_n_0
    SLICE_X16Y45         CARRY4 (Prop_carry4_CI_CO[3])
                                                      0.117     9.482 r  i_ALU/data_out0_inferred__0/i__carry__0/CO[3]
                         net (fo=1, routed)           0.000     9.482    i_ALU/data_out0_inferred__0/i__carry__0_n_0
    SLICE_X16Y46         CARRY4 (Prop_carry4_CI_CO[3])
                                                      0.117     9.599 r  i_ALU/data_out0_inferred__0/i__carry__1/CO[3]
                         net (fo=1, routed)           0.000     9.599    i_ALU/data_out0_inferred__0/i__carry__1_n_0
    SLICE_X16Y47         CARRY4 (Prop_carry4_CI_O[3])
                                                      0.315     9.914 r  i_ALU/data_out0_inferred__0/i__carry__2/O[3]
                         net (fo=1, routed)           0.488    10.402    i_controller/data2[15]
    SLICE_X18Y47         LUT6 (Prop_lut6_I0_O)        0.307    10.709 r  i_controller/reg1[15]_i_2/O
                         net (fo=3, routed)           0.652    11.362    data_out_0[15]
    SLICE_X14Y47         FDCE                                         r  reg0_reg[15]/D
  -------------------------------------------------------------------    -------------------

                         (clock clk rise edge)       10.000    10.000 r  
    U7                                                0.000    10.000 r  clk (IN)
                         net (fo=0)                   0.000    10.000    clk
    U7                   IBUF (Prop_ibuf_I_O)         0.924    10.924 r  clk_IBUF_inst/O
                         net (fo=1, routed)           1.972    12.896    clk_IBUF
    BUFGCTRL_X0Y0        BUFG (Prop_bufg_I_O)         0.091    12.987 r  clk_IBUF_BUFG_inst/O
                         net (fo=51, routed)          1.578    14.565    clk_IBUF_BUFG
    SLICE_X14Y47         FDCE                                         r  reg0_reg[15]/C
                         clock pessimism              0.495    15.060    
                         clock uncertainty           -0.035    15.025    
    SLICE_X14Y47         FDCE (Setup_fdce_C_D)       -0.045    14.980    reg0_reg[15]
  -------------------------------------------------------------------
                         required time                         14.980    
                         arrival time                         -11.362    
  -------------------------------------------------------------------
                         slack                                  3.618    

Slack (MET) :             3.765ns  (required time - arrival time)
  Source:                 i_controller/FSM_sequential_state_reg[0]/C
                            (rising edge-triggered cell FDPE clocked by clk  {rise@0.000ns fall@5.000ns period=10.000ns})
  Destination:            data_out_reg[15]/D
                            (rising edge-triggered cell FDCE clocked by clk  {rise@0.000ns fall@5.000ns period=10.000ns})
  Path Group:             clk
  Path Type:              Setup (Max at Slow Process Corner)
  Requirement:            10.000ns  (clk rise@10.000ns - clk rise@0.000ns)
  Data Path Delay:        6.094ns  (logic 2.308ns (37.874%)  route 3.786ns (62.126%))
  Logic Levels:           7  (CARRY4=4 LUT3=1 LUT5=1 LUT6=1)
  Clock Path Skew:        -0.061ns (DCD - SCD + CPR)
    Destination Clock Delay (DCD):    4.565ns = ( 14.565 - 10.000 ) 
    Source Clock Delay      (SCD):    5.084ns
    Clock Pessimism Removal (CPR):    0.458ns
  Clock Uncertainty:      0.035ns  ((TSJ^2 + TIJ^2)^1/2 + DJ) / 2 + PE
    Total System Jitter     (TSJ):    0.071ns
    Total Input Jitter      (TIJ):    0.000ns
    Discrete Jitter          (DJ):    0.000ns
    Phase Error              (PE):    0.000ns

    Location             Delay type                Incr(ns)  Path(ns)    Netlist Resource(s)
  -------------------------------------------------------------------    -------------------
                         (clock clk rise edge)        0.000     0.000 r  
    U7                                                0.000     0.000 r  clk (IN)
                         net (fo=0)                   0.000     0.000    clk
    U7                   IBUF (Prop_ibuf_I_O)         1.058     1.058 r  clk_IBUF_inst/O
                         net (fo=1, routed)           2.171     3.229    clk_IBUF
    BUFGCTRL_X0Y0        BUFG (Prop_bufg_I_O)         0.101     3.330 r  clk_IBUF_BUFG_inst/O
                         net (fo=51, routed)          1.754     5.084    i_controller/CLK
    SLICE_X13Y46         FDPE                                         r  i_controller/FSM_sequential_state_reg[0]/C
  -------------------------------------------------------------------    -------------------
    SLICE_X13Y46         FDPE (Prop_fdpe_C_Q)         0.456     5.540 f  i_controller/FSM_sequential_state_reg[0]/Q
                         net (fo=33, routed)          1.049     6.589    i_controller/state[0]
    SLICE_X17Y47         LUT3 (Prop_lut3_I2_O)        0.150     6.739 r  i_controller/reg1[15]_i_4/O
                         net (fo=52, routed)          1.260     8.000    i_controller/reg1[15]_i_4_n_0
    SLICE_X17Y44         LUT5 (Prop_lut5_I2_O)        0.326     8.326 r  i_controller/i__carry_i_3/O
                         net (fo=1, routed)           0.519     8.845    i_ALU/bus_a[1]
    SLICE_X16Y44         CARRY4 (Prop_carry4_DI[1]_CO[3])
                                                      0.520     9.365 r  i_ALU/data_out0_inferred__0/i__carry/CO[3]
                         net (fo=1, routed)           0.000     9.365    i_ALU/data_out0_inferred__0/i__carry_n_0
    SLICE_X16Y45         CARRY4 (Prop_carry4_CI_CO[3])
                                                      0.117     9.482 r  i_ALU/data_out0_inferred__0/i__carry__0/CO[3]
                         net (fo=1, routed)           0.000     9.482    i_ALU/data_out0_inferred__0/i__carry__0_n_0
    SLICE_X16Y46         CARRY4 (Prop_carry4_CI_CO[3])
                                                      0.117     9.599 r  i_ALU/data_out0_inferred__0/i__carry__1/CO[3]
                         net (fo=1, routed)           0.000     9.599    i_ALU/data_out0_inferred__0/i__carry__1_n_0
    SLICE_X16Y47         CARRY4 (Prop_carry4_CI_O[3])
                                                      0.315     9.914 r  i_ALU/data_out0_inferred__0/i__carry__2/O[3]
                         net (fo=1, routed)           0.488    10.402    i_controller/data2[15]
    SLICE_X18Y47         LUT6 (Prop_lut6_I0_O)        0.307    10.709 r  i_controller/reg1[15]_i_2/O
                         net (fo=3, routed)           0.469    11.178    data_out_0[15]
    SLICE_X18Y48         FDCE                                         r  data_out_reg[15]/D
  -------------------------------------------------------------------    -------------------

                         (clock clk rise edge)       10.000    10.000 r  
    U7                                                0.000    10.000 r  clk (IN)
                         net (fo=0)                   0.000    10.000    clk
    U7                   IBUF (Prop_ibuf_I_O)         0.924    10.924 r  clk_IBUF_inst/O
                         net (fo=1, routed)           1.972    12.896    clk_IBUF
    BUFGCTRL_X0Y0        BUFG (Prop_bufg_I_O)         0.091    12.987 r  clk_IBUF_BUFG_inst/O
                         net (fo=51, routed)          1.578    14.565    clk_IBUF_BUFG
    SLICE_X18Y48         FDCE                                         r  data_out_reg[15]/C
                         clock pessimism              0.458    15.023    
                         clock uncertainty           -0.035    14.988    
    SLICE_X18Y48         FDCE (Setup_fdce_C_D)       -0.045    14.943    data_out_reg[15]
  -------------------------------------------------------------------
                         required time                         14.943    
                         arrival time                         -11.178    
  -------------------------------------------------------------------
                         slack                                  3.765    

Slack (MET) :             3.821ns  (required time - arrival time)
  Source:                 i_controller/FSM_sequential_state_reg[0]/C
                            (rising edge-triggered cell FDPE clocked by clk  {rise@0.000ns fall@5.000ns period=10.000ns})
  Destination:            reg0_reg[11]/D
                            (rising edge-triggered cell FDCE clocked by clk  {rise@0.000ns fall@5.000ns period=10.000ns})
  Path Group:             clk
  Path Type:              Setup (Max at Slow Process Corner)
  Requirement:            10.000ns  (clk rise@10.000ns - clk rise@0.000ns)
  Data Path Delay:        6.061ns  (logic 2.191ns (36.152%)  route 3.870ns (63.848%))
  Logic Levels:           6  (CARRY4=3 LUT3=1 LUT5=2)
  Clock Path Skew:        -0.025ns (DCD - SCD + CPR)
    Destination Clock Delay (DCD):    4.564ns = ( 14.564 - 10.000 ) 
    Source Clock Delay      (SCD):    5.084ns
    Clock Pessimism Removal (CPR):    0.495ns
  Clock Uncertainty:      0.035ns  ((TSJ^2 + TIJ^2)^1/2 + DJ) / 2 + PE
    Total System Jitter     (TSJ):    0.071ns
    Total Input Jitter      (TIJ):    0.000ns
    Discrete Jitter          (DJ):    0.000ns
    Phase Error              (PE):    0.000ns

    Location             Delay type                Incr(ns)  Path(ns)    Netlist Resource(s)
  -------------------------------------------------------------------    -------------------
                         (clock clk rise edge)        0.000     0.000 r  
    U7                                                0.000     0.000 r  clk (IN)
                         net (fo=0)                   0.000     0.000    clk
    U7                   IBUF (Prop_ibuf_I_O)         1.058     1.058 r  clk_IBUF_inst/O
                         net (fo=1, routed)           2.171     3.229    clk_IBUF
    BUFGCTRL_X0Y0        BUFG (Prop_bufg_I_O)         0.101     3.330 r  clk_IBUF_BUFG_inst/O
                         net (fo=51, routed)          1.754     5.084    i_controller/CLK
    SLICE_X13Y46         FDPE                                         r  i_controller/FSM_sequential_state_reg[0]/C
  -------------------------------------------------------------------    -------------------
    SLICE_X13Y46         FDPE (Prop_fdpe_C_Q)         0.456     5.540 f  i_controller/FSM_sequential_state_reg[0]/Q
                         net (fo=33, routed)          1.049     6.589    i_controller/state[0]
    SLICE_X17Y47         LUT3 (Prop_lut3_I2_O)        0.150     6.739 r  i_controller/reg1[15]_i_4/O
                         net (fo=52, routed)          1.260     8.000    i_controller/reg1[15]_i_4_n_0
    SLICE_X17Y44         LUT5 (Prop_lut5_I2_O)        0.326     8.326 r  i_controller/i__carry_i_3/O
                         net (fo=1, routed)           0.519     8.845    i_ALU/bus_a[1]
    SLICE_X16Y44         CARRY4 (Prop_carry4_DI[1]_CO[3])
                                                      0.520     9.365 r  i_ALU/data_out0_inferred__0/i__carry/CO[3]
                         net (fo=1, routed)           0.000     9.365    i_ALU/data_out0_inferred__0/i__carry_n_0
    SLICE_X16Y45         CARRY4 (Prop_carry4_CI_CO[3])
                                                      0.117     9.482 r  i_ALU/data_out0_inferred__0/i__carry__0/CO[3]
                         net (fo=1, routed)           0.000     9.482    i_ALU/data_out0_inferred__0/i__carry__0_n_0
    SLICE_X16Y46         CARRY4 (Prop_carry4_CI_O[3])
                                                      0.315     9.797 r  i_ALU/data_out0_inferred__0/i__carry__1/O[3]
                         net (fo=1, routed)           0.424    10.221    i_controller/data2[11]
    SLICE_X18Y46         LUT5 (Prop_lut5_I0_O)        0.307    10.528 r  i_controller/reg1[11]_i_1/O
                         net (fo=3, routed)           0.617    11.145    data_out_0[11]
    SLICE_X14Y46         FDCE                                         r  reg0_reg[11]/D
  -------------------------------------------------------------------    -------------------

                         (clock clk rise edge)       10.000    10.000 r  
    U7                                                0.000    10.000 r  clk (IN)
                         net (fo=0)                   0.000    10.000    clk
    U7                   IBUF (Prop_ibuf_I_O)         0.924    10.924 r  clk_IBUF_inst/O
                         net (fo=1, routed)           1.972    12.896    clk_IBUF
    BUFGCTRL_X0Y0        BUFG (Prop_bufg_I_O)         0.091    12.987 r  clk_IBUF_BUFG_inst/O
                         net (fo=51, routed)          1.577    14.564    clk_IBUF_BUFG
    SLICE_X14Y46         FDCE                                         r  reg0_reg[11]/C
                         clock pessimism              0.495    15.059    
                         clock uncertainty           -0.035    15.024    
    SLICE_X14Y46         FDCE (Setup_fdce_C_D)       -0.058    14.966    reg0_reg[11]
  -------------------------------------------------------------------
                         required time                         14.966    
                         arrival time                         -11.145    
  -------------------------------------------------------------------
                         slack                                  3.821    

Slack (MET) :             3.822ns  (required time - arrival time)
  Source:                 i_controller/FSM_sequential_state_reg[0]/C
                            (rising edge-triggered cell FDPE clocked by clk  {rise@0.000ns fall@5.000ns period=10.000ns})
  Destination:            data_out_reg[7]/D
                            (rising edge-triggered cell FDCE clocked by clk  {rise@0.000ns fall@5.000ns period=10.000ns})
  Path Group:             clk
  Path Type:              Setup (Max at Slow Process Corner)
  Requirement:            10.000ns  (clk rise@10.000ns - clk rise@0.000ns)
  Data Path Delay:        6.034ns  (logic 2.074ns (34.369%)  route 3.960ns (65.631%))
  Logic Levels:           5  (CARRY4=2 LUT3=1 LUT5=2)
  Clock Path Skew:        -0.061ns (DCD - SCD + CPR)
    Destination Clock Delay (DCD):    4.565ns = ( 14.565 - 10.000 ) 
    Source Clock Delay      (SCD):    5.084ns
    Clock Pessimism Removal (CPR):    0.458ns
  Clock Uncertainty:      0.035ns  ((TSJ^2 + TIJ^2)^1/2 + DJ) / 2 + PE
    Total System Jitter     (TSJ):    0.071ns
    Total Input Jitter      (TIJ):    0.000ns
    Discrete Jitter          (DJ):    0.000ns
    Phase Error              (PE):    0.000ns

    Location             Delay type                Incr(ns)  Path(ns)    Netlist Resource(s)
  -------------------------------------------------------------------    -------------------
                         (clock clk rise edge)        0.000     0.000 r  
    U7                                                0.000     0.000 r  clk (IN)
                         net (fo=0)                   0.000     0.000    clk
    U7                   IBUF (Prop_ibuf_I_O)         1.058     1.058 r  clk_IBUF_inst/O
                         net (fo=1, routed)           2.171     3.229    clk_IBUF
    BUFGCTRL_X0Y0        BUFG (Prop_bufg_I_O)         0.101     3.330 r  clk_IBUF_BUFG_inst/O
                         net (fo=51, routed)          1.754     5.084    i_controller/CLK
    SLICE_X13Y46         FDPE                                         r  i_controller/FSM_sequential_state_reg[0]/C
  -------------------------------------------------------------------    -------------------
    SLICE_X13Y46         FDPE (Prop_fdpe_C_Q)         0.456     5.540 f  i_controller/FSM_sequential_state_reg[0]/Q
                         net (fo=33, routed)          1.049     6.589    i_controller/state[0]
    SLICE_X17Y47         LUT3 (Prop_lut3_I2_O)        0.150     6.739 r  i_controller/reg1[15]_i_4/O
                         net (fo=52, routed)          1.260     8.000    i_controller/reg1[15]_i_4_n_0
    SLICE_X17Y44         LUT5 (Prop_lut5_I2_O)        0.326     8.326 r  i_controller/i__carry_i_3/O
                         net (fo=1, routed)           0.519     8.845    i_ALU/bus_a[1]
    SLICE_X16Y44         CARRY4 (Prop_carry4_DI[1]_CO[3])
                                                      0.520     9.365 r  i_ALU/data_out0_inferred__0/i__carry/CO[3]
                         net (fo=1, routed)           0.000     9.365    i_ALU/data_out0_inferred__0/i__carry_n_0
    SLICE_X16Y45         CARRY4 (Prop_carry4_CI_O[3])
                                                      0.315     9.680 r  i_ALU/data_out0_inferred__0/i__carry__0/O[3]
                         net (fo=1, routed)           0.497    10.177    i_controller/data2[7]
    SLICE_X18Y45         LUT5 (Prop_lut5_I0_O)        0.307    10.484 r  i_controller/reg1[7]_i_1/O
                         net (fo=3, routed)           0.635    11.119    data_out_0[7]
    SLICE_X19Y48         FDCE                                         r  data_out_reg[7]/D
  -------------------------------------------------------------------    -------------------

                         (clock clk rise edge)       10.000    10.000 r  
    U7                                                0.000    10.000 r  clk (IN)
                         net (fo=0)                   0.000    10.000    clk
    U7                   IBUF (Prop_ibuf_I_O)         0.924    10.924 r  clk_IBUF_inst/O
                         net (fo=1, routed)           1.972    12.896    clk_IBUF
    BUFGCTRL_X0Y0        BUFG (Prop_bufg_I_O)         0.091    12.987 r  clk_IBUF_BUFG_inst/O
                         net (fo=51, routed)          1.578    14.565    clk_IBUF_BUFG
    SLICE_X19Y48         FDCE                                         r  data_out_reg[7]/C
                         clock pessimism              0.458    15.023    
                         clock uncertainty           -0.035    14.988    
    SLICE_X19Y48         FDCE (Setup_fdce_C_D)       -0.047    14.941    data_out_reg[7]
  -------------------------------------------------------------------
                         required time                         14.941    
                         arrival time                         -11.119    
  -------------------------------------------------------------------
                         slack                                  3.822    





Min Delay Paths
--------------------------------------------------------------------------------------
Slack (MET) :             0.298ns  (arrival time - required time)
  Source:                 i_controller/FSM_sequential_state_reg[0]/C
                            (rising edge-triggered cell FDPE clocked by clk  {rise@0.000ns fall@5.000ns period=10.000ns})
  Destination:            reg0_reg[5]/D
                            (rising edge-triggered cell FDCE clocked by clk  {rise@0.000ns fall@5.000ns period=10.000ns})
  Path Group:             clk
  Path Type:              Hold (Min at Fast Process Corner)
  Requirement:            0.000ns  (clk rise@0.000ns - clk rise@0.000ns)
  Data Path Delay:        0.426ns  (logic 0.186ns (43.689%)  route 0.240ns (56.311%))
  Logic Levels:           1  (LUT5=1)
  Clock Path Skew:        0.036ns (DCD - SCD - CPR)
    Destination Clock Delay (DCD):    2.087ns
    Source Clock Delay      (SCD):    1.569ns
    Clock Pessimism Removal (CPR):    0.482ns

    Location             Delay type                Incr(ns)  Path(ns)    Netlist Resource(s)
  -------------------------------------------------------------------    -------------------
                         (clock clk rise edge)        0.000     0.000 r  
    U7                                                0.000     0.000 r  clk (IN)
                         net (fo=0)                   0.000     0.000    clk
    U7                   IBUF (Prop_ibuf_I_O)         0.286     0.286 r  clk_IBUF_inst/O
                         net (fo=1, routed)           0.663     0.949    clk_IBUF
    BUFGCTRL_X0Y0        BUFG (Prop_bufg_I_O)         0.026     0.975 r  clk_IBUF_BUFG_inst/O
                         net (fo=51, routed)          0.594     1.569    i_controller/CLK
    SLICE_X13Y46         FDPE                                         r  i_controller/FSM_sequential_state_reg[0]/C
  -------------------------------------------------------------------    -------------------
    SLICE_X13Y46         FDPE (Prop_fdpe_C_Q)         0.141     1.710 r  i_controller/FSM_sequential_state_reg[0]/Q
                         net (fo=33, routed)          0.240     1.950    i_controller/state[0]
    SLICE_X17Y45         LUT5 (Prop_lut5_I1_O)        0.045     1.995 r  i_controller/reg1[5]_i_1/O
                         net (fo=3, routed)           0.000     1.995    data_out_0[5]
    SLICE_X17Y45         FDCE                                         r  reg0_reg[5]/D
  -------------------------------------------------------------------    -------------------

                         (clock clk rise edge)        0.000     0.000 r  
    U7                                                0.000     0.000 r  clk (IN)
                         net (fo=0)                   0.000     0.000    clk
    U7                   IBUF (Prop_ibuf_I_O)         0.476     0.476 r  clk_IBUF_inst/O
                         net (fo=1, routed)           0.719     1.195    clk_IBUF
    BUFGCTRL_X0Y0        BUFG (Prop_bufg_I_O)         0.029     1.224 r  clk_IBUF_BUFG_inst/O
                         net (fo=51, routed)          0.863     2.087    clk_IBUF_BUFG
    SLICE_X17Y45         FDCE                                         r  reg0_reg[5]/C
                         clock pessimism             -0.482     1.605    
    SLICE_X17Y45         FDCE (Hold_fdce_C_D)         0.092     1.697    reg0_reg[5]
  -------------------------------------------------------------------
                         required time                         -1.697    
                         arrival time                           1.995    
  -------------------------------------------------------------------
                         slack                                  0.298    

Slack (MET) :             0.301ns  (arrival time - required time)
  Source:                 i_controller/FSM_sequential_state_reg[2]/C
                            (rising edge-triggered cell FDCE clocked by clk  {rise@0.000ns fall@5.000ns period=10.000ns})
  Destination:            i_controller/FSM_sequential_state_reg[0]/D
                            (rising edge-triggered cell FDPE clocked by clk  {rise@0.000ns fall@5.000ns period=10.000ns})
  Path Group:             clk
  Path Type:              Hold (Min at Fast Process Corner)
  Requirement:            0.000ns  (clk rise@0.000ns - clk rise@0.000ns)
  Data Path Delay:        0.393ns  (logic 0.186ns (47.371%)  route 0.207ns (52.629%))
  Logic Levels:           1  (LUT6=1)
  Clock Path Skew:        0.000ns (DCD - SCD - CPR)
    Destination Clock Delay (DCD):    2.087ns
    Source Clock Delay      (SCD):    1.569ns
    Clock Pessimism Removal (CPR):    0.518ns

    Location             Delay type                Incr(ns)  Path(ns)    Netlist Resource(s)
  -------------------------------------------------------------------    -------------------
                         (clock clk rise edge)        0.000     0.000 r  
    U7                                                0.000     0.000 r  clk (IN)
                         net (fo=0)                   0.000     0.000    clk
    U7                   IBUF (Prop_ibuf_I_O)         0.286     0.286 r  clk_IBUF_inst/O
                         net (fo=1, routed)           0.663     0.949    clk_IBUF
    BUFGCTRL_X0Y0        BUFG (Prop_bufg_I_O)         0.026     0.975 r  clk_IBUF_BUFG_inst/O
                         net (fo=51, routed)          0.594     1.569    i_controller/CLK
    SLICE_X13Y46         FDCE                                         r  i_controller/FSM_sequential_state_reg[2]/C
  -------------------------------------------------------------------    -------------------
    SLICE_X13Y46         FDCE (Prop_fdce_C_Q)         0.141     1.710 r  i_controller/FSM_sequential_state_reg[2]/Q
                         net (fo=32, routed)          0.207     1.917    i_controller/state[2]
    SLICE_X13Y46         LUT6 (Prop_lut6_I5_O)        0.045     1.962 r  i_controller/FSM_sequential_state[0]_i_1/O
                         net (fo=1, routed)           0.000     1.962    i_controller/state_next[0]
    SLICE_X13Y46         FDPE                                         r  i_controller/FSM_sequential_state_reg[0]/D
  -------------------------------------------------------------------    -------------------

                         (clock clk rise edge)        0.000     0.000 r  
    U7                                                0.000     0.000 r  clk (IN)
                         net (fo=0)                   0.000     0.000    clk
    U7                   IBUF (Prop_ibuf_I_O)         0.476     0.476 r  clk_IBUF_inst/O
                         net (fo=1, routed)           0.719     1.195    clk_IBUF
    BUFGCTRL_X0Y0        BUFG (Prop_bufg_I_O)         0.029     1.224 r  clk_IBUF_BUFG_inst/O
                         net (fo=51, routed)          0.863     2.087    i_controller/CLK
    SLICE_X13Y46         FDPE                                         r  i_controller/FSM_sequential_state_reg[0]/C
                         clock pessimism             -0.518     1.569    
    SLICE_X13Y46         FDPE (Hold_fdpe_C_D)         0.092     1.661    i_controller/FSM_sequential_state_reg[0]
  -------------------------------------------------------------------
                         required time                         -1.661    
                         arrival time                           1.962    
  -------------------------------------------------------------------
                         slack                                  0.301    

Slack (MET) :             0.307ns  (arrival time - required time)
  Source:                 i_controller/FSM_sequential_state_reg[2]/C
                            (rising edge-triggered cell FDCE clocked by clk  {rise@0.000ns fall@5.000ns period=10.000ns})
  Destination:            i_controller/FSM_sequential_state_reg[1]/D
                            (rising edge-triggered cell FDCE clocked by clk  {rise@0.000ns fall@5.000ns period=10.000ns})
  Path Group:             clk
  Path Type:              Hold (Min at Fast Process Corner)
  Requirement:            0.000ns  (clk rise@0.000ns - clk rise@0.000ns)
  Data Path Delay:        0.399ns  (logic 0.186ns (46.666%)  route 0.213ns (53.334%))
  Logic Levels:           1  (LUT6=1)
  Clock Path Skew:        0.000ns (DCD - SCD - CPR)
    Destination Clock Delay (DCD):    2.087ns
    Source Clock Delay      (SCD):    1.569ns
    Clock Pessimism Removal (CPR):    0.518ns

    Location             Delay type                Incr(ns)  Path(ns)    Netlist Resource(s)
  -------------------------------------------------------------------    -------------------
                         (clock clk rise edge)        0.000     0.000 r  
    U7                                                0.000     0.000 r  clk (IN)
                         net (fo=0)                   0.000     0.000    clk
    U7                   IBUF (Prop_ibuf_I_O)         0.286     0.286 r  clk_IBUF_inst/O
                         net (fo=1, routed)           0.663     0.949    clk_IBUF
    BUFGCTRL_X0Y0        BUFG (Prop_bufg_I_O)         0.026     0.975 r  clk_IBUF_BUFG_inst/O
                         net (fo=51, routed)          0.594     1.569    i_controller/CLK
    SLICE_X13Y46         FDCE                                         r  i_controller/FSM_sequential_state_reg[2]/C
  -------------------------------------------------------------------    -------------------
    SLICE_X13Y46         FDCE (Prop_fdce_C_Q)         0.141     1.710 f  i_controller/FSM_sequential_state_reg[2]/Q
                         net (fo=32, routed)          0.213     1.923    i_controller/state[2]
    SLICE_X13Y46         LUT6 (Prop_lut6_I5_O)        0.045     1.968 r  i_controller/FSM_sequential_state[1]_i_1/O
                         net (fo=1, routed)           0.000     1.968    i_controller/state_next[1]
    SLICE_X13Y46         FDCE                                         r  i_controller/FSM_sequential_state_reg[1]/D
  -------------------------------------------------------------------    -------------------

                         (clock clk rise edge)        0.000     0.000 r  
    U7                                                0.000     0.000 r  clk (IN)
                         net (fo=0)                   0.000     0.000    clk
    U7                   IBUF (Prop_ibuf_I_O)         0.476     0.476 r  clk_IBUF_inst/O
                         net (fo=1, routed)           0.719     1.195    clk_IBUF
    BUFGCTRL_X0Y0        BUFG (Prop_bufg_I_O)         0.029     1.224 r  clk_IBUF_BUFG_inst/O
                         net (fo=51, routed)          0.863     2.087    i_controller/CLK
    SLICE_X13Y46         FDCE                                         r  i_controller/FSM_sequential_state_reg[1]/C
                         clock pessimism             -0.518     1.569    
    SLICE_X13Y46         FDCE (Hold_fdce_C_D)         0.092     1.661    i_controller/FSM_sequential_state_reg[1]
  -------------------------------------------------------------------
                         required time                         -1.661    
                         arrival time                           1.968    
  -------------------------------------------------------------------
                         slack                                  0.307    

Slack (MET) :             0.360ns  (arrival time - required time)
  Source:                 i_controller/FSM_sequential_state_reg[1]/C
                            (rising edge-triggered cell FDCE clocked by clk  {rise@0.000ns fall@5.000ns period=10.000ns})
  Destination:            i_controller/FSM_sequential_state_reg[2]/D
                            (rising edge-triggered cell FDCE clocked by clk  {rise@0.000ns fall@5.000ns period=10.000ns})
  Path Group:             clk
  Path Type:              Hold (Min at Fast Process Corner)
  Requirement:            0.000ns  (clk rise@0.000ns - clk rise@0.000ns)
  Data Path Delay:        0.451ns  (logic 0.186ns (41.240%)  route 0.265ns (58.760%))
  Logic Levels:           1  (LUT6=1)
  Clock Path Skew:        0.000ns (DCD - SCD - CPR)
    Destination Clock Delay (DCD):    2.087ns
    Source Clock Delay      (SCD):    1.569ns
    Clock Pessimism Removal (CPR):    0.518ns

    Location             Delay type                Incr(ns)  Path(ns)    Netlist Resource(s)
  -------------------------------------------------------------------    -------------------
                         (clock clk rise edge)        0.000     0.000 r  
    U7                                                0.000     0.000 r  clk (IN)
                         net (fo=0)                   0.000     0.000    clk
    U7                   IBUF (Prop_ibuf_I_O)         0.286     0.286 r  clk_IBUF_inst/O
                         net (fo=1, routed)           0.663     0.949    clk_IBUF
    BUFGCTRL_X0Y0        BUFG (Prop_bufg_I_O)         0.026     0.975 r  clk_IBUF_BUFG_inst/O
                         net (fo=51, routed)          0.594     1.569    i_controller/CLK
    SLICE_X13Y46         FDCE                                         r  i_controller/FSM_sequential_state_reg[1]/C
  -------------------------------------------------------------------    -------------------
    SLICE_X13Y46         FDCE (Prop_fdce_C_Q)         0.141     1.710 f  i_controller/FSM_sequential_state_reg[1]/Q
                         net (fo=33, routed)          0.265     1.975    i_controller/state[1]
    SLICE_X13Y46         LUT6 (Prop_lut6_I3_O)        0.045     2.020 r  i_controller/FSM_sequential_state[2]_i_1/O
                         net (fo=1, routed)           0.000     2.020    i_controller/state_next[2]
    SLICE_X13Y46         FDCE                                         r  i_controller/FSM_sequential_state_reg[2]/D
  -------------------------------------------------------------------    -------------------

                         (clock clk rise edge)        0.000     0.000 r  
    U7                                                0.000     0.000 r  clk (IN)
                         net (fo=0)                   0.000     0.000    clk
    U7                   IBUF (Prop_ibuf_I_O)         0.476     0.476 r  clk_IBUF_inst/O
                         net (fo=1, routed)           0.719     1.195    clk_IBUF
    BUFGCTRL_X0Y0        BUFG (Prop_bufg_I_O)         0.029     1.224 r  clk_IBUF_BUFG_inst/O
                         net (fo=51, routed)          0.863     2.087    i_controller/CLK
    SLICE_X13Y46         FDCE                                         r  i_controller/FSM_sequential_state_reg[2]/C
                         clock pessimism             -0.518     1.569    
    SLICE_X13Y46         FDCE (Hold_fdce_C_D)         0.091     1.660    i_controller/FSM_sequential_state_reg[2]
  -------------------------------------------------------------------
                         required time                         -1.660    
                         arrival time                           2.020    
  -------------------------------------------------------------------
                         slack                                  0.360    

Slack (MET) :             0.442ns  (arrival time - required time)
  Source:                 i_controller/FSM_sequential_state_reg[0]/C
                            (rising edge-triggered cell FDPE clocked by clk  {rise@0.000ns fall@5.000ns period=10.000ns})
  Destination:            reg1_reg[5]/D
                            (rising edge-triggered cell FDCE clocked by clk  {rise@0.000ns fall@5.000ns period=10.000ns})
  Path Group:             clk
  Path Type:              Hold (Min at Fast Process Corner)
  Requirement:            0.000ns  (clk rise@0.000ns - clk rise@0.000ns)
  Data Path Delay:        0.550ns  (logic 0.186ns (33.834%)  route 0.364ns (66.166%))
  Logic Levels:           1  (LUT5=1)
  Clock Path Skew:        0.036ns (DCD - SCD - CPR)
    Destination Clock Delay (DCD):    2.087ns
    Source Clock Delay      (SCD):    1.569ns
    Clock Pessimism Removal (CPR):    0.482ns

    Location             Delay type                Incr(ns)  Path(ns)    Netlist Resource(s)
  -------------------------------------------------------------------    -------------------
                         (clock clk rise edge)        0.000     0.000 r  
    U7                                                0.000     0.000 r  clk (IN)
                         net (fo=0)                   0.000     0.000    clk
    U7                   IBUF (Prop_ibuf_I_O)         0.286     0.286 r  clk_IBUF_inst/O
                         net (fo=1, routed)           0.663     0.949    clk_IBUF
    BUFGCTRL_X0Y0        BUFG (Prop_bufg_I_O)         0.026     0.975 r  clk_IBUF_BUFG_inst/O
                         net (fo=51, routed)          0.594     1.569    i_controller/CLK
    SLICE_X13Y46         FDPE                                         r  i_controller/FSM_sequential_state_reg[0]/C
  -------------------------------------------------------------------    -------------------
    SLICE_X13Y46         FDPE (Prop_fdpe_C_Q)         0.141     1.710 r  i_controller/FSM_sequential_state_reg[0]/Q
                         net (fo=33, routed)          0.240     1.950    i_controller/state[0]
    SLICE_X17Y45         LUT5 (Prop_lut5_I1_O)        0.045     1.995 r  i_controller/reg1[5]_i_1/O
                         net (fo=3, routed)           0.124     2.119    data_out_0[5]
    SLICE_X17Y44         FDCE                                         r  reg1_reg[5]/D
  -------------------------------------------------------------------    -------------------

                         (clock clk rise edge)        0.000     0.000 r  
    U7                                                0.000     0.000 r  clk (IN)
                         net (fo=0)                   0.000     0.000    clk
    U7                   IBUF (Prop_ibuf_I_O)         0.476     0.476 r  clk_IBUF_inst/O
                         net (fo=1, routed)           0.719     1.195    clk_IBUF
    BUFGCTRL_X0Y0        BUFG (Prop_bufg_I_O)         0.029     1.224 r  clk_IBUF_BUFG_inst/O
                         net (fo=51, routed)          0.863     2.087    clk_IBUF_BUFG
    SLICE_X17Y44         FDCE                                         r  reg1_reg[5]/C
                         clock pessimism             -0.482     1.605    
    SLICE_X17Y44         FDCE (Hold_fdce_C_D)         0.072     1.677    reg1_reg[5]
  -------------------------------------------------------------------
                         required time                         -1.677    
                         arrival time                           2.119    
  -------------------------------------------------------------------
                         slack                                  0.442    

Slack (MET) :             0.466ns  (arrival time - required time)
  Source:                 i_controller/FSM_sequential_state_reg[1]/C
                            (rising edge-triggered cell FDCE clocked by clk  {rise@0.000ns fall@5.000ns period=10.000ns})
  Destination:            data_out_reg[11]/D
                            (rising edge-triggered cell FDCE clocked by clk  {rise@0.000ns fall@5.000ns period=10.000ns})
  Path Group:             clk
  Path Type:              Hold (Min at Fast Process Corner)
  Requirement:            0.000ns  (clk rise@0.000ns - clk rise@0.000ns)
  Data Path Delay:        0.623ns  (logic 0.186ns (29.858%)  route 0.437ns (70.142%))
  Logic Levels:           1  (LUT5=1)
  Clock Path Skew:        0.036ns (DCD - SCD - CPR)
    Destination Clock Delay (DCD):    2.087ns
    Source Clock Delay      (SCD):    1.569ns
    Clock Pessimism Removal (CPR):    0.482ns

    Location             Delay type                Incr(ns)  Path(ns)    Netlist Resource(s)
  -------------------------------------------------------------------    -------------------
                         (clock clk rise edge)        0.000     0.000 r  
    U7                                                0.000     0.000 r  clk (IN)
                         net (fo=0)                   0.000     0.000    clk
    U7                   IBUF (Prop_ibuf_I_O)         0.286     0.286 r  clk_IBUF_inst/O
                         net (fo=1, routed)           0.663     0.949    clk_IBUF
    BUFGCTRL_X0Y0        BUFG (Prop_bufg_I_O)         0.026     0.975 r  clk_IBUF_BUFG_inst/O
                         net (fo=51, routed)          0.594     1.569    i_controller/CLK
    SLICE_X13Y46         FDCE                                         r  i_controller/FSM_sequential_state_reg[1]/C
  -------------------------------------------------------------------    -------------------
    SLICE_X13Y46         FDCE (Prop_fdce_C_Q)         0.141     1.710 r  i_controller/FSM_sequential_state_reg[1]/Q
                         net (fo=33, routed)          0.437     2.147    i_controller/state[1]
    SLICE_X18Y46         LUT5 (Prop_lut5_I3_O)        0.045     2.192 r  i_controller/reg1[11]_i_1/O
                         net (fo=3, routed)           0.000     2.192    data_out_0[11]
    SLICE_X18Y46         FDCE                                         r  data_out_reg[11]/D
  -------------------------------------------------------------------    -------------------

                         (clock clk rise edge)        0.000     0.000 r  
    U7                                                0.000     0.000 r  clk (IN)
                         net (fo=0)                   0.000     0.000    clk
    U7                   IBUF (Prop_ibuf_I_O)         0.476     0.476 r  clk_IBUF_inst/O
                         net (fo=1, routed)           0.719     1.195    clk_IBUF
    BUFGCTRL_X0Y0        BUFG (Prop_bufg_I_O)         0.029     1.224 r  clk_IBUF_BUFG_inst/O
                         net (fo=51, routed)          0.863     2.087    clk_IBUF_BUFG
    SLICE_X18Y46         FDCE                                         r  data_out_reg[11]/C
                         clock pessimism             -0.482     1.605    
    SLICE_X18Y46         FDCE (Hold_fdce_C_D)         0.121     1.726    data_out_reg[11]
  -------------------------------------------------------------------
                         required time                         -1.726    
                         arrival time                           2.192    
  -------------------------------------------------------------------
                         slack                                  0.466    

Slack (MET) :             0.555ns  (arrival time - required time)
  Source:                 i_controller/FSM_sequential_state_reg[0]/C
                            (rising edge-triggered cell FDPE clocked by clk  {rise@0.000ns fall@5.000ns period=10.000ns})
  Destination:            reg0_reg[6]/D
                            (rising edge-triggered cell FDCE clocked by clk  {rise@0.000ns fall@5.000ns period=10.000ns})
  Path Group:             clk
  Path Type:              Hold (Min at Fast Process Corner)
  Requirement:            0.000ns  (clk rise@0.000ns - clk rise@0.000ns)
  Data Path Delay:        0.657ns  (logic 0.186ns (28.320%)  route 0.471ns (71.680%))
  Logic Levels:           1  (LUT5=1)
  Clock Path Skew:        0.036ns (DCD - SCD - CPR)
    Destination Clock Delay (DCD):    2.087ns
    Source Clock Delay      (SCD):    1.569ns
    Clock Pessimism Removal (CPR):    0.482ns

    Location             Delay type                Incr(ns)  Path(ns)    Netlist Resource(s)
  -------------------------------------------------------------------    -------------------
                         (clock clk rise edge)        0.000     0.000 r  
    U7                                                0.000     0.000 r  clk (IN)
                         net (fo=0)                   0.000     0.000    clk
    U7                   IBUF (Prop_ibuf_I_O)         0.286     0.286 r  clk_IBUF_inst/O
                         net (fo=1, routed)           0.663     0.949    clk_IBUF
    BUFGCTRL_X0Y0        BUFG (Prop_bufg_I_O)         0.026     0.975 r  clk_IBUF_BUFG_inst/O
                         net (fo=51, routed)          0.594     1.569    i_controller/CLK
    SLICE_X13Y46         FDPE                                         r  i_controller/FSM_sequential_state_reg[0]/C
  -------------------------------------------------------------------    -------------------
    SLICE_X13Y46         FDPE (Prop_fdpe_C_Q)         0.141     1.710 r  i_controller/FSM_sequential_state_reg[0]/Q
                         net (fo=33, routed)          0.358     2.068    i_controller/state[0]
    SLICE_X18Y45         LUT5 (Prop_lut5_I1_O)        0.045     2.113 r  i_controller/reg1[6]_i_1/O
                         net (fo=3, routed)           0.113     2.226    data_out_0[6]
    SLICE_X17Y46         FDCE                                         r  reg0_reg[6]/D
  -------------------------------------------------------------------    -------------------

                         (clock clk rise edge)        0.000     0.000 r  
    U7                                                0.000     0.000 r  clk (IN)
                         net (fo=0)                   0.000     0.000    clk
    U7                   IBUF (Prop_ibuf_I_O)         0.476     0.476 r  clk_IBUF_inst/O
                         net (fo=1, routed)           0.719     1.195    clk_IBUF
    BUFGCTRL_X0Y0        BUFG (Prop_bufg_I_O)         0.029     1.224 r  clk_IBUF_BUFG_inst/O
                         net (fo=51, routed)          0.863     2.087    clk_IBUF_BUFG
    SLICE_X17Y46         FDCE                                         r  reg0_reg[6]/C
                         clock pessimism             -0.482     1.605    
    SLICE_X17Y46         FDCE (Hold_fdce_C_D)         0.066     1.671    reg0_reg[6]
  -------------------------------------------------------------------
                         required time                         -1.671    
                         arrival time                           2.226    
  -------------------------------------------------------------------
                         slack                                  0.555    

Slack (MET) :             0.570ns  (arrival time - required time)
  Source:                 i_controller/FSM_sequential_state_reg[1]/C
                            (rising edge-triggered cell FDCE clocked by clk  {rise@0.000ns fall@5.000ns period=10.000ns})
  Destination:            reg1_reg[4]/D
                            (rising edge-triggered cell FDCE clocked by clk  {rise@0.000ns fall@5.000ns period=10.000ns})
  Path Group:             clk
  Path Type:              Hold (Min at Fast Process Corner)
  Requirement:            0.000ns  (clk rise@0.000ns - clk rise@0.000ns)
  Data Path Delay:        0.641ns  (logic 0.186ns (29.001%)  route 0.455ns (70.999%))
  Logic Levels:           1  (LUT5=1)
  Clock Path Skew:        0.016ns (DCD - SCD - CPR)
    Destination Clock Delay (DCD):    2.087ns
    Source Clock Delay      (SCD):    1.569ns
    Clock Pessimism Removal (CPR):    0.502ns

    Location             Delay type                Incr(ns)  Path(ns)    Netlist Resource(s)
  -------------------------------------------------------------------    -------------------
                         (clock clk rise edge)        0.000     0.000 r  
    U7                                                0.000     0.000 r  clk (IN)
                         net (fo=0)                   0.000     0.000    clk
    U7                   IBUF (Prop_ibuf_I_O)         0.286     0.286 r  clk_IBUF_inst/O
                         net (fo=1, routed)           0.663     0.949    clk_IBUF
    BUFGCTRL_X0Y0        BUFG (Prop_bufg_I_O)         0.026     0.975 r  clk_IBUF_BUFG_inst/O
                         net (fo=51, routed)          0.594     1.569    i_controller/CLK
    SLICE_X13Y46         FDCE                                         r  i_controller/FSM_sequential_state_reg[1]/C
  -------------------------------------------------------------------    -------------------
    SLICE_X13Y46         FDCE (Prop_fdce_C_Q)         0.141     1.710 r  i_controller/FSM_sequential_state_reg[1]/Q
                         net (fo=33, routed)          0.302     2.012    i_controller/state[1]
    SLICE_X18Y46         LUT5 (Prop_lut5_I3_O)        0.045     2.057 r  i_controller/reg1[4]_i_1/O
                         net (fo=3, routed)           0.153     2.210    data_out_0[4]
    SLICE_X15Y46         FDCE                                         r  reg1_reg[4]/D
  -------------------------------------------------------------------    -------------------

                         (clock clk rise edge)        0.000     0.000 r  
    U7                                                0.000     0.000 r  clk (IN)
                         net (fo=0)                   0.000     0.000    clk
    U7                   IBUF (Prop_ibuf_I_O)         0.476     0.476 r  clk_IBUF_inst/O
                         net (fo=1, routed)           0.719     1.195    clk_IBUF
    BUFGCTRL_X0Y0        BUFG (Prop_bufg_I_O)         0.029     1.224 r  clk_IBUF_BUFG_inst/O
                         net (fo=51, routed)          0.863     2.087    clk_IBUF_BUFG
    SLICE_X15Y46         FDCE                                         r  reg1_reg[4]/C
                         clock pessimism             -0.502     1.585    
    SLICE_X15Y46         FDCE (Hold_fdce_C_D)         0.055     1.640    reg1_reg[4]
  -------------------------------------------------------------------
                         required time                         -1.640    
                         arrival time                           2.210    
  -------------------------------------------------------------------
                         slack                                  0.570    

Slack (MET) :             0.575ns  (arrival time - required time)
  Source:                 i_controller/FSM_sequential_state_reg[2]/C
                            (rising edge-triggered cell FDCE clocked by clk  {rise@0.000ns fall@5.000ns period=10.000ns})
  Destination:            reg1_reg[0]/D
                            (rising edge-triggered cell FDCE clocked by clk  {rise@0.000ns fall@5.000ns period=10.000ns})
  Path Group:             clk
  Path Type:              Hold (Min at Fast Process Corner)
  Requirement:            0.000ns  (clk rise@0.000ns - clk rise@0.000ns)
  Data Path Delay:        0.681ns  (logic 0.186ns (27.295%)  route 0.495ns (72.705%))
  Logic Levels:           1  (LUT5=1)
  Clock Path Skew:        0.036ns (DCD - SCD - CPR)
    Destination Clock Delay (DCD):    2.087ns
    Source Clock Delay      (SCD):    1.569ns
    Clock Pessimism Removal (CPR):    0.482ns

    Location             Delay type                Incr(ns)  Path(ns)    Netlist Resource(s)
  -------------------------------------------------------------------    -------------------
                         (clock clk rise edge)        0.000     0.000 r  
    U7                                                0.000     0.000 r  clk (IN)
                         net (fo=0)                   0.000     0.000    clk
    U7                   IBUF (Prop_ibuf_I_O)         0.286     0.286 r  clk_IBUF_inst/O
                         net (fo=1, routed)           0.663     0.949    clk_IBUF
    BUFGCTRL_X0Y0        BUFG (Prop_bufg_I_O)         0.026     0.975 r  clk_IBUF_BUFG_inst/O
                         net (fo=51, routed)          0.594     1.569    i_controller/CLK
    SLICE_X13Y46         FDCE                                         r  i_controller/FSM_sequential_state_reg[2]/C
  -------------------------------------------------------------------    -------------------
    SLICE_X13Y46         FDCE (Prop_fdce_C_Q)         0.141     1.710 r  i_controller/FSM_sequential_state_reg[2]/Q
                         net (fo=32, routed)          0.309     2.019    i_controller/state[2]
    SLICE_X17Y44         LUT5 (Prop_lut5_I2_O)        0.045     2.064 r  i_controller/reg1[0]_i_1/O
                         net (fo=3, routed)           0.187     2.251    data_out_0[0]
    SLICE_X17Y44         FDCE                                         r  reg1_reg[0]/D
  -------------------------------------------------------------------    -------------------

                         (clock clk rise edge)        0.000     0.000 r  
    U7                                                0.000     0.000 r  clk (IN)
                         net (fo=0)                   0.000     0.000    clk
    U7                   IBUF (Prop_ibuf_I_O)         0.476     0.476 r  clk_IBUF_inst/O
                         net (fo=1, routed)           0.719     1.195    clk_IBUF
    BUFGCTRL_X0Y0        BUFG (Prop_bufg_I_O)         0.029     1.224 r  clk_IBUF_BUFG_inst/O
                         net (fo=51, routed)          0.863     2.087    clk_IBUF_BUFG
    SLICE_X17Y44         FDCE                                         r  reg1_reg[0]/C
                         clock pessimism             -0.482     1.605    
    SLICE_X17Y44         FDCE (Hold_fdce_C_D)         0.070     1.675    reg1_reg[0]
  -------------------------------------------------------------------
                         required time                         -1.675    
                         arrival time                           2.251    
  -------------------------------------------------------------------
                         slack                                  0.575    

Slack (MET) :             0.576ns  (arrival time - required time)
  Source:                 i_controller/FSM_sequential_state_reg[0]/C
                            (rising edge-triggered cell FDPE clocked by clk  {rise@0.000ns fall@5.000ns period=10.000ns})
  Destination:            reg1_reg[7]/D
                            (rising edge-triggered cell FDCE clocked by clk  {rise@0.000ns fall@5.000ns period=10.000ns})
  Path Group:             clk
  Path Type:              Hold (Min at Fast Process Corner)
  Requirement:            0.000ns  (clk rise@0.000ns - clk rise@0.000ns)
  Data Path Delay:        0.664ns  (logic 0.186ns (28.018%)  route 0.478ns (71.982%))
  Logic Levels:           1  (LUT5=1)
  Clock Path Skew:        0.036ns (DCD - SCD - CPR)
    Destination Clock Delay (DCD):    2.087ns
    Source Clock Delay      (SCD):    1.569ns
    Clock Pessimism Removal (CPR):    0.482ns

    Location             Delay type                Incr(ns)  Path(ns)    Netlist Resource(s)
  -------------------------------------------------------------------    -------------------
                         (clock clk rise edge)        0.000     0.000 r  
    U7                                                0.000     0.000 r  clk (IN)
                         net (fo=0)                   0.000     0.000    clk
    U7                   IBUF (Prop_ibuf_I_O)         0.286     0.286 r  clk_IBUF_inst/O
                         net (fo=1, routed)           0.663     0.949    clk_IBUF
    BUFGCTRL_X0Y0        BUFG (Prop_bufg_I_O)         0.026     0.975 r  clk_IBUF_BUFG_inst/O
                         net (fo=51, routed)          0.594     1.569    i_controller/CLK
    SLICE_X13Y46         FDPE                                         r  i_controller/FSM_sequential_state_reg[0]/C
  -------------------------------------------------------------------    -------------------
    SLICE_X13Y46         FDPE (Prop_fdpe_C_Q)         0.141     1.710 r  i_controller/FSM_sequential_state_reg[0]/Q
                         net (fo=33, routed)          0.342     2.052    i_controller/state[0]
    SLICE_X18Y45         LUT5 (Prop_lut5_I1_O)        0.045     2.097 r  i_controller/reg1[7]_i_1/O
                         net (fo=3, routed)           0.136     2.233    data_out_0[7]
    SLICE_X18Y45         FDCE                                         r  reg1_reg[7]/D
  -------------------------------------------------------------------    -------------------

                         (clock clk rise edge)        0.000     0.000 r  
    U7                                                0.000     0.000 r  clk (IN)
                         net (fo=0)                   0.000     0.000    clk
    U7                   IBUF (Prop_ibuf_I_O)         0.476     0.476 r  clk_IBUF_inst/O
                         net (fo=1, routed)           0.719     1.195    clk_IBUF
    BUFGCTRL_X0Y0        BUFG (Prop_bufg_I_O)         0.029     1.224 r  clk_IBUF_BUFG_inst/O
                         net (fo=51, routed)          0.863     2.087    clk_IBUF_BUFG
    SLICE_X18Y45         FDCE                                         r  reg1_reg[7]/C
                         clock pessimism             -0.482     1.605    
    SLICE_X18Y45         FDCE (Hold_fdce_C_D)         0.052     1.657    reg1_reg[7]
  -------------------------------------------------------------------
                         required time                         -1.657    
                         arrival time                           2.233    
  -------------------------------------------------------------------
                         slack                                  0.576    





Pulse Width Checks
--------------------------------------------------------------------------------------
Clock Name:         clk
Waveform(ns):       { 0.000 5.000 }
Period(ns):         10.000
Sources:            { clk }

Check Type        Corner  Lib Pin  Reference Pin  Required(ns)  Actual(ns)  Slack(ns)  Location       Pin
Min Period        n/a     BUFG/I   n/a            2.155         10.000      7.845      BUFGCTRL_X0Y0  clk_IBUF_BUFG_inst/I
Min Period        n/a     FDCE/C   n/a            1.000         10.000      9.000      SLICE_X18Y46   data_out_reg[0]/C
Min Period        n/a     FDCE/C   n/a            1.000         10.000      9.000      SLICE_X19Y48   data_out_reg[10]/C
Min Period        n/a     FDCE/C   n/a            1.000         10.000      9.000      SLICE_X18Y46   data_out_reg[11]/C
Min Period        n/a     FDCE/C   n/a            1.000         10.000      9.000      SLICE_X18Y48   data_out_reg[12]/C
Min Period        n/a     FDCE/C   n/a            1.000         10.000      9.000      SLICE_X18Y48   data_out_reg[13]/C
Min Period        n/a     FDCE/C   n/a            1.000         10.000      9.000      SLICE_X19Y48   data_out_reg[14]/C
Min Period        n/a     FDCE/C   n/a            1.000         10.000      9.000      SLICE_X18Y48   data_out_reg[15]/C
Min Period        n/a     FDCE/C   n/a            1.000         10.000      9.000      SLICE_X18Y48   data_out_reg[1]/C
Min Period        n/a     FDCE/C   n/a            1.000         10.000      9.000      SLICE_X18Y46   data_out_reg[2]/C
Low Pulse Width   Slow    FDCE/C   n/a            0.500         5.000       4.500      SLICE_X18Y46   data_out_reg[0]/C
Low Pulse Width   Fast    FDCE/C   n/a            0.500         5.000       4.500      SLICE_X18Y46   data_out_reg[0]/C
Low Pulse Width   Slow    FDCE/C   n/a            0.500         5.000       4.500      SLICE_X19Y48   data_out_reg[10]/C
Low Pulse Width   Fast    FDCE/C   n/a            0.500         5.000       4.500      SLICE_X19Y48   data_out_reg[10]/C
Low Pulse Width   Slow    FDCE/C   n/a            0.500         5.000       4.500      SLICE_X18Y46   data_out_reg[11]/C
Low Pulse Width   Fast    FDCE/C   n/a            0.500         5.000       4.500      SLICE_X18Y46   data_out_reg[11]/C
Low Pulse Width   Slow    FDCE/C   n/a            0.500         5.000       4.500      SLICE_X18Y48   data_out_reg[12]/C
Low Pulse Width   Fast    FDCE/C   n/a            0.500         5.000       4.500      SLICE_X18Y48   data_out_reg[12]/C
Low Pulse Width   Slow    FDCE/C   n/a            0.500         5.000       4.500      SLICE_X18Y48   data_out_reg[13]/C
Low Pulse Width   Fast    FDCE/C   n/a            0.500         5.000       4.500      SLICE_X18Y48   data_out_reg[13]/C
High Pulse Width  Slow    FDCE/C   n/a            0.500         5.000       4.500      SLICE_X18Y46   data_out_reg[0]/C
High Pulse Width  Fast    FDCE/C   n/a            0.500         5.000       4.500      SLICE_X18Y46   data_out_reg[0]/C
High Pulse Width  Slow    FDCE/C   n/a            0.500         5.000       4.500      SLICE_X19Y48   data_out_reg[10]/C
High Pulse Width  Fast    FDCE/C   n/a            0.500         5.000       4.500      SLICE_X19Y48   data_out_reg[10]/C
High Pulse Width  Slow    FDCE/C   n/a            0.500         5.000       4.500      SLICE_X18Y46   data_out_reg[11]/C
High Pulse Width  Fast    FDCE/C   n/a            0.500         5.000       4.500      SLICE_X18Y46   data_out_reg[11]/C
High Pulse Width  Slow    FDCE/C   n/a            0.500         5.000       4.500      SLICE_X18Y48   data_out_reg[12]/C
High Pulse Width  Fast    FDCE/C   n/a            0.500         5.000       4.500      SLICE_X18Y48   data_out_reg[12]/C
High Pulse Width  Slow    FDCE/C   n/a            0.500         5.000       4.500      SLICE_X18Y48   data_out_reg[13]/C
High Pulse Width  Fast    FDCE/C   n/a            0.500         5.000       4.500      SLICE_X18Y48   data_out_reg[13]/C



