Copyright 1986-2022 Xilinx, Inc. All Rights Reserved. Copyright 2022-2024 Advanced Micro Devices, Inc. All Rights Reserved.
------------------------------------------------------------------------------------------------------------------------------------------------------------------------------------------------------
| Tool Version : Vivado v.2024.1 (win64) Build 5076996 Wed May 22 18:37:14 MDT 2024
| Date         : Mon Sep  1 10:53:46 2025
| Host         : SusannesPC running 64-bit major release  (build 9200)
| Command      : report_timing_summary -max_paths 10 -report_unconstrained -file bft_timing_summary_routed.rpt -pb bft_timing_summary_routed.pb -rpx bft_timing_summary_routed.rpx -warn_on_violation
| Design       : bft
| Device       : 7z020-clg400
| Speed File   : -1  PRODUCTION 1.12 2019-11-22
| Design State : Routed
------------------------------------------------------------------------------------------------------------------------------------------------------------------------------------------------------

Timing Summary Report

------------------------------------------------------------------------------------------------
| Timer Settings
| --------------
------------------------------------------------------------------------------------------------

  Enable Multi Corner Analysis               :  Yes
  Enable Pessimism Removal                   :  Yes
  Pessimism Removal Resolution               :  Nearest Common Node
  Enable Input Delay Default Clock           :  No
  Enable Preset / Clear Arcs                 :  No
  Disable Flight Delays                      :  No
  Ignore I/O Paths                           :  No
  Timing Early Launch at Borrowing Latches   :  No
  Borrow Time for Max Delay Exceptions       :  Yes
  Merge Timing Exceptions                    :  Yes
  Inter-SLR Compensation                     :  Conservative

  Corner  Analyze    Analyze    
  Name    Max Paths  Min Paths  
  ------  ---------  ---------  
  Slow    Yes        Yes        
  Fast    Yes        Yes        


------------------------------------------------------------------------------------------------
| Report Methodology
| ------------------
------------------------------------------------------------------------------------------------

Rule       Severity  Description                    Violations  
---------  --------  -----------------------------  ----------  
TIMING-9   Warning   Unknown CDC Logic              1           
TIMING-18  Warning   Missing input or output delay  69          

Note: This report is based on the most recent report_methodology run and may not be up-to-date. Run report_methodology on the current design for the latest report.



check_timing report

Table of Contents
-----------------
1. checking no_clock (0)
2. checking constant_clock (0)
3. checking pulse_width_clock (0)
4. checking unconstrained_internal_endpoints (0)
5. checking no_input_delay (35)
6. checking no_output_delay (34)
7. checking multiple_clock (0)
8. checking generated_clocks (0)
9. checking loops (0)
10. checking partial_input_delay (0)
11. checking partial_output_delay (0)
12. checking latch_loops (0)

1. checking no_clock (0)
------------------------
 There are 0 register/latch pins with no clock.


2. checking constant_clock (0)
------------------------------
 There are 0 register/latch pins with constant_clock.


3. checking pulse_width_clock (0)
---------------------------------
 There are 0 register/latch pins which need pulse_width check


4. checking unconstrained_internal_endpoints (0)
------------------------------------------------
 There are 0 pins that are not constrained for maximum delay.

 There are 0 pins that are not constrained for maximum delay due to constant clock.


5. checking no_input_delay (35)
-------------------------------
 There are 35 input ports with no input delay specified. (HIGH)

 There are 0 input ports with no input delay but user has a false path constraint.


6. checking no_output_delay (34)
--------------------------------
 There are 34 ports with no output delay specified. (HIGH)

 There are 0 ports with no output delay but user has a false path constraint

 There are 0 ports with no output delay but with a timing clock defined on it or propagating through it


7. checking multiple_clock (0)
------------------------------
 There are 0 register/latch pins with multiple clocks.


8. checking generated_clocks (0)
--------------------------------
 There are 0 generated clocks that are not connected to a clock source.


9. checking loops (0)
---------------------
 There are 0 combinational loops in the design.


10. checking partial_input_delay (0)
------------------------------------
 There are 0 input ports with partial input delay specified.


11. checking partial_output_delay (0)
-------------------------------------
 There are 0 ports with partial output delay specified.


12. checking latch_loops (0)
----------------------------
 There are 0 combinational latch loops in the design through latch input



------------------------------------------------------------------------------------------------
| Design Timing Summary
| ---------------------
------------------------------------------------------------------------------------------------

    WNS(ns)      TNS(ns)  TNS Failing Endpoints  TNS Total Endpoints      WHS(ns)      THS(ns)  THS Failing Endpoints  THS Total Endpoints     WPWS(ns)     TPWS(ns)  TPWS Failing Endpoints  TPWS Total Endpoints  
    -------      -------  ---------------------  -------------------      -------      -------  ---------------------  -------------------     --------     --------  ----------------------  --------------------  
      0.407        0.000                      0                 7556        0.019        0.000                      0                 7556        1.116        0.000                       0                  1436  


All user specified timing constraints are met.


------------------------------------------------------------------------------------------------
| Clock Summary
| -------------
------------------------------------------------------------------------------------------------

Clock   Waveform(ns)         Period(ns)      Frequency(MHz)
-----   ------------         ----------      --------------
bftClk  {0.000 2.500}        5.000           200.000         
wbClk   {0.000 5.000}        10.000          100.000         


------------------------------------------------------------------------------------------------
| Intra Clock Table
| -----------------
------------------------------------------------------------------------------------------------

Clock             WNS(ns)      TNS(ns)  TNS Failing Endpoints  TNS Total Endpoints      WHS(ns)      THS(ns)  THS Failing Endpoints  THS Total Endpoints     WPWS(ns)     TPWS(ns)  TPWS Failing Endpoints  TPWS Total Endpoints  
-----             -------      -------  ---------------------  -------------------      -------      -------  ---------------------  -------------------     --------     --------  ----------------------  --------------------  
bftClk              0.407        0.000                      0                 5961        0.019        0.000                      0                 5961        1.116        0.000                       0                   731  
wbClk               4.151        0.000                      0                 1595        0.034        0.000                      0                 1595        4.500        0.000                       0                   705  


------------------------------------------------------------------------------------------------
| Inter Clock Table
| -----------------
------------------------------------------------------------------------------------------------

From Clock    To Clock          WNS(ns)      TNS(ns)  TNS Failing Endpoints  TNS Total Endpoints      WHS(ns)      THS(ns)  THS Failing Endpoints  THS Total Endpoints  
----------    --------          -------      -------  ---------------------  -------------------      -------      -------  ---------------------  -------------------  


------------------------------------------------------------------------------------------------
| Other Path Groups Table
| -----------------------
------------------------------------------------------------------------------------------------

Path Group    From Clock    To Clock          WNS(ns)      TNS(ns)  TNS Failing Endpoints  TNS Total Endpoints      WHS(ns)      THS(ns)  THS Failing Endpoints  THS Total Endpoints  
----------    ----------    --------          -------      -------  ---------------------  -------------------      -------      -------  ---------------------  -------------------  


------------------------------------------------------------------------------------------------
| User Ignored Path Table
| -----------------------
------------------------------------------------------------------------------------------------

Path Group    From Clock    To Clock    
----------    ----------    --------    
(none)        wbClk         bftClk        
(none)        bftClk        wbClk         


------------------------------------------------------------------------------------------------
| Unconstrained Path Table
| ------------------------
------------------------------------------------------------------------------------------------

Path Group    From Clock    To Clock    
----------    ----------    --------    
(none)        wbClk                       
(none)                      bftClk        
(none)                      wbClk         


------------------------------------------------------------------------------------------------
| Timing Details
| --------------
------------------------------------------------------------------------------------------------


---------------------------------------------------------------------------------------------------
From Clock:  bftClk
  To Clock:  bftClk

Setup :            0  Failing Endpoints,  Worst Slack        0.407ns,  Total Violation        0.000ns
Hold  :            0  Failing Endpoints,  Worst Slack        0.019ns,  Total Violation        0.000ns
PW    :            0  Failing Endpoints,  Worst Slack        1.116ns,  Total Violation        0.000ns
---------------------------------------------------------------------------------------------------


Max Delay Paths
--------------------------------------------------------------------------------------
Slack (MET) :             0.407ns  (required time - arrival time)
  Source:                 arnd3/transformLoop[1].ct0/xOutReg_reg/CLK
                            (rising edge-triggered cell DSP48E1 clocked by bftClk  {rise@0.000ns fall@2.500ns period=5.000ns})
  Destination:            arnd4/transformLoop[1].ct/xOutStepReg_reg/C[2]
                            (rising edge-triggered cell DSP48E1 clocked by bftClk  {rise@0.000ns fall@2.500ns period=5.000ns})
  Path Group:             bftClk
  Path Type:              Setup (Max at Slow Process Corner)
  Requirement:            5.000ns  (bftClk rise@5.000ns - bftClk rise@0.000ns)
  Data Path Delay:        4.072ns  (logic 0.591ns (14.514%)  route 3.481ns (85.486%))
  Logic Levels:           1  (LUT2=1)
  Clock Path Skew:        -0.021ns (DCD - SCD + CPR)
    Destination Clock Delay (DCD):    6.339ns = ( 11.339 - 5.000 ) 
    Source Clock Delay      (SCD):    6.994ns
    Clock Pessimism Removal (CPR):    0.634ns
  Clock Uncertainty:      0.035ns  ((TSJ^2 + TIJ^2)^1/2 + DJ) / 2 + PE
    Total System Jitter     (TSJ):    0.071ns
    Total Input Jitter      (TIJ):    0.000ns
    Discrete Jitter          (DJ):    0.000ns
    Phase Error              (PE):    0.000ns

    Location             Delay type                Incr(ns)  Path(ns)    Netlist Resource(s)
  -------------------------------------------------------------------    -------------------
                         (clock bftClk rise edge)     0.000     0.000 r  
    H15                                               0.000     0.000 r  bftClk (IN)
                         net (fo=0)                   0.000     0.000    bftClk
    H15                  IBUF (Prop_ibuf_I_O)         1.500     1.500 r  bftClk_IBUF_inst/O
                         net (fo=1, routed)           3.659     5.159    bftClk_IBUF
    BUFGCTRL_X0Y0        BUFG (Prop_bufg_I_O)         0.101     5.260 r  bftClk_IBUF_BUFG_inst/O
                         net (fo=730, routed)         1.734     6.994    arnd3/transformLoop[1].ct0/clk
    DSP48_X2Y27          DSP48E1                                      r  arnd3/transformLoop[1].ct0/xOutReg_reg/CLK
  -------------------------------------------------------------------    -------------------
    DSP48_X2Y27          DSP48E1 (Prop_dsp48e1_CLK_P[18])
                                                      0.434     7.428 r  arnd3/transformLoop[1].ct0/xOutReg_reg/P[18]
                         net (fo=1, routed)           1.316     8.744    arnd3/transformLoop[1].ct0/xOutReg_reg_n_87
    SLICE_X36Y65         LUT2 (Prop_lut2_I0_O)        0.157     8.901 r  arnd3/transformLoop[1].ct0/xOutReg_reg_i_30/O
                         net (fo=2, routed)           2.164    11.066    arnd4/transformLoop[1].ct/xOut[1][2]
    DSP48_X4Y24          DSP48E1                                      r  arnd4/transformLoop[1].ct/xOutStepReg_reg/C[2]
  -------------------------------------------------------------------    -------------------

                         (clock bftClk rise edge)     5.000     5.000 r  
    H15                                               0.000     5.000 r  bftClk (IN)
                         net (fo=0)                   0.000     5.000    bftClk
    H15                  IBUF (Prop_ibuf_I_O)         1.430     6.430 r  bftClk_IBUF_inst/O
                         net (fo=1, routed)           3.120     9.550    bftClk_IBUF
    BUFGCTRL_X0Y0        BUFG (Prop_bufg_I_O)         0.091     9.641 r  bftClk_IBUF_BUFG_inst/O
                         net (fo=730, routed)         1.698    11.339    arnd4/transformLoop[1].ct/clk
    DSP48_X4Y24          DSP48E1                                      r  arnd4/transformLoop[1].ct/xOutStepReg_reg/CLK
                         clock pessimism              0.634    11.973    
                         clock uncertainty           -0.035    11.937    
    DSP48_X4Y24          DSP48E1 (Setup_dsp48e1_CLK_C[2])
                                                     -0.464    11.473    arnd4/transformLoop[1].ct/xOutStepReg_reg
  -------------------------------------------------------------------
                         required time                         11.473    
                         arrival time                         -11.066    
  -------------------------------------------------------------------
                         slack                                  0.407    

Slack (MET) :             0.431ns  (required time - arrival time)
  Source:                 arnd2/ct6/xOutReg_reg/CLK
                            (rising edge-triggered cell DSP48E1 clocked by bftClk  {rise@0.000ns fall@2.500ns period=5.000ns})
  Destination:            arnd3/transformLoop[0].ct1/xOutStepReg_reg/B[2]
                            (rising edge-triggered cell DSP48E1 clocked by bftClk  {rise@0.000ns fall@2.500ns period=5.000ns})
  Path Group:             bftClk
  Path Type:              Setup (Max at Slow Process Corner)
  Requirement:            5.000ns  (bftClk rise@5.000ns - bftClk rise@0.000ns)
  Data Path Delay:        3.779ns  (logic 0.558ns (14.767%)  route 3.221ns (85.232%))
  Logic Levels:           1  (LUT2=1)
  Clock Path Skew:        -0.305ns (DCD - SCD + CPR)
    Destination Clock Delay (DCD):    6.209ns = ( 11.209 - 5.000 ) 
    Source Clock Delay      (SCD):    7.147ns
    Clock Pessimism Removal (CPR):    0.634ns
  Clock Uncertainty:      0.035ns  ((TSJ^2 + TIJ^2)^1/2 + DJ) / 2 + PE
    Total System Jitter     (TSJ):    0.071ns
    Total Input Jitter      (TIJ):    0.000ns
    Discrete Jitter          (DJ):    0.000ns
    Phase Error              (PE):    0.000ns

    Location             Delay type                Incr(ns)  Path(ns)    Netlist Resource(s)
  -------------------------------------------------------------------    -------------------
                         (clock bftClk rise edge)     0.000     0.000 r  
    H15                                               0.000     0.000 r  bftClk (IN)
                         net (fo=0)                   0.000     0.000    bftClk
    H15                  IBUF (Prop_ibuf_I_O)         1.500     1.500 r  bftClk_IBUF_inst/O
                         net (fo=1, routed)           3.659     5.159    bftClk_IBUF
    BUFGCTRL_X0Y0        BUFG (Prop_bufg_I_O)         0.101     5.260 r  bftClk_IBUF_BUFG_inst/O
                         net (fo=730, routed)         1.887     7.147    arnd2/ct6/clk
    DSP48_X3Y18          DSP48E1                                      r  arnd2/ct6/xOutReg_reg/CLK
  -------------------------------------------------------------------    -------------------
    DSP48_X3Y18          DSP48E1 (Prop_dsp48e1_CLK_P[18])
                                                      0.434     7.581 r  arnd2/ct6/xOutReg_reg/P[18]
                         net (fo=1, routed)           1.063     8.644    arnd2/ct6/xOutReg_reg_n_87
    SLICE_X92Y45         LUT2 (Prop_lut2_I0_O)        0.124     8.768 r  arnd2/ct6/xOutReg_reg_i_14/O
                         net (fo=2, routed)           2.157    10.926    arnd3/transformLoop[0].ct1/xOutStepReg_reg_0[2]
    DSP48_X2Y10          DSP48E1                                      r  arnd3/transformLoop[0].ct1/xOutStepReg_reg/B[2]
  -------------------------------------------------------------------    -------------------

                         (clock bftClk rise edge)     5.000     5.000 r  
    H15                                               0.000     5.000 r  bftClk (IN)
                         net (fo=0)                   0.000     5.000    bftClk
    H15                  IBUF (Prop_ibuf_I_O)         1.430     6.430 r  bftClk_IBUF_inst/O
                         net (fo=1, routed)           3.120     9.550    bftClk_IBUF
    BUFGCTRL_X0Y0        BUFG (Prop_bufg_I_O)         0.091     9.641 r  bftClk_IBUF_BUFG_inst/O
                         net (fo=730, routed)         1.568    11.209    arnd3/transformLoop[0].ct1/clk
    DSP48_X2Y10          DSP48E1                                      r  arnd3/transformLoop[0].ct1/xOutStepReg_reg/CLK
                         clock pessimism              0.634    11.842    
                         clock uncertainty           -0.035    11.807    
    DSP48_X2Y10          DSP48E1 (Setup_dsp48e1_CLK_B[2])
                                                     -0.450    11.357    arnd3/transformLoop[0].ct1/xOutStepReg_reg
  -------------------------------------------------------------------
                         required time                         11.357    
                         arrival time                         -10.926    
  -------------------------------------------------------------------
                         slack                                  0.431    

Slack (MET) :             0.484ns  (required time - arrival time)
  Source:                 arnd3/transformLoop[3].ct1/xOutReg_reg/CLK
                            (rising edge-triggered cell DSP48E1 clocked by bftClk  {rise@0.000ns fall@2.500ns period=5.000ns})
  Destination:            arnd4/transformLoop[3].ct/xOutReg_reg/B[16]
                            (rising edge-triggered cell DSP48E1 clocked by bftClk  {rise@0.000ns fall@2.500ns period=5.000ns})
  Path Group:             bftClk
  Path Type:              Setup (Max at Slow Process Corner)
  Requirement:            5.000ns  (bftClk rise@5.000ns - bftClk rise@0.000ns)
  Data Path Delay:        3.739ns  (logic 0.558ns (14.922%)  route 3.181ns (85.077%))
  Logic Levels:           1  (LUT2=1)
  Clock Path Skew:        -0.292ns (DCD - SCD + CPR)
    Destination Clock Delay (DCD):    6.214ns = ( 11.214 - 5.000 ) 
    Source Clock Delay      (SCD):    7.139ns
    Clock Pessimism Removal (CPR):    0.634ns
  Clock Uncertainty:      0.035ns  ((TSJ^2 + TIJ^2)^1/2 + DJ) / 2 + PE
    Total System Jitter     (TSJ):    0.071ns
    Total Input Jitter      (TIJ):    0.000ns
    Discrete Jitter          (DJ):    0.000ns
    Phase Error              (PE):    0.000ns

    Location             Delay type                Incr(ns)  Path(ns)    Netlist Resource(s)
  -------------------------------------------------------------------    -------------------
                         (clock bftClk rise edge)     0.000     0.000 r  
    H15                                               0.000     0.000 r  bftClk (IN)
                         net (fo=0)                   0.000     0.000    bftClk
    H15                  IBUF (Prop_ibuf_I_O)         1.500     1.500 r  bftClk_IBUF_inst/O
                         net (fo=1, routed)           3.659     5.159    bftClk_IBUF
    BUFGCTRL_X0Y0        BUFG (Prop_bufg_I_O)         0.101     5.260 r  bftClk_IBUF_BUFG_inst/O
                         net (fo=730, routed)         1.879     7.139    arnd3/transformLoop[3].ct1/clk
    DSP48_X3Y6           DSP48E1                                      r  arnd3/transformLoop[3].ct1/xOutReg_reg/CLK
  -------------------------------------------------------------------    -------------------
    DSP48_X3Y6           DSP48E1 (Prop_dsp48e1_CLK_P[31])
                                                      0.434     7.573 r  arnd3/transformLoop[3].ct1/xOutReg_reg/P[31]
                         net (fo=1, routed)           2.171     9.744    arnd3/transformLoop[3].ct1/xOutReg_reg_n_74
    SLICE_X37Y23         LUT2 (Prop_lut2_I0_O)        0.124     9.868 r  arnd3/transformLoop[3].ct1/xOutReg_reg_i_1/O
                         net (fo=6, routed)           1.010    10.878    arnd4/transformLoop[3].ct/xOutStepReg_reg_1[15]
    DSP48_X2Y12          DSP48E1                                      r  arnd4/transformLoop[3].ct/xOutReg_reg/B[16]
  -------------------------------------------------------------------    -------------------

                         (clock bftClk rise edge)     5.000     5.000 r  
    H15                                               0.000     5.000 r  bftClk (IN)
                         net (fo=0)                   0.000     5.000    bftClk
    H15                  IBUF (Prop_ibuf_I_O)         1.430     6.430 r  bftClk_IBUF_inst/O
                         net (fo=1, routed)           3.120     9.550    bftClk_IBUF
    BUFGCTRL_X0Y0        BUFG (Prop_bufg_I_O)         0.091     9.641 r  bftClk_IBUF_BUFG_inst/O
                         net (fo=730, routed)         1.573    11.214    arnd4/transformLoop[3].ct/clk
    DSP48_X2Y12          DSP48E1                                      r  arnd4/transformLoop[3].ct/xOutReg_reg/CLK
                         clock pessimism              0.634    11.847    
                         clock uncertainty           -0.035    11.812    
    DSP48_X2Y12          DSP48E1 (Setup_dsp48e1_CLK_B[16])
                                                     -0.450    11.362    arnd4/transformLoop[3].ct/xOutReg_reg
  -------------------------------------------------------------------
                         required time                         11.362    
                         arrival time                         -10.878    
  -------------------------------------------------------------------
                         slack                                  0.484    

Slack (MET) :             0.484ns  (required time - arrival time)
  Source:                 arnd3/transformLoop[3].ct1/xOutReg_reg/CLK
                            (rising edge-triggered cell DSP48E1 clocked by bftClk  {rise@0.000ns fall@2.500ns period=5.000ns})
  Destination:            arnd4/transformLoop[3].ct/xOutReg_reg/B[17]
                            (rising edge-triggered cell DSP48E1 clocked by bftClk  {rise@0.000ns fall@2.500ns period=5.000ns})
  Path Group:             bftClk
  Path Type:              Setup (Max at Slow Process Corner)
  Requirement:            5.000ns  (bftClk rise@5.000ns - bftClk rise@0.000ns)
  Data Path Delay:        3.739ns  (logic 0.558ns (14.922%)  route 3.181ns (85.077%))
  Logic Levels:           1  (LUT2=1)
  Clock Path Skew:        -0.292ns (DCD - SCD + CPR)
    Destination Clock Delay (DCD):    6.214ns = ( 11.214 - 5.000 ) 
    Source Clock Delay      (SCD):    7.139ns
    Clock Pessimism Removal (CPR):    0.634ns
  Clock Uncertainty:      0.035ns  ((TSJ^2 + TIJ^2)^1/2 + DJ) / 2 + PE
    Total System Jitter     (TSJ):    0.071ns
    Total Input Jitter      (TIJ):    0.000ns
    Discrete Jitter          (DJ):    0.000ns
    Phase Error              (PE):    0.000ns

    Location             Delay type                Incr(ns)  Path(ns)    Netlist Resource(s)
  -------------------------------------------------------------------    -------------------
                         (clock bftClk rise edge)     0.000     0.000 r  
    H15                                               0.000     0.000 r  bftClk (IN)
                         net (fo=0)                   0.000     0.000    bftClk
    H15                  IBUF (Prop_ibuf_I_O)         1.500     1.500 r  bftClk_IBUF_inst/O
                         net (fo=1, routed)           3.659     5.159    bftClk_IBUF
    BUFGCTRL_X0Y0        BUFG (Prop_bufg_I_O)         0.101     5.260 r  bftClk_IBUF_BUFG_inst/O
                         net (fo=730, routed)         1.879     7.139    arnd3/transformLoop[3].ct1/clk
    DSP48_X3Y6           DSP48E1                                      r  arnd3/transformLoop[3].ct1/xOutReg_reg/CLK
  -------------------------------------------------------------------    -------------------
    DSP48_X3Y6           DSP48E1 (Prop_dsp48e1_CLK_P[31])
                                                      0.434     7.573 r  arnd3/transformLoop[3].ct1/xOutReg_reg/P[31]
                         net (fo=1, routed)           2.171     9.744    arnd3/transformLoop[3].ct1/xOutReg_reg_n_74
    SLICE_X37Y23         LUT2 (Prop_lut2_I0_O)        0.124     9.868 r  arnd3/transformLoop[3].ct1/xOutReg_reg_i_1/O
                         net (fo=6, routed)           1.010    10.878    arnd4/transformLoop[3].ct/xOutStepReg_reg_1[15]
    DSP48_X2Y12          DSP48E1                                      r  arnd4/transformLoop[3].ct/xOutReg_reg/B[17]
  -------------------------------------------------------------------    -------------------

                         (clock bftClk rise edge)     5.000     5.000 r  
    H15                                               0.000     5.000 r  bftClk (IN)
                         net (fo=0)                   0.000     5.000    bftClk
    H15                  IBUF (Prop_ibuf_I_O)         1.430     6.430 r  bftClk_IBUF_inst/O
                         net (fo=1, routed)           3.120     9.550    bftClk_IBUF
    BUFGCTRL_X0Y0        BUFG (Prop_bufg_I_O)         0.091     9.641 r  bftClk_IBUF_BUFG_inst/O
                         net (fo=730, routed)         1.573    11.214    arnd4/transformLoop[3].ct/clk
    DSP48_X2Y12          DSP48E1                                      r  arnd4/transformLoop[3].ct/xOutReg_reg/CLK
                         clock pessimism              0.634    11.847    
                         clock uncertainty           -0.035    11.812    
    DSP48_X2Y12          DSP48E1 (Setup_dsp48e1_CLK_B[17])
                                                     -0.450    11.362    arnd4/transformLoop[3].ct/xOutReg_reg
  -------------------------------------------------------------------
                         required time                         11.362    
                         arrival time                         -10.878    
  -------------------------------------------------------------------
                         slack                                  0.484    

Slack (MET) :             0.507ns  (required time - arrival time)
  Source:                 arnd4/transformLoop[5].ct/xOutStepReg_reg/CLK
                            (rising edge-triggered cell DSP48E1 clocked by bftClk  {rise@0.000ns fall@2.500ns period=5.000ns})
  Destination:            egressLoop[6].egressFifo/buffer_fifo/infer_fifo.block_ram_performance.fifo_ram_reg/DIADI[16]
                            (rising edge-triggered cell RAMB36E1 clocked by bftClk  {rise@0.000ns fall@2.500ns period=5.000ns})
  Path Group:             bftClk
  Path Type:              Setup (Max at Slow Process Corner)
  Requirement:            5.000ns  (bftClk rise@5.000ns - bftClk rise@0.000ns)
  Data Path Delay:        3.507ns  (logic 0.558ns (15.910%)  route 2.949ns (84.090%))
  Logic Levels:           1  (LUT2=1)
  Clock Path Skew:        -0.214ns (DCD - SCD + CPR)
    Destination Clock Delay (DCD):    6.303ns = ( 11.303 - 5.000 ) 
    Source Clock Delay      (SCD):    7.136ns
    Clock Pessimism Removal (CPR):    0.620ns
  Clock Uncertainty:      0.035ns  ((TSJ^2 + TIJ^2)^1/2 + DJ) / 2 + PE
    Total System Jitter     (TSJ):    0.071ns
    Total Input Jitter      (TIJ):    0.000ns
    Discrete Jitter          (DJ):    0.000ns
    Phase Error              (PE):    0.000ns

    Location             Delay type                Incr(ns)  Path(ns)    Netlist Resource(s)
  -------------------------------------------------------------------    -------------------
                         (clock bftClk rise edge)     0.000     0.000 r  
    H15                                               0.000     0.000 r  bftClk (IN)
                         net (fo=0)                   0.000     0.000    bftClk
    H15                  IBUF (Prop_ibuf_I_O)         1.500     1.500 r  bftClk_IBUF_inst/O
                         net (fo=1, routed)           3.659     5.159    bftClk_IBUF
    BUFGCTRL_X0Y0        BUFG (Prop_bufg_I_O)         0.101     5.260 r  bftClk_IBUF_BUFG_inst/O
                         net (fo=730, routed)         1.876     7.136    arnd4/transformLoop[5].ct/clk
    DSP48_X3Y22          DSP48E1                                      r  arnd4/transformLoop[5].ct/xOutStepReg_reg/CLK
  -------------------------------------------------------------------    -------------------
    DSP48_X3Y22          DSP48E1 (Prop_dsp48e1_CLK_P[16])
                                                      0.434     7.570 r  arnd4/transformLoop[5].ct/xOutStepReg_reg/P[16]
                         net (fo=1, routed)           1.838     9.408    arnd4/transformLoop[5].ct/xOutStepReg_reg_n_89
    SLICE_X56Y40         LUT2 (Prop_lut2_I0_O)        0.124     9.532 r  arnd4/transformLoop[5].ct/infer_fifo.block_ram_performance.fifo_ram_reg_i_17__0/O
                         net (fo=1, routed)           1.111    10.643    egressLoop[6].egressFifo/buffer_fifo/din[16]
    RAMB36_X4Y8          RAMB36E1                                     r  egressLoop[6].egressFifo/buffer_fifo/infer_fifo.block_ram_performance.fifo_ram_reg/DIADI[16]
  -------------------------------------------------------------------    -------------------

                         (clock bftClk rise edge)     5.000     5.000 r  
    H15                                               0.000     5.000 r  bftClk (IN)
                         net (fo=0)                   0.000     5.000    bftClk
    H15                  IBUF (Prop_ibuf_I_O)         1.430     6.430 r  bftClk_IBUF_inst/O
                         net (fo=1, routed)           3.120     9.550    bftClk_IBUF
    BUFGCTRL_X0Y0        BUFG (Prop_bufg_I_O)         0.091     9.641 r  bftClk_IBUF_BUFG_inst/O
                         net (fo=730, routed)         1.662    11.303    egressLoop[6].egressFifo/buffer_fifo/clk
    RAMB36_X4Y8          RAMB36E1                                     r  egressLoop[6].egressFifo/buffer_fifo/infer_fifo.block_ram_performance.fifo_ram_reg/CLKARDCLK
                         clock pessimism              0.620    11.922    
                         clock uncertainty           -0.035    11.887    
    RAMB36_X4Y8          RAMB36E1 (Setup_ramb36e1_CLKARDCLK_DIADI[16])
                                                     -0.737    11.150    egressLoop[6].egressFifo/buffer_fifo/infer_fifo.block_ram_performance.fifo_ram_reg
  -------------------------------------------------------------------
                         required time                         11.150    
                         arrival time                         -10.643    
  -------------------------------------------------------------------
                         slack                                  0.507    

Slack (MET) :             0.514ns  (required time - arrival time)
  Source:                 arnd2/ct6/xOutReg_reg/CLK
                            (rising edge-triggered cell DSP48E1 clocked by bftClk  {rise@0.000ns fall@2.500ns period=5.000ns})
  Destination:            arnd3/transformLoop[0].ct1/xOutStepReg_reg/B[10]
                            (rising edge-triggered cell DSP48E1 clocked by bftClk  {rise@0.000ns fall@2.500ns period=5.000ns})
  Path Group:             bftClk
  Path Type:              Setup (Max at Slow Process Corner)
  Requirement:            5.000ns  (bftClk rise@5.000ns - bftClk rise@0.000ns)
  Data Path Delay:        3.696ns  (logic 0.558ns (15.097%)  route 3.138ns (84.903%))
  Logic Levels:           1  (LUT2=1)
  Clock Path Skew:        -0.305ns (DCD - SCD + CPR)
    Destination Clock Delay (DCD):    6.209ns = ( 11.209 - 5.000 ) 
    Source Clock Delay      (SCD):    7.147ns
    Clock Pessimism Removal (CPR):    0.634ns
  Clock Uncertainty:      0.035ns  ((TSJ^2 + TIJ^2)^1/2 + DJ) / 2 + PE
    Total System Jitter     (TSJ):    0.071ns
    Total Input Jitter      (TIJ):    0.000ns
    Discrete Jitter          (DJ):    0.000ns
    Phase Error              (PE):    0.000ns

    Location             Delay type                Incr(ns)  Path(ns)    Netlist Resource(s)
  -------------------------------------------------------------------    -------------------
                         (clock bftClk rise edge)     0.000     0.000 r  
    H15                                               0.000     0.000 r  bftClk (IN)
                         net (fo=0)                   0.000     0.000    bftClk
    H15                  IBUF (Prop_ibuf_I_O)         1.500     1.500 r  bftClk_IBUF_inst/O
                         net (fo=1, routed)           3.659     5.159    bftClk_IBUF
    BUFGCTRL_X0Y0        BUFG (Prop_bufg_I_O)         0.101     5.260 r  bftClk_IBUF_BUFG_inst/O
                         net (fo=730, routed)         1.887     7.147    arnd2/ct6/clk
    DSP48_X3Y18          DSP48E1                                      r  arnd2/ct6/xOutReg_reg/CLK
  -------------------------------------------------------------------    -------------------
    DSP48_X3Y18          DSP48E1 (Prop_dsp48e1_CLK_P[26])
                                                      0.434     7.581 r  arnd2/ct6/xOutReg_reg/P[26]
                         net (fo=1, routed)           0.826     8.407    arnd2/ct6/xOutReg_reg_n_79
    SLICE_X94Y46         LUT2 (Prop_lut2_I0_O)        0.124     8.531 r  arnd2/ct6/xOutReg_reg_i_6/O
                         net (fo=2, routed)           2.312    10.843    arnd3/transformLoop[0].ct1/xOutStepReg_reg_0[10]
    DSP48_X2Y10          DSP48E1                                      r  arnd3/transformLoop[0].ct1/xOutStepReg_reg/B[10]
  -------------------------------------------------------------------    -------------------

                         (clock bftClk rise edge)     5.000     5.000 r  
    H15                                               0.000     5.000 r  bftClk (IN)
                         net (fo=0)                   0.000     5.000    bftClk
    H15                  IBUF (Prop_ibuf_I_O)         1.430     6.430 r  bftClk_IBUF_inst/O
                         net (fo=1, routed)           3.120     9.550    bftClk_IBUF
    BUFGCTRL_X0Y0        BUFG (Prop_bufg_I_O)         0.091     9.641 r  bftClk_IBUF_BUFG_inst/O
                         net (fo=730, routed)         1.568    11.209    arnd3/transformLoop[0].ct1/clk
    DSP48_X2Y10          DSP48E1                                      r  arnd3/transformLoop[0].ct1/xOutStepReg_reg/CLK
                         clock pessimism              0.634    11.842    
                         clock uncertainty           -0.035    11.807    
    DSP48_X2Y10          DSP48E1 (Setup_dsp48e1_CLK_B[10])
                                                     -0.450    11.357    arnd3/transformLoop[0].ct1/xOutStepReg_reg
  -------------------------------------------------------------------
                         required time                         11.357    
                         arrival time                         -10.843    
  -------------------------------------------------------------------
                         slack                                  0.514    

Slack (MET) :             0.516ns  (required time - arrival time)
  Source:                 ingressLoop[6].ingressFifo/buffer_fifo/infer_fifo.block_ram_performance.fifo_ram_reg/CLKBWRCLK
                            (rising edge-triggered cell RAMB36E1 clocked by bftClk  {rise@0.000ns fall@2.500ns period=5.000ns})
  Destination:            arnd1/transformLoop[6].ct/xOutStepReg_reg/C[17]
                            (rising edge-triggered cell DSP48E1 clocked by bftClk  {rise@0.000ns fall@2.500ns period=5.000ns})
  Path Group:             bftClk
  Path Type:              Setup (Max at Slow Process Corner)
  Requirement:            5.000ns  (bftClk rise@5.000ns - bftClk rise@0.000ns)
  Data Path Delay:        4.200ns  (logic 2.454ns (58.427%)  route 1.746ns (41.573%))
  Logic Levels:           0  
  Clock Path Skew:        -0.016ns (DCD - SCD + CPR)
    Destination Clock Delay (DCD):    6.334ns = ( 11.334 - 5.000 ) 
    Source Clock Delay      (SCD):    7.084ns
    Clock Pessimism Removal (CPR):    0.734ns
  Clock Uncertainty:      0.035ns  ((TSJ^2 + TIJ^2)^1/2 + DJ) / 2 + PE
    Total System Jitter     (TSJ):    0.071ns
    Total Input Jitter      (TIJ):    0.000ns
    Discrete Jitter          (DJ):    0.000ns
    Phase Error              (PE):    0.000ns

    Location             Delay type                Incr(ns)  Path(ns)    Netlist Resource(s)
  -------------------------------------------------------------------    -------------------
                         (clock bftClk rise edge)     0.000     0.000 r  
    H15                                               0.000     0.000 r  bftClk (IN)
                         net (fo=0)                   0.000     0.000    bftClk
    H15                  IBUF (Prop_ibuf_I_O)         1.500     1.500 r  bftClk_IBUF_inst/O
                         net (fo=1, routed)           3.659     5.159    bftClk_IBUF
    BUFGCTRL_X0Y0        BUFG (Prop_bufg_I_O)         0.101     5.260 r  bftClk_IBUF_BUFG_inst/O
                         net (fo=730, routed)         1.823     7.084    ingressLoop[6].ingressFifo/buffer_fifo/clk
    RAMB36_X4Y12         RAMB36E1                                     r  ingressLoop[6].ingressFifo/buffer_fifo/infer_fifo.block_ram_performance.fifo_ram_reg/CLKBWRCLK
  -------------------------------------------------------------------    -------------------
    RAMB36_X4Y12         RAMB36E1 (Prop_ramb36e1_CLKBWRCLK_DOBDO[15])
                                                      2.454     9.538 r  ingressLoop[6].ingressFifo/buffer_fifo/infer_fifo.block_ram_performance.fifo_ram_reg/DOBDO[15]
                         net (fo=66, routed)          1.746    11.284    arnd1/transformLoop[6].ct/xOutStepReg_reg_0[15]
    DSP48_X3Y25          DSP48E1                                      r  arnd1/transformLoop[6].ct/xOutStepReg_reg/C[17]
  -------------------------------------------------------------------    -------------------

                         (clock bftClk rise edge)     5.000     5.000 r  
    H15                                               0.000     5.000 r  bftClk (IN)
                         net (fo=0)                   0.000     5.000    bftClk
    H15                  IBUF (Prop_ibuf_I_O)         1.430     6.430 r  bftClk_IBUF_inst/O
                         net (fo=1, routed)           3.120     9.550    bftClk_IBUF
    BUFGCTRL_X0Y0        BUFG (Prop_bufg_I_O)         0.091     9.641 r  bftClk_IBUF_BUFG_inst/O
                         net (fo=730, routed)         1.693    11.334    arnd1/transformLoop[6].ct/clk
    DSP48_X3Y25          DSP48E1                                      r  arnd1/transformLoop[6].ct/xOutStepReg_reg/CLK
                         clock pessimism              0.734    12.068    
                         clock uncertainty           -0.035    12.033    
    DSP48_X3Y25          DSP48E1 (Setup_dsp48e1_CLK_C[17])
                                                     -0.233    11.800    arnd1/transformLoop[6].ct/xOutStepReg_reg
  -------------------------------------------------------------------
                         required time                         11.800    
                         arrival time                         -11.284    
  -------------------------------------------------------------------
                         slack                                  0.516    

Slack (MET) :             0.516ns  (required time - arrival time)
  Source:                 ingressLoop[6].ingressFifo/buffer_fifo/infer_fifo.block_ram_performance.fifo_ram_reg/CLKBWRCLK
                            (rising edge-triggered cell RAMB36E1 clocked by bftClk  {rise@0.000ns fall@2.500ns period=5.000ns})
  Destination:            arnd1/transformLoop[6].ct/xOutStepReg_reg/C[32]
                            (rising edge-triggered cell DSP48E1 clocked by bftClk  {rise@0.000ns fall@2.500ns period=5.000ns})
  Path Group:             bftClk
  Path Type:              Setup (Max at Slow Process Corner)
  Requirement:            5.000ns  (bftClk rise@5.000ns - bftClk rise@0.000ns)
  Data Path Delay:        4.200ns  (logic 2.454ns (58.427%)  route 1.746ns (41.573%))
  Logic Levels:           0  
  Clock Path Skew:        -0.016ns (DCD - SCD + CPR)
    Destination Clock Delay (DCD):    6.334ns = ( 11.334 - 5.000 ) 
    Source Clock Delay      (SCD):    7.084ns
    Clock Pessimism Removal (CPR):    0.734ns
  Clock Uncertainty:      0.035ns  ((TSJ^2 + TIJ^2)^1/2 + DJ) / 2 + PE
    Total System Jitter     (TSJ):    0.071ns
    Total Input Jitter      (TIJ):    0.000ns
    Discrete Jitter          (DJ):    0.000ns
    Phase Error              (PE):    0.000ns

    Location             Delay type                Incr(ns)  Path(ns)    Netlist Resource(s)
  -------------------------------------------------------------------    -------------------
                         (clock bftClk rise edge)     0.000     0.000 r  
    H15                                               0.000     0.000 r  bftClk (IN)
                         net (fo=0)                   0.000     0.000    bftClk
    H15                  IBUF (Prop_ibuf_I_O)         1.500     1.500 r  bftClk_IBUF_inst/O
                         net (fo=1, routed)           3.659     5.159    bftClk_IBUF
    BUFGCTRL_X0Y0        BUFG (Prop_bufg_I_O)         0.101     5.260 r  bftClk_IBUF_BUFG_inst/O
                         net (fo=730, routed)         1.823     7.084    ingressLoop[6].ingressFifo/buffer_fifo/clk
    RAMB36_X4Y12         RAMB36E1                                     r  ingressLoop[6].ingressFifo/buffer_fifo/infer_fifo.block_ram_performance.fifo_ram_reg/CLKBWRCLK
  -------------------------------------------------------------------    -------------------
    RAMB36_X4Y12         RAMB36E1 (Prop_ramb36e1_CLKBWRCLK_DOBDO[15])
                                                      2.454     9.538 r  ingressLoop[6].ingressFifo/buffer_fifo/infer_fifo.block_ram_performance.fifo_ram_reg/DOBDO[15]
                         net (fo=66, routed)          1.746    11.284    arnd1/transformLoop[6].ct/xOutStepReg_reg_0[15]
    DSP48_X3Y25          DSP48E1                                      r  arnd1/transformLoop[6].ct/xOutStepReg_reg/C[32]
  -------------------------------------------------------------------    -------------------

                         (clock bftClk rise edge)     5.000     5.000 r  
    H15                                               0.000     5.000 r  bftClk (IN)
                         net (fo=0)                   0.000     5.000    bftClk
    H15                  IBUF (Prop_ibuf_I_O)         1.430     6.430 r  bftClk_IBUF_inst/O
                         net (fo=1, routed)           3.120     9.550    bftClk_IBUF
    BUFGCTRL_X0Y0        BUFG (Prop_bufg_I_O)         0.091     9.641 r  bftClk_IBUF_BUFG_inst/O
                         net (fo=730, routed)         1.693    11.334    arnd1/transformLoop[6].ct/clk
    DSP48_X3Y25          DSP48E1                                      r  arnd1/transformLoop[6].ct/xOutStepReg_reg/CLK
                         clock pessimism              0.734    12.068    
                         clock uncertainty           -0.035    12.033    
    DSP48_X3Y25          DSP48E1 (Setup_dsp48e1_CLK_C[32])
                                                     -0.233    11.800    arnd1/transformLoop[6].ct/xOutStepReg_reg
  -------------------------------------------------------------------
                         required time                         11.800    
                         arrival time                         -11.284    
  -------------------------------------------------------------------
                         slack                                  0.516    

Slack (MET) :             0.516ns  (required time - arrival time)
  Source:                 ingressLoop[6].ingressFifo/buffer_fifo/infer_fifo.block_ram_performance.fifo_ram_reg/CLKBWRCLK
                            (rising edge-triggered cell RAMB36E1 clocked by bftClk  {rise@0.000ns fall@2.500ns period=5.000ns})
  Destination:            arnd1/transformLoop[6].ct/xOutStepReg_reg/C[37]
                            (rising edge-triggered cell DSP48E1 clocked by bftClk  {rise@0.000ns fall@2.500ns period=5.000ns})
  Path Group:             bftClk
  Path Type:              Setup (Max at Slow Process Corner)
  Requirement:            5.000ns  (bftClk rise@5.000ns - bftClk rise@0.000ns)
  Data Path Delay:        4.200ns  (logic 2.454ns (58.427%)  route 1.746ns (41.573%))
  Logic Levels:           0  
  Clock Path Skew:        -0.016ns (DCD - SCD + CPR)
    Destination Clock Delay (DCD):    6.334ns = ( 11.334 - 5.000 ) 
    Source Clock Delay      (SCD):    7.084ns
    Clock Pessimism Removal (CPR):    0.734ns
  Clock Uncertainty:      0.035ns  ((TSJ^2 + TIJ^2)^1/2 + DJ) / 2 + PE
    Total System Jitter     (TSJ):    0.071ns
    Total Input Jitter      (TIJ):    0.000ns
    Discrete Jitter          (DJ):    0.000ns
    Phase Error              (PE):    0.000ns

    Location             Delay type                Incr(ns)  Path(ns)    Netlist Resource(s)
  -------------------------------------------------------------------    -------------------
                         (clock bftClk rise edge)     0.000     0.000 r  
    H15                                               0.000     0.000 r  bftClk (IN)
                         net (fo=0)                   0.000     0.000    bftClk
    H15                  IBUF (Prop_ibuf_I_O)         1.500     1.500 r  bftClk_IBUF_inst/O
                         net (fo=1, routed)           3.659     5.159    bftClk_IBUF
    BUFGCTRL_X0Y0        BUFG (Prop_bufg_I_O)         0.101     5.260 r  bftClk_IBUF_BUFG_inst/O
                         net (fo=730, routed)         1.823     7.084    ingressLoop[6].ingressFifo/buffer_fifo/clk
    RAMB36_X4Y12         RAMB36E1                                     r  ingressLoop[6].ingressFifo/buffer_fifo/infer_fifo.block_ram_performance.fifo_ram_reg/CLKBWRCLK
  -------------------------------------------------------------------    -------------------
    RAMB36_X4Y12         RAMB36E1 (Prop_ramb36e1_CLKBWRCLK_DOBDO[15])
                                                      2.454     9.538 r  ingressLoop[6].ingressFifo/buffer_fifo/infer_fifo.block_ram_performance.fifo_ram_reg/DOBDO[15]
                         net (fo=66, routed)          1.746    11.284    arnd1/transformLoop[6].ct/xOutStepReg_reg_0[15]
    DSP48_X3Y25          DSP48E1                                      r  arnd1/transformLoop[6].ct/xOutStepReg_reg/C[37]
  -------------------------------------------------------------------    -------------------

                         (clock bftClk rise edge)     5.000     5.000 r  
    H15                                               0.000     5.000 r  bftClk (IN)
                         net (fo=0)                   0.000     5.000    bftClk
    H15                  IBUF (Prop_ibuf_I_O)         1.430     6.430 r  bftClk_IBUF_inst/O
                         net (fo=1, routed)           3.120     9.550    bftClk_IBUF
    BUFGCTRL_X0Y0        BUFG (Prop_bufg_I_O)         0.091     9.641 r  bftClk_IBUF_BUFG_inst/O
                         net (fo=730, routed)         1.693    11.334    arnd1/transformLoop[6].ct/clk
    DSP48_X3Y25          DSP48E1                                      r  arnd1/transformLoop[6].ct/xOutStepReg_reg/CLK
                         clock pessimism              0.734    12.068    
                         clock uncertainty           -0.035    12.033    
    DSP48_X3Y25          DSP48E1 (Setup_dsp48e1_CLK_C[37])
                                                     -0.233    11.800    arnd1/transformLoop[6].ct/xOutStepReg_reg
  -------------------------------------------------------------------
                         required time                         11.800    
                         arrival time                         -11.284    
  -------------------------------------------------------------------
                         slack                                  0.516    

Slack (MET) :             0.516ns  (required time - arrival time)
  Source:                 ingressLoop[6].ingressFifo/buffer_fifo/infer_fifo.block_ram_performance.fifo_ram_reg/CLKBWRCLK
                            (rising edge-triggered cell RAMB36E1 clocked by bftClk  {rise@0.000ns fall@2.500ns period=5.000ns})
  Destination:            arnd1/transformLoop[6].ct/xOutStepReg_reg/C[46]
                            (rising edge-triggered cell DSP48E1 clocked by bftClk  {rise@0.000ns fall@2.500ns period=5.000ns})
  Path Group:             bftClk
  Path Type:              Setup (Max at Slow Process Corner)
  Requirement:            5.000ns  (bftClk rise@5.000ns - bftClk rise@0.000ns)
  Data Path Delay:        4.200ns  (logic 2.454ns (58.427%)  route 1.746ns (41.573%))
  Logic Levels:           0  
  Clock Path Skew:        -0.016ns (DCD - SCD + CPR)
    Destination Clock Delay (DCD):    6.334ns = ( 11.334 - 5.000 ) 
    Source Clock Delay      (SCD):    7.084ns
    Clock Pessimism Removal (CPR):    0.734ns
  Clock Uncertainty:      0.035ns  ((TSJ^2 + TIJ^2)^1/2 + DJ) / 2 + PE
    Total System Jitter     (TSJ):    0.071ns
    Total Input Jitter      (TIJ):    0.000ns
    Discrete Jitter          (DJ):    0.000ns
    Phase Error              (PE):    0.000ns

    Location             Delay type                Incr(ns)  Path(ns)    Netlist Resource(s)
  -------------------------------------------------------------------    -------------------
                         (clock bftClk rise edge)     0.000     0.000 r  
    H15                                               0.000     0.000 r  bftClk (IN)
                         net (fo=0)                   0.000     0.000    bftClk
    H15                  IBUF (Prop_ibuf_I_O)         1.500     1.500 r  bftClk_IBUF_inst/O
                         net (fo=1, routed)           3.659     5.159    bftClk_IBUF
    BUFGCTRL_X0Y0        BUFG (Prop_bufg_I_O)         0.101     5.260 r  bftClk_IBUF_BUFG_inst/O
                         net (fo=730, routed)         1.823     7.084    ingressLoop[6].ingressFifo/buffer_fifo/clk
    RAMB36_X4Y12         RAMB36E1                                     r  ingressLoop[6].ingressFifo/buffer_fifo/infer_fifo.block_ram_performance.fifo_ram_reg/CLKBWRCLK
  -------------------------------------------------------------------    -------------------
    RAMB36_X4Y12         RAMB36E1 (Prop_ramb36e1_CLKBWRCLK_DOBDO[15])
                                                      2.454     9.538 r  ingressLoop[6].ingressFifo/buffer_fifo/infer_fifo.block_ram_performance.fifo_ram_reg/DOBDO[15]
                         net (fo=66, routed)          1.746    11.284    arnd1/transformLoop[6].ct/xOutStepReg_reg_0[15]
    DSP48_X3Y25          DSP48E1                                      r  arnd1/transformLoop[6].ct/xOutStepReg_reg/C[46]
  -------------------------------------------------------------------    -------------------

                         (clock bftClk rise edge)     5.000     5.000 r  
    H15                                               0.000     5.000 r  bftClk (IN)
                         net (fo=0)                   0.000     5.000    bftClk
    H15                  IBUF (Prop_ibuf_I_O)         1.430     6.430 r  bftClk_IBUF_inst/O
                         net (fo=1, routed)           3.120     9.550    bftClk_IBUF
    BUFGCTRL_X0Y0        BUFG (Prop_bufg_I_O)         0.091     9.641 r  bftClk_IBUF_BUFG_inst/O
                         net (fo=730, routed)         1.693    11.334    arnd1/transformLoop[6].ct/clk
    DSP48_X3Y25          DSP48E1                                      r  arnd1/transformLoop[6].ct/xOutStepReg_reg/CLK
                         clock pessimism              0.734    12.068    
                         clock uncertainty           -0.035    12.033    
    DSP48_X3Y25          DSP48E1 (Setup_dsp48e1_CLK_C[46])
                                                     -0.233    11.800    arnd1/transformLoop[6].ct/xOutStepReg_reg
  -------------------------------------------------------------------
                         required time                         11.800    
                         arrival time                         -11.284    
  -------------------------------------------------------------------
                         slack                                  0.516    





Min Delay Paths
--------------------------------------------------------------------------------------
Slack (MET) :             0.019ns  (arrival time - required time)
  Source:                 ingressLoop[1].ingressFifo/buffer_fifo/infer_fifo.next_rd_addr_reg[3]/C
                            (rising edge-triggered cell FDCE clocked by bftClk  {rise@0.000ns fall@2.500ns period=5.000ns})
  Destination:            ingressLoop[1].ingressFifo/buffer_fifo/infer_fifo.rd_addr_reg[3]/D
                            (rising edge-triggered cell FDCE clocked by bftClk  {rise@0.000ns fall@2.500ns period=5.000ns})
  Path Group:             bftClk
  Path Type:              Hold (Min at Fast Process Corner)
  Requirement:            0.000ns  (bftClk rise@0.000ns - bftClk rise@0.000ns)
  Data Path Delay:        0.329ns  (logic 0.141ns (42.901%)  route 0.188ns (57.099%))
  Logic Levels:           0  
  Clock Path Skew:        0.257ns (DCD - SCD - CPR)
    Destination Clock Delay (DCD):    3.093ns
    Source Clock Delay      (SCD):    2.399ns
    Clock Pessimism Removal (CPR):    0.437ns

    Location             Delay type                Incr(ns)  Path(ns)    Netlist Resource(s)
  -------------------------------------------------------------------    -------------------
                         (clock bftClk rise edge)     0.000     0.000 r  
    H15                                               0.000     0.000 r  bftClk (IN)
                         net (fo=0)                   0.000     0.000    bftClk
    H15                  IBUF (Prop_ibuf_I_O)         0.268     0.268 r  bftClk_IBUF_inst/O
                         net (fo=1, routed)           1.516     1.784    bftClk_IBUF
    BUFGCTRL_X0Y0        BUFG (Prop_bufg_I_O)         0.026     1.810 r  bftClk_IBUF_BUFG_inst/O
                         net (fo=730, routed)         0.589     2.399    ingressLoop[1].ingressFifo/buffer_fifo/clk
    SLICE_X31Y49         FDCE                                         r  ingressLoop[1].ingressFifo/buffer_fifo/infer_fifo.next_rd_addr_reg[3]/C
  -------------------------------------------------------------------    -------------------
    SLICE_X31Y49         FDCE (Prop_fdce_C_Q)         0.141     2.540 r  ingressLoop[1].ingressFifo/buffer_fifo/infer_fifo.next_rd_addr_reg[3]/Q
                         net (fo=2, routed)           0.188     2.727    ingressLoop[1].ingressFifo/buffer_fifo/infer_fifo.next_rd_addr[3]
    SLICE_X30Y53         FDCE                                         r  ingressLoop[1].ingressFifo/buffer_fifo/infer_fifo.rd_addr_reg[3]/D
  -------------------------------------------------------------------    -------------------

                         (clock bftClk rise edge)     0.000     0.000 r  
    H15                                               0.000     0.000 r  bftClk (IN)
                         net (fo=0)                   0.000     0.000    bftClk
    H15                  IBUF (Prop_ibuf_I_O)         0.456     0.456 r  bftClk_IBUF_inst/O
                         net (fo=1, routed)           1.762     2.218    bftClk_IBUF
    BUFGCTRL_X0Y0        BUFG (Prop_bufg_I_O)         0.029     2.247 r  bftClk_IBUF_BUFG_inst/O
                         net (fo=730, routed)         0.846     3.093    ingressLoop[1].ingressFifo/buffer_fifo/clk
    SLICE_X30Y53         FDCE                                         r  ingressLoop[1].ingressFifo/buffer_fifo/infer_fifo.rd_addr_reg[3]/C
                         clock pessimism             -0.437     2.656    
    SLICE_X30Y53         FDCE (Hold_fdce_C_D)         0.052     2.708    ingressLoop[1].ingressFifo/buffer_fifo/infer_fifo.rd_addr_reg[3]
  -------------------------------------------------------------------
                         required time                         -2.708    
                         arrival time                           2.727    
  -------------------------------------------------------------------
                         slack                                  0.019    

Slack (MET) :             0.022ns  (arrival time - required time)
  Source:                 egressLoop[0].egressFifo/buffer_fifo/infer_fifo.next_wr_addr_reg[9]/C
                            (rising edge-triggered cell FDCE clocked by bftClk  {rise@0.000ns fall@2.500ns period=5.000ns})
  Destination:            egressLoop[0].egressFifo/buffer_fifo/infer_fifo.wr_addr_reg[9]/D
                            (rising edge-triggered cell FDCE clocked by bftClk  {rise@0.000ns fall@2.500ns period=5.000ns})
  Path Group:             bftClk
  Path Type:              Hold (Min at Fast Process Corner)
  Requirement:            0.000ns  (bftClk rise@0.000ns - bftClk rise@0.000ns)
  Data Path Delay:        0.352ns  (logic 0.164ns (46.612%)  route 0.188ns (53.388%))
  Logic Levels:           0  
  Clock Path Skew:        0.266ns (DCD - SCD - CPR)
    Destination Clock Delay (DCD):    3.070ns
    Source Clock Delay      (SCD):    2.367ns
    Clock Pessimism Removal (CPR):    0.437ns

    Location             Delay type                Incr(ns)  Path(ns)    Netlist Resource(s)
  -------------------------------------------------------------------    -------------------
                         (clock bftClk rise edge)     0.000     0.000 r  
    H15                                               0.000     0.000 r  bftClk (IN)
                         net (fo=0)                   0.000     0.000    bftClk
    H15                  IBUF (Prop_ibuf_I_O)         0.268     0.268 r  bftClk_IBUF_inst/O
                         net (fo=1, routed)           1.516     1.784    bftClk_IBUF
    BUFGCTRL_X0Y0        BUFG (Prop_bufg_I_O)         0.026     1.810 r  bftClk_IBUF_BUFG_inst/O
                         net (fo=730, routed)         0.557     2.367    egressLoop[0].egressFifo/buffer_fifo/clk
    SLICE_X50Y49         FDCE                                         r  egressLoop[0].egressFifo/buffer_fifo/infer_fifo.next_wr_addr_reg[9]/C
  -------------------------------------------------------------------    -------------------
    SLICE_X50Y49         FDCE (Prop_fdce_C_Q)         0.164     2.531 r  egressLoop[0].egressFifo/buffer_fifo/infer_fifo.next_wr_addr_reg[9]/Q
                         net (fo=2, routed)           0.188     2.719    egressLoop[0].egressFifo/buffer_fifo/infer_fifo.next_wr_addr[9]
    SLICE_X50Y50         FDCE                                         r  egressLoop[0].egressFifo/buffer_fifo/infer_fifo.wr_addr_reg[9]/D
  -------------------------------------------------------------------    -------------------

                         (clock bftClk rise edge)     0.000     0.000 r  
    H15                                               0.000     0.000 r  bftClk (IN)
                         net (fo=0)                   0.000     0.000    bftClk
    H15                  IBUF (Prop_ibuf_I_O)         0.456     0.456 r  bftClk_IBUF_inst/O
                         net (fo=1, routed)           1.762     2.218    bftClk_IBUF
    BUFGCTRL_X0Y0        BUFG (Prop_bufg_I_O)         0.029     2.247 r  bftClk_IBUF_BUFG_inst/O
                         net (fo=730, routed)         0.823     3.070    egressLoop[0].egressFifo/buffer_fifo/clk
    SLICE_X50Y50         FDCE                                         r  egressLoop[0].egressFifo/buffer_fifo/infer_fifo.wr_addr_reg[9]/C
                         clock pessimism             -0.437     2.633    
    SLICE_X50Y50         FDCE (Hold_fdce_C_D)         0.063     2.696    egressLoop[0].egressFifo/buffer_fifo/infer_fifo.wr_addr_reg[9]
  -------------------------------------------------------------------
                         required time                         -2.696    
                         arrival time                           2.719    
  -------------------------------------------------------------------
                         slack                                  0.022    

Slack (MET) :             0.030ns  (arrival time - required time)
  Source:                 egressLoop[0].egressFifo/buffer_fifo/infer_fifo.wr_addr_tmp_reg[6]/C
                            (rising edge-triggered cell FDCE clocked by bftClk  {rise@0.000ns fall@2.500ns period=5.000ns})
  Destination:            egressLoop[0].egressFifo/buffer_fifo/infer_fifo.wr_addr_tmp_reg[9]/D
                            (rising edge-triggered cell FDCE clocked by bftClk  {rise@0.000ns fall@2.500ns period=5.000ns})
  Path Group:             bftClk
  Path Type:              Hold (Min at Fast Process Corner)
  Requirement:            0.000ns  (bftClk rise@0.000ns - bftClk rise@0.000ns)
  Data Path Delay:        0.407ns  (logic 0.213ns (52.367%)  route 0.194ns (47.633%))
  Logic Levels:           1  (LUT5=1)
  Clock Path Skew:        0.269ns (DCD - SCD - CPR)
    Destination Clock Delay (DCD):    3.071ns
    Source Clock Delay      (SCD):    2.365ns
    Clock Pessimism Removal (CPR):    0.437ns

    Location             Delay type                Incr(ns)  Path(ns)    Netlist Resource(s)
  -------------------------------------------------------------------    -------------------
                         (clock bftClk rise edge)     0.000     0.000 r  
    H15                                               0.000     0.000 r  bftClk (IN)
                         net (fo=0)                   0.000     0.000    bftClk
    H15                  IBUF (Prop_ibuf_I_O)         0.268     0.268 r  bftClk_IBUF_inst/O
                         net (fo=1, routed)           1.516     1.784    bftClk_IBUF
    BUFGCTRL_X0Y0        BUFG (Prop_bufg_I_O)         0.026     1.810 r  bftClk_IBUF_BUFG_inst/O
                         net (fo=730, routed)         0.555     2.365    egressLoop[0].egressFifo/buffer_fifo/clk
    SLICE_X50Y50         FDCE                                         r  egressLoop[0].egressFifo/buffer_fifo/infer_fifo.wr_addr_tmp_reg[6]/C
  -------------------------------------------------------------------    -------------------
    SLICE_X50Y50         FDCE (Prop_fdce_C_Q)         0.164     2.529 r  egressLoop[0].egressFifo/buffer_fifo/infer_fifo.wr_addr_tmp_reg[6]/Q
                         net (fo=6, routed)           0.194     2.723    egressLoop[0].egressFifo/buffer_fifo/infer_fifo.wr_addr_tmp_reg__0[6]
    SLICE_X51Y49         LUT5 (Prop_lut5_I2_O)        0.049     2.772 r  egressLoop[0].egressFifo/buffer_fifo/infer_fifo.wr_addr_tmp[9]_i_1__7/O
                         net (fo=1, routed)           0.000     2.772    egressLoop[0].egressFifo/buffer_fifo/p_0_in__16[9]
    SLICE_X51Y49         FDCE                                         r  egressLoop[0].egressFifo/buffer_fifo/infer_fifo.wr_addr_tmp_reg[9]/D
  -------------------------------------------------------------------    -------------------

                         (clock bftClk rise edge)     0.000     0.000 r  
    H15                                               0.000     0.000 r  bftClk (IN)
                         net (fo=0)                   0.000     0.000    bftClk
    H15                  IBUF (Prop_ibuf_I_O)         0.456     0.456 r  bftClk_IBUF_inst/O
                         net (fo=1, routed)           1.762     2.218    bftClk_IBUF
    BUFGCTRL_X0Y0        BUFG (Prop_bufg_I_O)         0.029     2.247 r  bftClk_IBUF_BUFG_inst/O
                         net (fo=730, routed)         0.824     3.071    egressLoop[0].egressFifo/buffer_fifo/clk
    SLICE_X51Y49         FDCE                                         r  egressLoop[0].egressFifo/buffer_fifo/infer_fifo.wr_addr_tmp_reg[9]/C
                         clock pessimism             -0.437     2.634    
    SLICE_X51Y49         FDCE (Hold_fdce_C_D)         0.107     2.741    egressLoop[0].egressFifo/buffer_fifo/infer_fifo.wr_addr_tmp_reg[9]
  -------------------------------------------------------------------
                         required time                         -2.741    
                         arrival time                           2.772    
  -------------------------------------------------------------------
                         slack                                  0.030    

Slack (MET) :             0.037ns  (arrival time - required time)
  Source:                 egressLoop[2].egressFifo/buffer_fifo/infer_fifo.next_wr_addr_reg[0]/C
                            (rising edge-triggered cell FDPE clocked by bftClk  {rise@0.000ns fall@2.500ns period=5.000ns})
  Destination:            egressLoop[2].egressFifo/buffer_fifo/infer_fifo.wr_addr_reg[0]/D
                            (rising edge-triggered cell FDCE clocked by bftClk  {rise@0.000ns fall@2.500ns period=5.000ns})
  Path Group:             bftClk
  Path Type:              Hold (Min at Fast Process Corner)
  Requirement:            0.000ns  (bftClk rise@0.000ns - bftClk rise@0.000ns)
  Data Path Delay:        0.289ns  (logic 0.128ns (44.236%)  route 0.161ns (55.764%))
  Logic Levels:           0  
  Clock Path Skew:        0.259ns (DCD - SCD - CPR)
    Destination Clock Delay (DCD):    3.070ns
    Source Clock Delay      (SCD):    2.369ns
    Clock Pessimism Removal (CPR):    0.442ns

    Location             Delay type                Incr(ns)  Path(ns)    Netlist Resource(s)
  -------------------------------------------------------------------    -------------------
                         (clock bftClk rise edge)     0.000     0.000 r  
    H15                                               0.000     0.000 r  bftClk (IN)
                         net (fo=0)                   0.000     0.000    bftClk
    H15                  IBUF (Prop_ibuf_I_O)         0.268     0.268 r  bftClk_IBUF_inst/O
                         net (fo=1, routed)           1.516     1.784    bftClk_IBUF
    BUFGCTRL_X0Y0        BUFG (Prop_bufg_I_O)         0.026     1.810 r  bftClk_IBUF_BUFG_inst/O
                         net (fo=730, routed)         0.559     2.369    egressLoop[2].egressFifo/buffer_fifo/clk
    SLICE_X49Y46         FDPE                                         r  egressLoop[2].egressFifo/buffer_fifo/infer_fifo.next_wr_addr_reg[0]/C
  -------------------------------------------------------------------    -------------------
    SLICE_X49Y46         FDPE (Prop_fdpe_C_Q)         0.128     2.497 r  egressLoop[2].egressFifo/buffer_fifo/infer_fifo.next_wr_addr_reg[0]/Q
                         net (fo=2, routed)           0.161     2.658    egressLoop[2].egressFifo/buffer_fifo/infer_fifo.next_wr_addr[0]
    SLICE_X51Y45         FDCE                                         r  egressLoop[2].egressFifo/buffer_fifo/infer_fifo.wr_addr_reg[0]/D
  -------------------------------------------------------------------    -------------------

                         (clock bftClk rise edge)     0.000     0.000 r  
    H15                                               0.000     0.000 r  bftClk (IN)
                         net (fo=0)                   0.000     0.000    bftClk
    H15                  IBUF (Prop_ibuf_I_O)         0.456     0.456 r  bftClk_IBUF_inst/O
                         net (fo=1, routed)           1.762     2.218    bftClk_IBUF
    BUFGCTRL_X0Y0        BUFG (Prop_bufg_I_O)         0.029     2.247 r  bftClk_IBUF_BUFG_inst/O
                         net (fo=730, routed)         0.823     3.070    egressLoop[2].egressFifo/buffer_fifo/clk
    SLICE_X51Y45         FDCE                                         r  egressLoop[2].egressFifo/buffer_fifo/infer_fifo.wr_addr_reg[0]/C
                         clock pessimism             -0.442     2.628    
    SLICE_X51Y45         FDCE (Hold_fdce_C_D)        -0.007     2.621    egressLoop[2].egressFifo/buffer_fifo/infer_fifo.wr_addr_reg[0]
  -------------------------------------------------------------------
                         required time                         -2.621    
                         arrival time                           2.658    
  -------------------------------------------------------------------
                         slack                                  0.037    

Slack (MET) :             0.041ns  (arrival time - required time)
  Source:                 egressLoop[0].egressFifo/buffer_fifo/infer_fifo.wr_addr_tmp_reg[6]/C
                            (rising edge-triggered cell FDCE clocked by bftClk  {rise@0.000ns fall@2.500ns period=5.000ns})
  Destination:            egressLoop[0].egressFifo/buffer_fifo/infer_fifo.wr_addr_tmp_reg[8]/D
                            (rising edge-triggered cell FDCE clocked by bftClk  {rise@0.000ns fall@2.500ns period=5.000ns})
  Path Group:             bftClk
  Path Type:              Hold (Min at Fast Process Corner)
  Requirement:            0.000ns  (bftClk rise@0.000ns - bftClk rise@0.000ns)
  Data Path Delay:        0.403ns  (logic 0.209ns (51.894%)  route 0.194ns (48.106%))
  Logic Levels:           1  (LUT4=1)
  Clock Path Skew:        0.269ns (DCD - SCD - CPR)
    Destination Clock Delay (DCD):    3.071ns
    Source Clock Delay      (SCD):    2.365ns
    Clock Pessimism Removal (CPR):    0.437ns

    Location             Delay type                Incr(ns)  Path(ns)    Netlist Resource(s)
  -------------------------------------------------------------------    -------------------
                         (clock bftClk rise edge)     0.000     0.000 r  
    H15                                               0.000     0.000 r  bftClk (IN)
                         net (fo=0)                   0.000     0.000    bftClk
    H15                  IBUF (Prop_ibuf_I_O)         0.268     0.268 r  bftClk_IBUF_inst/O
                         net (fo=1, routed)           1.516     1.784    bftClk_IBUF
    BUFGCTRL_X0Y0        BUFG (Prop_bufg_I_O)         0.026     1.810 r  bftClk_IBUF_BUFG_inst/O
                         net (fo=730, routed)         0.555     2.365    egressLoop[0].egressFifo/buffer_fifo/clk
    SLICE_X50Y50         FDCE                                         r  egressLoop[0].egressFifo/buffer_fifo/infer_fifo.wr_addr_tmp_reg[6]/C
  -------------------------------------------------------------------    -------------------
    SLICE_X50Y50         FDCE (Prop_fdce_C_Q)         0.164     2.529 r  egressLoop[0].egressFifo/buffer_fifo/infer_fifo.wr_addr_tmp_reg[6]/Q
                         net (fo=6, routed)           0.194     2.723    egressLoop[0].egressFifo/buffer_fifo/infer_fifo.wr_addr_tmp_reg__0[6]
    SLICE_X51Y49         LUT4 (Prop_lut4_I0_O)        0.045     2.768 r  egressLoop[0].egressFifo/buffer_fifo/infer_fifo.wr_addr_tmp[8]_i_1__7/O
                         net (fo=1, routed)           0.000     2.768    egressLoop[0].egressFifo/buffer_fifo/p_0_in__16[8]
    SLICE_X51Y49         FDCE                                         r  egressLoop[0].egressFifo/buffer_fifo/infer_fifo.wr_addr_tmp_reg[8]/D
  -------------------------------------------------------------------    -------------------

                         (clock bftClk rise edge)     0.000     0.000 r  
    H15                                               0.000     0.000 r  bftClk (IN)
                         net (fo=0)                   0.000     0.000    bftClk
    H15                  IBUF (Prop_ibuf_I_O)         0.456     0.456 r  bftClk_IBUF_inst/O
                         net (fo=1, routed)           1.762     2.218    bftClk_IBUF
    BUFGCTRL_X0Y0        BUFG (Prop_bufg_I_O)         0.029     2.247 r  bftClk_IBUF_BUFG_inst/O
                         net (fo=730, routed)         0.824     3.071    egressLoop[0].egressFifo/buffer_fifo/clk
    SLICE_X51Y49         FDCE                                         r  egressLoop[0].egressFifo/buffer_fifo/infer_fifo.wr_addr_tmp_reg[8]/C
                         clock pessimism             -0.437     2.634    
    SLICE_X51Y49         FDCE (Hold_fdce_C_D)         0.092     2.726    egressLoop[0].egressFifo/buffer_fifo/infer_fifo.wr_addr_tmp_reg[8]
  -------------------------------------------------------------------
                         required time                         -2.726    
                         arrival time                           2.768    
  -------------------------------------------------------------------
                         slack                                  0.041    

Slack (MET) :             0.047ns  (arrival time - required time)
  Source:                 egressLoop[2].egressFifo/buffer_fifo/infer_fifo.next_wr_addr_reg[4]/C
                            (rising edge-triggered cell FDCE clocked by bftClk  {rise@0.000ns fall@2.500ns period=5.000ns})
  Destination:            egressLoop[2].egressFifo/buffer_fifo/infer_fifo.wr_addr_reg[4]/D
                            (rising edge-triggered cell FDCE clocked by bftClk  {rise@0.000ns fall@2.500ns period=5.000ns})
  Path Group:             bftClk
  Path Type:              Hold (Min at Fast Process Corner)
  Requirement:            0.000ns  (bftClk rise@0.000ns - bftClk rise@0.000ns)
  Data Path Delay:        0.354ns  (logic 0.141ns (39.842%)  route 0.213ns (60.158%))
  Logic Levels:           0  
  Clock Path Skew:        0.259ns (DCD - SCD - CPR)
    Destination Clock Delay (DCD):    3.070ns
    Source Clock Delay      (SCD):    2.369ns
    Clock Pessimism Removal (CPR):    0.442ns

    Location             Delay type                Incr(ns)  Path(ns)    Netlist Resource(s)
  -------------------------------------------------------------------    -------------------
                         (clock bftClk rise edge)     0.000     0.000 r  
    H15                                               0.000     0.000 r  bftClk (IN)
                         net (fo=0)                   0.000     0.000    bftClk
    H15                  IBUF (Prop_ibuf_I_O)         0.268     0.268 r  bftClk_IBUF_inst/O
                         net (fo=1, routed)           1.516     1.784    bftClk_IBUF
    BUFGCTRL_X0Y0        BUFG (Prop_bufg_I_O)         0.026     1.810 r  bftClk_IBUF_BUFG_inst/O
                         net (fo=730, routed)         0.559     2.369    egressLoop[2].egressFifo/buffer_fifo/clk
    SLICE_X49Y46         FDCE                                         r  egressLoop[2].egressFifo/buffer_fifo/infer_fifo.next_wr_addr_reg[4]/C
  -------------------------------------------------------------------    -------------------
    SLICE_X49Y46         FDCE (Prop_fdce_C_Q)         0.141     2.510 r  egressLoop[2].egressFifo/buffer_fifo/infer_fifo.next_wr_addr_reg[4]/Q
                         net (fo=2, routed)           0.213     2.723    egressLoop[2].egressFifo/buffer_fifo/infer_fifo.next_wr_addr[4]
    SLICE_X51Y45         FDCE                                         r  egressLoop[2].egressFifo/buffer_fifo/infer_fifo.wr_addr_reg[4]/D
  -------------------------------------------------------------------    -------------------

                         (clock bftClk rise edge)     0.000     0.000 r  
    H15                                               0.000     0.000 r  bftClk (IN)
                         net (fo=0)                   0.000     0.000    bftClk
    H15                  IBUF (Prop_ibuf_I_O)         0.456     0.456 r  bftClk_IBUF_inst/O
                         net (fo=1, routed)           1.762     2.218    bftClk_IBUF
    BUFGCTRL_X0Y0        BUFG (Prop_bufg_I_O)         0.029     2.247 r  bftClk_IBUF_BUFG_inst/O
                         net (fo=730, routed)         0.823     3.070    egressLoop[2].egressFifo/buffer_fifo/clk
    SLICE_X51Y45         FDCE                                         r  egressLoop[2].egressFifo/buffer_fifo/infer_fifo.wr_addr_reg[4]/C
                         clock pessimism             -0.442     2.628    
    SLICE_X51Y45         FDCE (Hold_fdce_C_D)         0.047     2.675    egressLoop[2].egressFifo/buffer_fifo/infer_fifo.wr_addr_reg[4]
  -------------------------------------------------------------------
                         required time                         -2.675    
                         arrival time                           2.723    
  -------------------------------------------------------------------
                         slack                                  0.047    

Slack (MET) :             0.067ns  (arrival time - required time)
  Source:                 ingressLoop[7].ingressFifo/buffer_fifo/infer_fifo.rd_addr_reg[0]/C
                            (rising edge-triggered cell FDCE clocked by bftClk  {rise@0.000ns fall@2.500ns period=5.000ns})
  Destination:            ingressLoop[7].ingressFifo/buffer_fifo/infer_fifo.block_ram_performance.fifo_ram_reg/ADDRBWRADDR[5]
                            (rising edge-triggered cell RAMB36E1 clocked by bftClk  {rise@0.000ns fall@2.500ns period=5.000ns})
  Path Group:             bftClk
  Path Type:              Hold (Min at Fast Process Corner)
  Requirement:            0.000ns  (bftClk rise@0.000ns - bftClk rise@0.000ns)
  Data Path Delay:        0.309ns  (logic 0.141ns (45.592%)  route 0.168ns (54.408%))
  Logic Levels:           0  
  Clock Path Skew:        0.059ns (DCD - SCD - CPR)
    Destination Clock Delay (DCD):    3.169ns
    Source Clock Delay      (SCD):    2.418ns
    Clock Pessimism Removal (CPR):    0.691ns

    Location             Delay type                Incr(ns)  Path(ns)    Netlist Resource(s)
  -------------------------------------------------------------------    -------------------
                         (clock bftClk rise edge)     0.000     0.000 r  
    H15                                               0.000     0.000 r  bftClk (IN)
                         net (fo=0)                   0.000     0.000    bftClk
    H15                  IBUF (Prop_ibuf_I_O)         0.268     0.268 r  bftClk_IBUF_inst/O
                         net (fo=1, routed)           1.516     1.784    bftClk_IBUF
    BUFGCTRL_X0Y0        BUFG (Prop_bufg_I_O)         0.026     1.810 r  bftClk_IBUF_BUFG_inst/O
                         net (fo=730, routed)         0.608     2.418    ingressLoop[7].ingressFifo/buffer_fifo/clk
    SLICE_X91Y54         FDCE                                         r  ingressLoop[7].ingressFifo/buffer_fifo/infer_fifo.rd_addr_reg[0]/C
  -------------------------------------------------------------------    -------------------
    SLICE_X91Y54         FDCE (Prop_fdce_C_Q)         0.141     2.559 r  ingressLoop[7].ingressFifo/buffer_fifo/infer_fifo.rd_addr_reg[0]/Q
                         net (fo=3, routed)           0.168     2.727    ingressLoop[7].ingressFifo/buffer_fifo/infer_fifo.rd_addr[0]
    RAMB36_X4Y10         RAMB36E1                                     r  ingressLoop[7].ingressFifo/buffer_fifo/infer_fifo.block_ram_performance.fifo_ram_reg/ADDRBWRADDR[5]
  -------------------------------------------------------------------    -------------------

                         (clock bftClk rise edge)     0.000     0.000 r  
    H15                                               0.000     0.000 r  bftClk (IN)
                         net (fo=0)                   0.000     0.000    bftClk
    H15                  IBUF (Prop_ibuf_I_O)         0.456     0.456 r  bftClk_IBUF_inst/O
                         net (fo=1, routed)           1.762     2.218    bftClk_IBUF
    BUFGCTRL_X0Y0        BUFG (Prop_bufg_I_O)         0.029     2.247 r  bftClk_IBUF_BUFG_inst/O
                         net (fo=730, routed)         0.921     3.169    ingressLoop[7].ingressFifo/buffer_fifo/clk
    RAMB36_X4Y10         RAMB36E1                                     r  ingressLoop[7].ingressFifo/buffer_fifo/infer_fifo.block_ram_performance.fifo_ram_reg/CLKBWRCLK
                         clock pessimism             -0.691     2.477    
    RAMB36_X4Y10         RAMB36E1 (Hold_ramb36e1_CLKBWRCLK_ADDRBWRADDR[5])
                                                      0.183     2.660    ingressLoop[7].ingressFifo/buffer_fifo/infer_fifo.block_ram_performance.fifo_ram_reg
  -------------------------------------------------------------------
                         required time                         -2.660    
                         arrival time                           2.727    
  -------------------------------------------------------------------
                         slack                                  0.067    

Slack (MET) :             0.080ns  (arrival time - required time)
  Source:                 egressLoop[5].egressFifo/buffer_fifo/infer_fifo.wr_addr_reg[8]/C
                            (rising edge-triggered cell FDCE clocked by bftClk  {rise@0.000ns fall@2.500ns period=5.000ns})
  Destination:            egressLoop[5].egressFifo/buffer_fifo/infer_fifo.block_ram_performance.fifo_ram_reg/ADDRARDADDR[13]
                            (rising edge-triggered cell RAMB36E1 clocked by bftClk  {rise@0.000ns fall@2.500ns period=5.000ns})
  Path Group:             bftClk
  Path Type:              Hold (Min at Fast Process Corner)
  Requirement:            0.000ns  (bftClk rise@0.000ns - bftClk rise@0.000ns)
  Data Path Delay:        0.341ns  (logic 0.141ns (41.406%)  route 0.200ns (58.594%))
  Logic Levels:           0  
  Clock Path Skew:        0.077ns (DCD - SCD - CPR)
    Destination Clock Delay (DCD):    3.116ns
    Source Clock Delay      (SCD):    2.368ns
    Clock Pessimism Removal (CPR):    0.670ns

    Location             Delay type                Incr(ns)  Path(ns)    Netlist Resource(s)
  -------------------------------------------------------------------    -------------------
                         (clock bftClk rise edge)     0.000     0.000 r  
    H15                                               0.000     0.000 r  bftClk (IN)
                         net (fo=0)                   0.000     0.000    bftClk
    H15                  IBUF (Prop_ibuf_I_O)         0.268     0.268 r  bftClk_IBUF_inst/O
                         net (fo=1, routed)           1.516     1.784    bftClk_IBUF
    BUFGCTRL_X0Y0        BUFG (Prop_bufg_I_O)         0.026     1.810 r  bftClk_IBUF_BUFG_inst/O
                         net (fo=730, routed)         0.558     2.368    egressLoop[5].egressFifo/buffer_fifo/clk
    SLICE_X35Y36         FDCE                                         r  egressLoop[5].egressFifo/buffer_fifo/infer_fifo.wr_addr_reg[8]/C
  -------------------------------------------------------------------    -------------------
    SLICE_X35Y36         FDCE (Prop_fdce_C_Q)         0.141     2.509 r  egressLoop[5].egressFifo/buffer_fifo/infer_fifo.wr_addr_reg[8]/Q
                         net (fo=3, routed)           0.200     2.708    egressLoop[5].egressFifo/buffer_fifo/infer_fifo.wr_addr[8]
    RAMB36_X2Y7          RAMB36E1                                     r  egressLoop[5].egressFifo/buffer_fifo/infer_fifo.block_ram_performance.fifo_ram_reg/ADDRARDADDR[13]
  -------------------------------------------------------------------    -------------------

                         (clock bftClk rise edge)     0.000     0.000 r  
    H15                                               0.000     0.000 r  bftClk (IN)
                         net (fo=0)                   0.000     0.000    bftClk
    H15                  IBUF (Prop_ibuf_I_O)         0.456     0.456 r  bftClk_IBUF_inst/O
                         net (fo=1, routed)           1.762     2.218    bftClk_IBUF
    BUFGCTRL_X0Y0        BUFG (Prop_bufg_I_O)         0.029     2.247 r  bftClk_IBUF_BUFG_inst/O
                         net (fo=730, routed)         0.868     3.116    egressLoop[5].egressFifo/buffer_fifo/clk
    RAMB36_X2Y7          RAMB36E1                                     r  egressLoop[5].egressFifo/buffer_fifo/infer_fifo.block_ram_performance.fifo_ram_reg/CLKARDCLK
                         clock pessimism             -0.670     2.445    
    RAMB36_X2Y7          RAMB36E1 (Hold_ramb36e1_CLKARDCLK_ADDRARDADDR[13])
                                                      0.183     2.628    egressLoop[5].egressFifo/buffer_fifo/infer_fifo.block_ram_performance.fifo_ram_reg
  -------------------------------------------------------------------
                         required time                         -2.628    
                         arrival time                           2.708    
  -------------------------------------------------------------------
                         slack                                  0.080    

Slack (MET) :             0.091ns  (arrival time - required time)
  Source:                 egressLoop[2].egressFifo/buffer_fifo/infer_fifo.next_wr_addr_reg[3]/C
                            (rising edge-triggered cell FDCE clocked by bftClk  {rise@0.000ns fall@2.500ns period=5.000ns})
  Destination:            egressLoop[2].egressFifo/buffer_fifo/infer_fifo.wr_addr_reg[3]/D
                            (rising edge-triggered cell FDCE clocked by bftClk  {rise@0.000ns fall@2.500ns period=5.000ns})
  Path Group:             bftClk
  Path Type:              Hold (Min at Fast Process Corner)
  Requirement:            0.000ns  (bftClk rise@0.000ns - bftClk rise@0.000ns)
  Data Path Delay:        0.345ns  (logic 0.128ns (37.145%)  route 0.217ns (62.855%))
  Logic Levels:           0  
  Clock Path Skew:        0.259ns (DCD - SCD - CPR)
    Destination Clock Delay (DCD):    3.070ns
    Source Clock Delay      (SCD):    2.369ns
    Clock Pessimism Removal (CPR):    0.442ns

    Location             Delay type                Incr(ns)  Path(ns)    Netlist Resource(s)
  -------------------------------------------------------------------    -------------------
                         (clock bftClk rise edge)     0.000     0.000 r  
    H15                                               0.000     0.000 r  bftClk (IN)
                         net (fo=0)                   0.000     0.000    bftClk
    H15                  IBUF (Prop_ibuf_I_O)         0.268     0.268 r  bftClk_IBUF_inst/O
                         net (fo=1, routed)           1.516     1.784    bftClk_IBUF
    BUFGCTRL_X0Y0        BUFG (Prop_bufg_I_O)         0.026     1.810 r  bftClk_IBUF_BUFG_inst/O
                         net (fo=730, routed)         0.559     2.369    egressLoop[2].egressFifo/buffer_fifo/clk
    SLICE_X49Y46         FDCE                                         r  egressLoop[2].egressFifo/buffer_fifo/infer_fifo.next_wr_addr_reg[3]/C
  -------------------------------------------------------------------    -------------------
    SLICE_X49Y46         FDCE (Prop_fdce_C_Q)         0.128     2.497 r  egressLoop[2].egressFifo/buffer_fifo/infer_fifo.next_wr_addr_reg[3]/Q
                         net (fo=2, routed)           0.217     2.713    egressLoop[2].egressFifo/buffer_fifo/infer_fifo.next_wr_addr[3]
    SLICE_X51Y45         FDCE                                         r  egressLoop[2].egressFifo/buffer_fifo/infer_fifo.wr_addr_reg[3]/D
  -------------------------------------------------------------------    -------------------

                         (clock bftClk rise edge)     0.000     0.000 r  
    H15                                               0.000     0.000 r  bftClk (IN)
                         net (fo=0)                   0.000     0.000    bftClk
    H15                  IBUF (Prop_ibuf_I_O)         0.456     0.456 r  bftClk_IBUF_inst/O
                         net (fo=1, routed)           1.762     2.218    bftClk_IBUF
    BUFGCTRL_X0Y0        BUFG (Prop_bufg_I_O)         0.029     2.247 r  bftClk_IBUF_BUFG_inst/O
                         net (fo=730, routed)         0.823     3.070    egressLoop[2].egressFifo/buffer_fifo/clk
    SLICE_X51Y45         FDCE                                         r  egressLoop[2].egressFifo/buffer_fifo/infer_fifo.wr_addr_reg[3]/C
                         clock pessimism             -0.442     2.628    
    SLICE_X51Y45         FDCE (Hold_fdce_C_D)        -0.006     2.622    egressLoop[2].egressFifo/buffer_fifo/infer_fifo.wr_addr_reg[3]
  -------------------------------------------------------------------
                         required time                         -2.622    
                         arrival time                           2.713    
  -------------------------------------------------------------------
                         slack                                  0.091    

Slack (MET) :             0.094ns  (arrival time - required time)
  Source:                 egressLoop[4].egressFifo/buffer_fifo/infer_fifo.wr_addr_reg[1]/C
                            (rising edge-triggered cell FDCE clocked by bftClk  {rise@0.000ns fall@2.500ns period=5.000ns})
  Destination:            egressLoop[4].egressFifo/buffer_fifo/infer_fifo.block_ram_performance.fifo_ram_reg/ADDRARDADDR[6]
                            (rising edge-triggered cell RAMB36E1 clocked by bftClk  {rise@0.000ns fall@2.500ns period=5.000ns})
  Path Group:             bftClk
  Path Type:              Hold (Min at Fast Process Corner)
  Requirement:            0.000ns  (bftClk rise@0.000ns - bftClk rise@0.000ns)
  Data Path Delay:        0.583ns  (logic 0.141ns (24.189%)  route 0.442ns (75.811%))
  Logic Levels:           0  
  Clock Path Skew:        0.306ns (DCD - SCD - CPR)
    Destination Clock Delay (DCD):    3.136ns
    Source Clock Delay      (SCD):    2.393ns
    Clock Pessimism Removal (CPR):    0.437ns

    Location             Delay type                Incr(ns)  Path(ns)    Netlist Resource(s)
  -------------------------------------------------------------------    -------------------
                         (clock bftClk rise edge)     0.000     0.000 r  
    H15                                               0.000     0.000 r  bftClk (IN)
                         net (fo=0)                   0.000     0.000    bftClk
    H15                  IBUF (Prop_ibuf_I_O)         0.268     0.268 r  bftClk_IBUF_inst/O
                         net (fo=1, routed)           1.516     1.784    bftClk_IBUF
    BUFGCTRL_X0Y0        BUFG (Prop_bufg_I_O)         0.026     1.810 r  bftClk_IBUF_BUFG_inst/O
                         net (fo=730, routed)         0.583     2.393    egressLoop[4].egressFifo/buffer_fifo/clk
    SLICE_X63Y46         FDCE                                         r  egressLoop[4].egressFifo/buffer_fifo/infer_fifo.wr_addr_reg[1]/C
  -------------------------------------------------------------------    -------------------
    SLICE_X63Y46         FDCE (Prop_fdce_C_Q)         0.141     2.534 r  egressLoop[4].egressFifo/buffer_fifo/infer_fifo.wr_addr_reg[1]/Q
                         net (fo=3, routed)           0.442     2.976    egressLoop[4].egressFifo/buffer_fifo/infer_fifo.wr_addr[1]
    RAMB36_X3Y11         RAMB36E1                                     r  egressLoop[4].egressFifo/buffer_fifo/infer_fifo.block_ram_performance.fifo_ram_reg/ADDRARDADDR[6]
  -------------------------------------------------------------------    -------------------

                         (clock bftClk rise edge)     0.000     0.000 r  
    H15                                               0.000     0.000 r  bftClk (IN)
                         net (fo=0)                   0.000     0.000    bftClk
    H15                  IBUF (Prop_ibuf_I_O)         0.456     0.456 r  bftClk_IBUF_inst/O
                         net (fo=1, routed)           1.762     2.218    bftClk_IBUF
    BUFGCTRL_X0Y0        BUFG (Prop_bufg_I_O)         0.029     2.247 r  bftClk_IBUF_BUFG_inst/O
                         net (fo=730, routed)         0.888     3.136    egressLoop[4].egressFifo/buffer_fifo/clk
    RAMB36_X3Y11         RAMB36E1                                     r  egressLoop[4].egressFifo/buffer_fifo/infer_fifo.block_ram_performance.fifo_ram_reg/CLKARDCLK
                         clock pessimism             -0.437     2.699    
    RAMB36_X3Y11         RAMB36E1 (Hold_ramb36e1_CLKARDCLK_ADDRARDADDR[6])
                                                      0.183     2.882    egressLoop[4].egressFifo/buffer_fifo/infer_fifo.block_ram_performance.fifo_ram_reg
  -------------------------------------------------------------------
                         required time                         -2.882    
                         arrival time                           2.976    
  -------------------------------------------------------------------
                         slack                                  0.094    





Pulse Width Checks
--------------------------------------------------------------------------------------
Clock Name:         bftClk
Waveform(ns):       { 0.000 2.500 }
Period(ns):         5.000
Sources:            { bftClk }

Check Type        Corner  Lib Pin      Reference Pin  Required(ns)  Actual(ns)  Slack(ns)  Location      Pin
Min Period        n/a     DSP48E1/CLK  n/a            3.884         5.000       1.116      DSP48_X1Y18   arnd1/transformLoop[0].ct/xOutReg_reg/CLK
Min Period        n/a     DSP48E1/CLK  n/a            3.884         5.000       1.116      DSP48_X1Y19   arnd1/transformLoop[0].ct/xOutStepReg_reg/CLK
Min Period        n/a     DSP48E1/CLK  n/a            3.884         5.000       1.116      DSP48_X2Y22   arnd1/transformLoop[1].ct/xOutReg_reg/CLK
Min Period        n/a     DSP48E1/CLK  n/a            3.884         5.000       1.116      DSP48_X2Y21   arnd1/transformLoop[1].ct/xOutStepReg_reg/CLK
Min Period        n/a     DSP48E1/CLK  n/a            3.884         5.000       1.116      DSP48_X2Y30   arnd1/transformLoop[2].ct/xOutReg_reg/CLK
Min Period        n/a     DSP48E1/CLK  n/a            3.884         5.000       1.116      DSP48_X2Y31   arnd1/transformLoop[2].ct/xOutStepReg_reg/CLK
Min Period        n/a     DSP48E1/CLK  n/a            3.884         5.000       1.116      DSP48_X2Y28   arnd1/transformLoop[3].ct/xOutReg_reg/CLK
Min Period        n/a     DSP48E1/CLK  n/a            3.884         5.000       1.116      DSP48_X2Y29   arnd1/transformLoop[3].ct/xOutStepReg_reg/CLK
Min Period        n/a     DSP48E1/CLK  n/a            3.884         5.000       1.116      DSP48_X3Y13   arnd1/transformLoop[4].ct/xOutReg_reg/CLK
Min Period        n/a     DSP48E1/CLK  n/a            3.884         5.000       1.116      DSP48_X3Y11   arnd1/transformLoop[4].ct/xOutStepReg_reg/CLK
Low Pulse Width   Slow    FDRE/C       n/a            0.500         2.500       2.000      SLICE_X62Y61  validForEgressFifo_reg[0]/C
Low Pulse Width   Fast    FDRE/C       n/a            0.500         2.500       2.000      SLICE_X62Y61  validForEgressFifo_reg[0]/C
Low Pulse Width   Slow    FDRE/C       n/a            0.500         2.500       2.000      SLICE_X62Y59  validForEgressFifo_reg[1]/C
Low Pulse Width   Fast    FDRE/C       n/a            0.500         2.500       2.000      SLICE_X62Y59  validForEgressFifo_reg[1]/C
Low Pulse Width   Slow    FDRE/C       n/a            0.500         2.500       2.000      SLICE_X62Y57  validForEgressFifo_reg[2]/C
Low Pulse Width   Fast    FDRE/C       n/a            0.500         2.500       2.000      SLICE_X62Y57  validForEgressFifo_reg[2]/C
Low Pulse Width   Slow    FDRE/C       n/a            0.500         2.500       2.000      SLICE_X60Y55  validForEgressFifo_reg[3]/C
Low Pulse Width   Fast    FDRE/C       n/a            0.500         2.500       2.000      SLICE_X60Y55  validForEgressFifo_reg[3]/C
Low Pulse Width   Slow    FDRE/C       n/a            0.500         2.500       2.000      SLICE_X60Y52  validForEgressFifo_reg[4]/C
Low Pulse Width   Fast    FDRE/C       n/a            0.500         2.500       2.000      SLICE_X60Y52  validForEgressFifo_reg[4]/C
High Pulse Width  Slow    FDRE/C       n/a            0.500         2.500       2.000      SLICE_X62Y61  validForEgressFifo_reg[0]/C
High Pulse Width  Fast    FDRE/C       n/a            0.500         2.500       2.000      SLICE_X62Y61  validForEgressFifo_reg[0]/C
High Pulse Width  Slow    FDRE/C       n/a            0.500         2.500       2.000      SLICE_X62Y59  validForEgressFifo_reg[1]/C
High Pulse Width  Fast    FDRE/C       n/a            0.500         2.500       2.000      SLICE_X62Y59  validForEgressFifo_reg[1]/C
High Pulse Width  Slow    FDRE/C       n/a            0.500         2.500       2.000      SLICE_X62Y57  validForEgressFifo_reg[2]/C
High Pulse Width  Fast    FDRE/C       n/a            0.500         2.500       2.000      SLICE_X62Y57  validForEgressFifo_reg[2]/C
High Pulse Width  Slow    FDRE/C       n/a            0.500         2.500       2.000      SLICE_X60Y55  validForEgressFifo_reg[3]/C
High Pulse Width  Fast    FDRE/C       n/a            0.500         2.500       2.000      SLICE_X60Y55  validForEgressFifo_reg[3]/C
High Pulse Width  Slow    FDRE/C       n/a            0.500         2.500       2.000      SLICE_X60Y52  validForEgressFifo_reg[4]/C
High Pulse Width  Fast    FDRE/C       n/a            0.500         2.500       2.000      SLICE_X60Y52  validForEgressFifo_reg[4]/C



---------------------------------------------------------------------------------------------------
From Clock:  wbClk
  To Clock:  wbClk

Setup :            0  Failing Endpoints,  Worst Slack        4.151ns,  Total Violation        0.000ns
Hold  :            0  Failing Endpoints,  Worst Slack        0.034ns,  Total Violation        0.000ns
PW    :            0  Failing Endpoints,  Worst Slack        4.500ns,  Total Violation        0.000ns
---------------------------------------------------------------------------------------------------


Max Delay Paths
--------------------------------------------------------------------------------------
Slack (MET) :             4.151ns  (required time - arrival time)
  Source:                 egressLoop[5].egressFifo/buffer_fifo/infer_fifo.block_ram_performance.fifo_ram_reg/CLKBWRCLK
                            (rising edge-triggered cell RAMB36E1 clocked by wbClk  {rise@0.000ns fall@5.000ns period=10.000ns})
  Destination:            wbOutputData_reg[9]/D
                            (rising edge-triggered cell FDRE clocked by wbClk  {rise@0.000ns fall@5.000ns period=10.000ns})
  Path Group:             wbClk
  Path Type:              Setup (Max at Slow Process Corner)
  Requirement:            10.000ns  (wbClk rise@10.000ns - wbClk rise@0.000ns)
  Data Path Delay:        5.706ns  (logic 2.702ns (47.350%)  route 3.004ns (52.650%))
  Logic Levels:           2  (LUT6=2)
  Clock Path Skew:        -0.139ns (DCD - SCD + CPR)
    Destination Clock Delay (DCD):    5.318ns = ( 15.318 - 10.000 ) 
    Source Clock Delay      (SCD):    5.780ns
    Clock Pessimism Removal (CPR):    0.323ns
  Clock Uncertainty:      0.035ns  ((TSJ^2 + TIJ^2)^1/2 + DJ) / 2 + PE
    Total System Jitter     (TSJ):    0.071ns
    Total Input Jitter      (TIJ):    0.000ns
    Discrete Jitter          (DJ):    0.000ns
    Phase Error              (PE):    0.000ns

    Location             Delay type                Incr(ns)  Path(ns)    Netlist Resource(s)
  -------------------------------------------------------------------    -------------------
                         (clock wbClk rise edge)      0.000     0.000 r  
    H16                                               0.000     0.000 r  wbClk (IN)
                         net (fo=0)                   0.000     0.000    wbClk
    H16                  IBUF (Prop_ibuf_I_O)         1.451     1.451 r  wbClk_IBUF_inst/O
                         net (fo=1, routed)           2.522     3.973    wbClk_IBUF
    BUFGCTRL_X0Y16       BUFG (Prop_bufg_I_O)         0.101     4.074 r  wbClk_IBUF_BUFG_inst/O
                         net (fo=704, routed)         1.706     5.780    egressLoop[5].egressFifo/buffer_fifo/rd_clk
    RAMB36_X2Y7          RAMB36E1                                     r  egressLoop[5].egressFifo/buffer_fifo/infer_fifo.block_ram_performance.fifo_ram_reg/CLKBWRCLK
  -------------------------------------------------------------------    -------------------
    RAMB36_X2Y7          RAMB36E1 (Prop_ramb36e1_CLKBWRCLK_DOBDO[9])
                                                      2.454     8.234 r  egressLoop[5].egressFifo/buffer_fifo/infer_fifo.block_ram_performance.fifo_ram_reg/DOBDO[9]
                         net (fo=1, routed)           2.094    10.328    egressLoop[3].egressFifo/buffer_fifo/wbOutputData_reg[31]_0[9]
    SLICE_X55Y40         LUT6 (Prop_lut6_I3_O)        0.124    10.452 r  egressLoop[3].egressFifo/buffer_fifo/wbOutputData[9]_i_2/O
                         net (fo=1, routed)           0.911    11.363    egressLoop[3].egressFifo/buffer_fifo/wbOutputData[9]_i_2_n_0
    SLICE_X55Y44         LUT6 (Prop_lut6_I0_O)        0.124    11.487 r  egressLoop[3].egressFifo/buffer_fifo/wbOutputData[9]_i_1/O
                         net (fo=1, routed)           0.000    11.487    egressLoop[3].egressFifo_n_23
    SLICE_X55Y44         FDRE                                         r  wbOutputData_reg[9]/D
  -------------------------------------------------------------------    -------------------

                         (clock wbClk rise edge)     10.000    10.000 r  
    H16                                               0.000    10.000 r  wbClk (IN)
                         net (fo=0)                   0.000    10.000    wbClk
    H16                  IBUF (Prop_ibuf_I_O)         1.380    11.380 r  wbClk_IBUF_inst/O
                         net (fo=1, routed)           2.293    13.673    wbClk_IBUF
    BUFGCTRL_X0Y16       BUFG (Prop_bufg_I_O)         0.091    13.764 r  wbClk_IBUF_BUFG_inst/O
                         net (fo=704, routed)         1.553    15.318    wbClk_IBUF_BUFG
    SLICE_X55Y44         FDRE                                         r  wbOutputData_reg[9]/C
                         clock pessimism              0.323    15.641    
                         clock uncertainty           -0.035    15.606    
    SLICE_X55Y44         FDRE (Setup_fdre_C_D)        0.032    15.638    wbOutputData_reg[9]
  -------------------------------------------------------------------
                         required time                         15.638    
                         arrival time                         -11.487    
  -------------------------------------------------------------------
                         slack                                  4.151    

Slack (MET) :             4.155ns  (required time - arrival time)
  Source:                 egressLoop[5].egressFifo/buffer_fifo/infer_fifo.block_ram_performance.fifo_ram_reg/CLKBWRCLK
                            (rising edge-triggered cell RAMB36E1 clocked by wbClk  {rise@0.000ns fall@5.000ns period=10.000ns})
  Destination:            wbOutputData_reg[13]/D
                            (rising edge-triggered cell FDRE clocked by wbClk  {rise@0.000ns fall@5.000ns period=10.000ns})
  Path Group:             wbClk
  Path Type:              Setup (Max at Slow Process Corner)
  Requirement:            10.000ns  (wbClk rise@10.000ns - wbClk rise@0.000ns)
  Data Path Delay:        5.700ns  (logic 2.702ns (47.403%)  route 2.998ns (52.597%))
  Logic Levels:           2  (LUT6=2)
  Clock Path Skew:        -0.139ns (DCD - SCD + CPR)
    Destination Clock Delay (DCD):    5.318ns = ( 15.318 - 10.000 ) 
    Source Clock Delay      (SCD):    5.780ns
    Clock Pessimism Removal (CPR):    0.323ns
  Clock Uncertainty:      0.035ns  ((TSJ^2 + TIJ^2)^1/2 + DJ) / 2 + PE
    Total System Jitter     (TSJ):    0.071ns
    Total Input Jitter      (TIJ):    0.000ns
    Discrete Jitter          (DJ):    0.000ns
    Phase Error              (PE):    0.000ns

    Location             Delay type                Incr(ns)  Path(ns)    Netlist Resource(s)
  -------------------------------------------------------------------    -------------------
                         (clock wbClk rise edge)      0.000     0.000 r  
    H16                                               0.000     0.000 r  wbClk (IN)
                         net (fo=0)                   0.000     0.000    wbClk
    H16                  IBUF (Prop_ibuf_I_O)         1.451     1.451 r  wbClk_IBUF_inst/O
                         net (fo=1, routed)           2.522     3.973    wbClk_IBUF
    BUFGCTRL_X0Y16       BUFG (Prop_bufg_I_O)         0.101     4.074 r  wbClk_IBUF_BUFG_inst/O
                         net (fo=704, routed)         1.706     5.780    egressLoop[5].egressFifo/buffer_fifo/rd_clk
    RAMB36_X2Y7          RAMB36E1                                     r  egressLoop[5].egressFifo/buffer_fifo/infer_fifo.block_ram_performance.fifo_ram_reg/CLKBWRCLK
  -------------------------------------------------------------------    -------------------
    RAMB36_X2Y7          RAMB36E1 (Prop_ramb36e1_CLKBWRCLK_DOBDO[13])
                                                      2.454     8.234 r  egressLoop[5].egressFifo/buffer_fifo/infer_fifo.block_ram_performance.fifo_ram_reg/DOBDO[13]
                         net (fo=1, routed)           2.086    10.320    egressLoop[3].egressFifo/buffer_fifo/wbOutputData_reg[31]_0[13]
    SLICE_X55Y40         LUT6 (Prop_lut6_I3_O)        0.124    10.444 r  egressLoop[3].egressFifo/buffer_fifo/wbOutputData[13]_i_2/O
                         net (fo=1, routed)           0.912    11.356    egressLoop[3].egressFifo/buffer_fifo/wbOutputData[13]_i_2_n_0
    SLICE_X55Y44         LUT6 (Prop_lut6_I0_O)        0.124    11.480 r  egressLoop[3].egressFifo/buffer_fifo/wbOutputData[13]_i_1/O
                         net (fo=1, routed)           0.000    11.480    egressLoop[3].egressFifo_n_19
    SLICE_X55Y44         FDRE                                         r  wbOutputData_reg[13]/D
  -------------------------------------------------------------------    -------------------

                         (clock wbClk rise edge)     10.000    10.000 r  
    H16                                               0.000    10.000 r  wbClk (IN)
                         net (fo=0)                   0.000    10.000    wbClk
    H16                  IBUF (Prop_ibuf_I_O)         1.380    11.380 r  wbClk_IBUF_inst/O
                         net (fo=1, routed)           2.293    13.673    wbClk_IBUF
    BUFGCTRL_X0Y16       BUFG (Prop_bufg_I_O)         0.091    13.764 r  wbClk_IBUF_BUFG_inst/O
                         net (fo=704, routed)         1.553    15.318    wbClk_IBUF_BUFG
    SLICE_X55Y44         FDRE                                         r  wbOutputData_reg[13]/C
                         clock pessimism              0.323    15.641    
                         clock uncertainty           -0.035    15.606    
    SLICE_X55Y44         FDRE (Setup_fdre_C_D)        0.029    15.635    wbOutputData_reg[13]
  -------------------------------------------------------------------
                         required time                         15.635    
                         arrival time                         -11.480    
  -------------------------------------------------------------------
                         slack                                  4.155    

Slack (MET) :             4.162ns  (required time - arrival time)
  Source:                 egressLoop[4].egressFifo/buffer_fifo/infer_fifo.block_ram_performance.fifo_ram_reg/CLKBWRCLK
                            (rising edge-triggered cell RAMB36E1 clocked by wbClk  {rise@0.000ns fall@5.000ns period=10.000ns})
  Destination:            wbOutputData_reg[18]/D
                            (rising edge-triggered cell FDRE clocked by wbClk  {rise@0.000ns fall@5.000ns period=10.000ns})
  Path Group:             wbClk
  Path Type:              Setup (Max at Slow Process Corner)
  Requirement:            10.000ns  (wbClk rise@10.000ns - wbClk rise@0.000ns)
  Data Path Delay:        5.683ns  (logic 2.702ns (47.548%)  route 2.981ns (52.452%))
  Logic Levels:           2  (LUT6=2)
  Clock Path Skew:        -0.201ns (DCD - SCD + CPR)
    Destination Clock Delay (DCD):    5.317ns = ( 15.317 - 10.000 ) 
    Source Clock Delay      (SCD):    5.827ns
    Clock Pessimism Removal (CPR):    0.309ns
  Clock Uncertainty:      0.035ns  ((TSJ^2 + TIJ^2)^1/2 + DJ) / 2 + PE
    Total System Jitter     (TSJ):    0.071ns
    Total Input Jitter      (TIJ):    0.000ns
    Discrete Jitter          (DJ):    0.000ns
    Phase Error              (PE):    0.000ns

    Location             Delay type                Incr(ns)  Path(ns)    Netlist Resource(s)
  -------------------------------------------------------------------    -------------------
                         (clock wbClk rise edge)      0.000     0.000 r  
    H16                                               0.000     0.000 r  wbClk (IN)
                         net (fo=0)                   0.000     0.000    wbClk
    H16                  IBUF (Prop_ibuf_I_O)         1.451     1.451 r  wbClk_IBUF_inst/O
                         net (fo=1, routed)           2.522     3.973    wbClk_IBUF
    BUFGCTRL_X0Y16       BUFG (Prop_bufg_I_O)         0.101     4.074 r  wbClk_IBUF_BUFG_inst/O
                         net (fo=704, routed)         1.753     5.827    egressLoop[4].egressFifo/buffer_fifo/rd_clk
    RAMB36_X3Y11         RAMB36E1                                     r  egressLoop[4].egressFifo/buffer_fifo/infer_fifo.block_ram_performance.fifo_ram_reg/CLKBWRCLK
  -------------------------------------------------------------------    -------------------
    RAMB36_X3Y11         RAMB36E1 (Prop_ramb36e1_CLKBWRCLK_DOBDO[18])
                                                      2.454     8.281 r  egressLoop[4].egressFifo/buffer_fifo/infer_fifo.block_ram_performance.fifo_ram_reg/DOBDO[18]
                         net (fo=1, routed)           1.960    10.241    egressLoop[3].egressFifo/buffer_fifo/wbOutputData_reg[31]_1[18]
    SLICE_X54Y36         LUT6 (Prop_lut6_I5_O)        0.124    10.365 r  egressLoop[3].egressFifo/buffer_fifo/wbOutputData[18]_i_2/O
                         net (fo=1, routed)           1.021    11.386    egressLoop[3].egressFifo/buffer_fifo/wbOutputData[18]_i_2_n_0
    SLICE_X54Y41         LUT6 (Prop_lut6_I0_O)        0.124    11.510 r  egressLoop[3].egressFifo/buffer_fifo/wbOutputData[18]_i_1/O
                         net (fo=1, routed)           0.000    11.510    egressLoop[3].egressFifo_n_14
    SLICE_X54Y41         FDRE                                         r  wbOutputData_reg[18]/D
  -------------------------------------------------------------------    -------------------

                         (clock wbClk rise edge)     10.000    10.000 r  
    H16                                               0.000    10.000 r  wbClk (IN)
                         net (fo=0)                   0.000    10.000    wbClk
    H16                  IBUF (Prop_ibuf_I_O)         1.380    11.380 r  wbClk_IBUF_inst/O
                         net (fo=1, routed)           2.293    13.673    wbClk_IBUF
    BUFGCTRL_X0Y16       BUFG (Prop_bufg_I_O)         0.091    13.764 r  wbClk_IBUF_BUFG_inst/O
                         net (fo=704, routed)         1.552    15.317    wbClk_IBUF_BUFG
    SLICE_X54Y41         FDRE                                         r  wbOutputData_reg[18]/C
                         clock pessimism              0.309    15.626    
                         clock uncertainty           -0.035    15.591    
    SLICE_X54Y41         FDRE (Setup_fdre_C_D)        0.081    15.672    wbOutputData_reg[18]
  -------------------------------------------------------------------
                         required time                         15.672    
                         arrival time                         -11.510    
  -------------------------------------------------------------------
                         slack                                  4.162    

Slack (MET) :             4.211ns  (required time - arrival time)
  Source:                 egressLoop[5].egressFifo/buffer_fifo/infer_fifo.block_ram_performance.fifo_ram_reg/CLKBWRCLK
                            (rising edge-triggered cell RAMB36E1 clocked by wbClk  {rise@0.000ns fall@5.000ns period=10.000ns})
  Destination:            wbOutputData_reg[31]/D
                            (rising edge-triggered cell FDRE clocked by wbClk  {rise@0.000ns fall@5.000ns period=10.000ns})
  Path Group:             wbClk
  Path Type:              Setup (Max at Slow Process Corner)
  Requirement:            10.000ns  (wbClk rise@10.000ns - wbClk rise@0.000ns)
  Data Path Delay:        5.646ns  (logic 2.702ns (47.860%)  route 2.944ns (52.140%))
  Logic Levels:           2  (LUT6=2)
  Clock Path Skew:        -0.139ns (DCD - SCD + CPR)
    Destination Clock Delay (DCD):    5.318ns = ( 15.318 - 10.000 ) 
    Source Clock Delay      (SCD):    5.780ns
    Clock Pessimism Removal (CPR):    0.323ns
  Clock Uncertainty:      0.035ns  ((TSJ^2 + TIJ^2)^1/2 + DJ) / 2 + PE
    Total System Jitter     (TSJ):    0.071ns
    Total Input Jitter      (TIJ):    0.000ns
    Discrete Jitter          (DJ):    0.000ns
    Phase Error              (PE):    0.000ns

    Location             Delay type                Incr(ns)  Path(ns)    Netlist Resource(s)
  -------------------------------------------------------------------    -------------------
                         (clock wbClk rise edge)      0.000     0.000 r  
    H16                                               0.000     0.000 r  wbClk (IN)
                         net (fo=0)                   0.000     0.000    wbClk
    H16                  IBUF (Prop_ibuf_I_O)         1.451     1.451 r  wbClk_IBUF_inst/O
                         net (fo=1, routed)           2.522     3.973    wbClk_IBUF
    BUFGCTRL_X0Y16       BUFG (Prop_bufg_I_O)         0.101     4.074 r  wbClk_IBUF_BUFG_inst/O
                         net (fo=704, routed)         1.706     5.780    egressLoop[5].egressFifo/buffer_fifo/rd_clk
    RAMB36_X2Y7          RAMB36E1                                     r  egressLoop[5].egressFifo/buffer_fifo/infer_fifo.block_ram_performance.fifo_ram_reg/CLKBWRCLK
  -------------------------------------------------------------------    -------------------
    RAMB36_X2Y7          RAMB36E1 (Prop_ramb36e1_CLKBWRCLK_DOBDO[31])
                                                      2.454     8.234 r  egressLoop[5].egressFifo/buffer_fifo/infer_fifo.block_ram_performance.fifo_ram_reg/DOBDO[31]
                         net (fo=1, routed)           2.093    10.327    egressLoop[3].egressFifo/buffer_fifo/wbOutputData_reg[31]_0[31]
    SLICE_X55Y39         LUT6 (Prop_lut6_I3_O)        0.124    10.451 r  egressLoop[3].egressFifo/buffer_fifo/wbOutputData[31]_i_6/O
                         net (fo=1, routed)           0.851    11.302    egressLoop[3].egressFifo/buffer_fifo/wbOutputData[31]_i_6_n_0
    SLICE_X55Y44         LUT6 (Prop_lut6_I0_O)        0.124    11.426 r  egressLoop[3].egressFifo/buffer_fifo/wbOutputData[31]_i_3/O
                         net (fo=1, routed)           0.000    11.426    egressLoop[3].egressFifo_n_1
    SLICE_X55Y44         FDRE                                         r  wbOutputData_reg[31]/D
  -------------------------------------------------------------------    -------------------

                         (clock wbClk rise edge)     10.000    10.000 r  
    H16                                               0.000    10.000 r  wbClk (IN)
                         net (fo=0)                   0.000    10.000    wbClk
    H16                  IBUF (Prop_ibuf_I_O)         1.380    11.380 r  wbClk_IBUF_inst/O
                         net (fo=1, routed)           2.293    13.673    wbClk_IBUF
    BUFGCTRL_X0Y16       BUFG (Prop_bufg_I_O)         0.091    13.764 r  wbClk_IBUF_BUFG_inst/O
                         net (fo=704, routed)         1.553    15.318    wbClk_IBUF_BUFG
    SLICE_X55Y44         FDRE                                         r  wbOutputData_reg[31]/C
                         clock pessimism              0.323    15.641    
                         clock uncertainty           -0.035    15.606    
    SLICE_X55Y44         FDRE (Setup_fdre_C_D)        0.031    15.637    wbOutputData_reg[31]
  -------------------------------------------------------------------
                         required time                         15.637    
                         arrival time                         -11.426    
  -------------------------------------------------------------------
                         slack                                  4.211    

Slack (MET) :             4.281ns  (required time - arrival time)
  Source:                 egressLoop[5].egressFifo/buffer_fifo/infer_fifo.block_ram_performance.fifo_ram_reg/CLKBWRCLK
                            (rising edge-triggered cell RAMB36E1 clocked by wbClk  {rise@0.000ns fall@5.000ns period=10.000ns})
  Destination:            wbOutputData_reg[26]/D
                            (rising edge-triggered cell FDRE clocked by wbClk  {rise@0.000ns fall@5.000ns period=10.000ns})
  Path Group:             wbClk
  Path Type:              Setup (Max at Slow Process Corner)
  Requirement:            10.000ns  (wbClk rise@10.000ns - wbClk rise@0.000ns)
  Data Path Delay:        5.574ns  (logic 2.702ns (48.471%)  route 2.872ns (51.529%))
  Logic Levels:           2  (LUT6=2)
  Clock Path Skew:        -0.140ns (DCD - SCD + CPR)
    Destination Clock Delay (DCD):    5.317ns = ( 15.317 - 10.000 ) 
    Source Clock Delay      (SCD):    5.780ns
    Clock Pessimism Removal (CPR):    0.323ns
  Clock Uncertainty:      0.035ns  ((TSJ^2 + TIJ^2)^1/2 + DJ) / 2 + PE
    Total System Jitter     (TSJ):    0.071ns
    Total Input Jitter      (TIJ):    0.000ns
    Discrete Jitter          (DJ):    0.000ns
    Phase Error              (PE):    0.000ns

    Location             Delay type                Incr(ns)  Path(ns)    Netlist Resource(s)
  -------------------------------------------------------------------    -------------------
                         (clock wbClk rise edge)      0.000     0.000 r  
    H16                                               0.000     0.000 r  wbClk (IN)
                         net (fo=0)                   0.000     0.000    wbClk
    H16                  IBUF (Prop_ibuf_I_O)         1.451     1.451 r  wbClk_IBUF_inst/O
                         net (fo=1, routed)           2.522     3.973    wbClk_IBUF
    BUFGCTRL_X0Y16       BUFG (Prop_bufg_I_O)         0.101     4.074 r  wbClk_IBUF_BUFG_inst/O
                         net (fo=704, routed)         1.706     5.780    egressLoop[5].egressFifo/buffer_fifo/rd_clk
    RAMB36_X2Y7          RAMB36E1                                     r  egressLoop[5].egressFifo/buffer_fifo/infer_fifo.block_ram_performance.fifo_ram_reg/CLKBWRCLK
  -------------------------------------------------------------------    -------------------
    RAMB36_X2Y7          RAMB36E1 (Prop_ramb36e1_CLKBWRCLK_DOBDO[26])
                                                      2.454     8.234 r  egressLoop[5].egressFifo/buffer_fifo/infer_fifo.block_ram_performance.fifo_ram_reg/DOBDO[26]
                         net (fo=1, routed)           1.908    10.142    egressLoop[3].egressFifo/buffer_fifo/wbOutputData_reg[31]_0[26]
    SLICE_X55Y38         LUT6 (Prop_lut6_I3_O)        0.124    10.266 r  egressLoop[3].egressFifo/buffer_fifo/wbOutputData[26]_i_2/O
                         net (fo=1, routed)           0.964    11.231    egressLoop[3].egressFifo/buffer_fifo/wbOutputData[26]_i_2_n_0
    SLICE_X55Y41         LUT6 (Prop_lut6_I0_O)        0.124    11.355 r  egressLoop[3].egressFifo/buffer_fifo/wbOutputData[26]_i_1/O
                         net (fo=1, routed)           0.000    11.355    egressLoop[3].egressFifo_n_6
    SLICE_X55Y41         FDRE                                         r  wbOutputData_reg[26]/D
  -------------------------------------------------------------------    -------------------

                         (clock wbClk rise edge)     10.000    10.000 r  
    H16                                               0.000    10.000 r  wbClk (IN)
                         net (fo=0)                   0.000    10.000    wbClk
    H16                  IBUF (Prop_ibuf_I_O)         1.380    11.380 r  wbClk_IBUF_inst/O
                         net (fo=1, routed)           2.293    13.673    wbClk_IBUF
    BUFGCTRL_X0Y16       BUFG (Prop_bufg_I_O)         0.091    13.764 r  wbClk_IBUF_BUFG_inst/O
                         net (fo=704, routed)         1.552    15.317    wbClk_IBUF_BUFG
    SLICE_X55Y41         FDRE                                         r  wbOutputData_reg[26]/C
                         clock pessimism              0.323    15.640    
                         clock uncertainty           -0.035    15.605    
    SLICE_X55Y41         FDRE (Setup_fdre_C_D)        0.031    15.636    wbOutputData_reg[26]
  -------------------------------------------------------------------
                         required time                         15.636    
                         arrival time                         -11.355    
  -------------------------------------------------------------------
                         slack                                  4.281    

Slack (MET) :             4.288ns  (required time - arrival time)
  Source:                 egressLoop[4].egressFifo/buffer_fifo/infer_fifo.block_ram_performance.fifo_ram_reg/CLKBWRCLK
                            (rising edge-triggered cell RAMB36E1 clocked by wbClk  {rise@0.000ns fall@5.000ns period=10.000ns})
  Destination:            wbOutputData_reg[14]/D
                            (rising edge-triggered cell FDRE clocked by wbClk  {rise@0.000ns fall@5.000ns period=10.000ns})
  Path Group:             wbClk
  Path Type:              Setup (Max at Slow Process Corner)
  Requirement:            10.000ns  (wbClk rise@10.000ns - wbClk rise@0.000ns)
  Data Path Delay:        5.505ns  (logic 2.702ns (49.084%)  route 2.803ns (50.916%))
  Logic Levels:           2  (LUT6=2)
  Clock Path Skew:        -0.201ns (DCD - SCD + CPR)
    Destination Clock Delay (DCD):    5.317ns = ( 15.317 - 10.000 ) 
    Source Clock Delay      (SCD):    5.827ns
    Clock Pessimism Removal (CPR):    0.309ns
  Clock Uncertainty:      0.035ns  ((TSJ^2 + TIJ^2)^1/2 + DJ) / 2 + PE
    Total System Jitter     (TSJ):    0.071ns
    Total Input Jitter      (TIJ):    0.000ns
    Discrete Jitter          (DJ):    0.000ns
    Phase Error              (PE):    0.000ns

    Location             Delay type                Incr(ns)  Path(ns)    Netlist Resource(s)
  -------------------------------------------------------------------    -------------------
                         (clock wbClk rise edge)      0.000     0.000 r  
    H16                                               0.000     0.000 r  wbClk (IN)
                         net (fo=0)                   0.000     0.000    wbClk
    H16                  IBUF (Prop_ibuf_I_O)         1.451     1.451 r  wbClk_IBUF_inst/O
                         net (fo=1, routed)           2.522     3.973    wbClk_IBUF
    BUFGCTRL_X0Y16       BUFG (Prop_bufg_I_O)         0.101     4.074 r  wbClk_IBUF_BUFG_inst/O
                         net (fo=704, routed)         1.753     5.827    egressLoop[4].egressFifo/buffer_fifo/rd_clk
    RAMB36_X3Y11         RAMB36E1                                     r  egressLoop[4].egressFifo/buffer_fifo/infer_fifo.block_ram_performance.fifo_ram_reg/CLKBWRCLK
  -------------------------------------------------------------------    -------------------
    RAMB36_X3Y11         RAMB36E1 (Prop_ramb36e1_CLKBWRCLK_DOBDO[14])
                                                      2.454     8.281 r  egressLoop[4].egressFifo/buffer_fifo/infer_fifo.block_ram_performance.fifo_ram_reg/DOBDO[14]
                         net (fo=1, routed)           1.787    10.068    egressLoop[3].egressFifo/buffer_fifo/wbOutputData_reg[31]_1[14]
    SLICE_X54Y37         LUT6 (Prop_lut6_I5_O)        0.124    10.192 r  egressLoop[3].egressFifo/buffer_fifo/wbOutputData[14]_i_2/O
                         net (fo=1, routed)           1.016    11.208    egressLoop[3].egressFifo/buffer_fifo/wbOutputData[14]_i_2_n_0
    SLICE_X55Y42         LUT6 (Prop_lut6_I0_O)        0.124    11.332 r  egressLoop[3].egressFifo/buffer_fifo/wbOutputData[14]_i_1/O
                         net (fo=1, routed)           0.000    11.332    egressLoop[3].egressFifo_n_18
    SLICE_X55Y42         FDRE                                         r  wbOutputData_reg[14]/D
  -------------------------------------------------------------------    -------------------

                         (clock wbClk rise edge)     10.000    10.000 r  
    H16                                               0.000    10.000 r  wbClk (IN)
                         net (fo=0)                   0.000    10.000    wbClk
    H16                  IBUF (Prop_ibuf_I_O)         1.380    11.380 r  wbClk_IBUF_inst/O
                         net (fo=1, routed)           2.293    13.673    wbClk_IBUF
    BUFGCTRL_X0Y16       BUFG (Prop_bufg_I_O)         0.091    13.764 r  wbClk_IBUF_BUFG_inst/O
                         net (fo=704, routed)         1.552    15.317    wbClk_IBUF_BUFG
    SLICE_X55Y42         FDRE                                         r  wbOutputData_reg[14]/C
                         clock pessimism              0.309    15.626    
                         clock uncertainty           -0.035    15.591    
    SLICE_X55Y42         FDRE (Setup_fdre_C_D)        0.029    15.620    wbOutputData_reg[14]
  -------------------------------------------------------------------
                         required time                         15.620    
                         arrival time                         -11.332    
  -------------------------------------------------------------------
                         slack                                  4.288    

Slack (MET) :             4.293ns  (required time - arrival time)
  Source:                 egressLoop[5].egressFifo/buffer_fifo/infer_fifo.block_ram_performance.fifo_ram_reg/CLKBWRCLK
                            (rising edge-triggered cell RAMB36E1 clocked by wbClk  {rise@0.000ns fall@5.000ns period=10.000ns})
  Destination:            wbOutputData_reg[21]/D
                            (rising edge-triggered cell FDRE clocked by wbClk  {rise@0.000ns fall@5.000ns period=10.000ns})
  Path Group:             wbClk
  Path Type:              Setup (Max at Slow Process Corner)
  Requirement:            10.000ns  (wbClk rise@10.000ns - wbClk rise@0.000ns)
  Data Path Delay:        5.613ns  (logic 2.702ns (48.136%)  route 2.911ns (51.864%))
  Logic Levels:           2  (LUT6=2)
  Clock Path Skew:        -0.139ns (DCD - SCD + CPR)
    Destination Clock Delay (DCD):    5.318ns = ( 15.318 - 10.000 ) 
    Source Clock Delay      (SCD):    5.780ns
    Clock Pessimism Removal (CPR):    0.323ns
  Clock Uncertainty:      0.035ns  ((TSJ^2 + TIJ^2)^1/2 + DJ) / 2 + PE
    Total System Jitter     (TSJ):    0.071ns
    Total Input Jitter      (TIJ):    0.000ns
    Discrete Jitter          (DJ):    0.000ns
    Phase Error              (PE):    0.000ns

    Location             Delay type                Incr(ns)  Path(ns)    Netlist Resource(s)
  -------------------------------------------------------------------    -------------------
                         (clock wbClk rise edge)      0.000     0.000 r  
    H16                                               0.000     0.000 r  wbClk (IN)
                         net (fo=0)                   0.000     0.000    wbClk
    H16                  IBUF (Prop_ibuf_I_O)         1.451     1.451 r  wbClk_IBUF_inst/O
                         net (fo=1, routed)           2.522     3.973    wbClk_IBUF
    BUFGCTRL_X0Y16       BUFG (Prop_bufg_I_O)         0.101     4.074 r  wbClk_IBUF_BUFG_inst/O
                         net (fo=704, routed)         1.706     5.780    egressLoop[5].egressFifo/buffer_fifo/rd_clk
    RAMB36_X2Y7          RAMB36E1                                     r  egressLoop[5].egressFifo/buffer_fifo/infer_fifo.block_ram_performance.fifo_ram_reg/CLKBWRCLK
  -------------------------------------------------------------------    -------------------
    RAMB36_X2Y7          RAMB36E1 (Prop_ramb36e1_CLKBWRCLK_DOBDO[21])
                                                      2.454     8.234 r  egressLoop[5].egressFifo/buffer_fifo/infer_fifo.block_ram_performance.fifo_ram_reg/DOBDO[21]
                         net (fo=1, routed)           1.955    10.189    egressLoop[3].egressFifo/buffer_fifo/wbOutputData_reg[31]_0[21]
    SLICE_X54Y39         LUT6 (Prop_lut6_I3_O)        0.124    10.313 r  egressLoop[3].egressFifo/buffer_fifo/wbOutputData[21]_i_2/O
                         net (fo=1, routed)           0.956    11.269    egressLoop[3].egressFifo/buffer_fifo/wbOutputData[21]_i_2_n_0
    SLICE_X54Y43         LUT6 (Prop_lut6_I0_O)        0.124    11.393 r  egressLoop[3].egressFifo/buffer_fifo/wbOutputData[21]_i_1/O
                         net (fo=1, routed)           0.000    11.393    egressLoop[3].egressFifo_n_11
    SLICE_X54Y43         FDRE                                         r  wbOutputData_reg[21]/D
  -------------------------------------------------------------------    -------------------

                         (clock wbClk rise edge)     10.000    10.000 r  
    H16                                               0.000    10.000 r  wbClk (IN)
                         net (fo=0)                   0.000    10.000    wbClk
    H16                  IBUF (Prop_ibuf_I_O)         1.380    11.380 r  wbClk_IBUF_inst/O
                         net (fo=1, routed)           2.293    13.673    wbClk_IBUF
    BUFGCTRL_X0Y16       BUFG (Prop_bufg_I_O)         0.091    13.764 r  wbClk_IBUF_BUFG_inst/O
                         net (fo=704, routed)         1.553    15.318    wbClk_IBUF_BUFG
    SLICE_X54Y43         FDRE                                         r  wbOutputData_reg[21]/C
                         clock pessimism              0.323    15.641    
                         clock uncertainty           -0.035    15.606    
    SLICE_X54Y43         FDRE (Setup_fdre_C_D)        0.081    15.687    wbOutputData_reg[21]
  -------------------------------------------------------------------
                         required time                         15.687    
                         arrival time                         -11.393    
  -------------------------------------------------------------------
                         slack                                  4.293    

Slack (MET) :             4.302ns  (required time - arrival time)
  Source:                 egressLoop[4].egressFifo/buffer_fifo/infer_fifo.block_ram_performance.fifo_ram_reg/CLKBWRCLK
                            (rising edge-triggered cell RAMB36E1 clocked by wbClk  {rise@0.000ns fall@5.000ns period=10.000ns})
  Destination:            wbOutputData_reg[10]/D
                            (rising edge-triggered cell FDRE clocked by wbClk  {rise@0.000ns fall@5.000ns period=10.000ns})
  Path Group:             wbClk
  Path Type:              Setup (Max at Slow Process Corner)
  Requirement:            10.000ns  (wbClk rise@10.000ns - wbClk rise@0.000ns)
  Data Path Delay:        5.490ns  (logic 2.702ns (49.216%)  route 2.788ns (50.784%))
  Logic Levels:           2  (LUT6=2)
  Clock Path Skew:        -0.201ns (DCD - SCD + CPR)
    Destination Clock Delay (DCD):    5.317ns = ( 15.317 - 10.000 ) 
    Source Clock Delay      (SCD):    5.827ns
    Clock Pessimism Removal (CPR):    0.309ns
  Clock Uncertainty:      0.035ns  ((TSJ^2 + TIJ^2)^1/2 + DJ) / 2 + PE
    Total System Jitter     (TSJ):    0.071ns
    Total Input Jitter      (TIJ):    0.000ns
    Discrete Jitter          (DJ):    0.000ns
    Phase Error              (PE):    0.000ns

    Location             Delay type                Incr(ns)  Path(ns)    Netlist Resource(s)
  -------------------------------------------------------------------    -------------------
                         (clock wbClk rise edge)      0.000     0.000 r  
    H16                                               0.000     0.000 r  wbClk (IN)
                         net (fo=0)                   0.000     0.000    wbClk
    H16                  IBUF (Prop_ibuf_I_O)         1.451     1.451 r  wbClk_IBUF_inst/O
                         net (fo=1, routed)           2.522     3.973    wbClk_IBUF
    BUFGCTRL_X0Y16       BUFG (Prop_bufg_I_O)         0.101     4.074 r  wbClk_IBUF_BUFG_inst/O
                         net (fo=704, routed)         1.753     5.827    egressLoop[4].egressFifo/buffer_fifo/rd_clk
    RAMB36_X3Y11         RAMB36E1                                     r  egressLoop[4].egressFifo/buffer_fifo/infer_fifo.block_ram_performance.fifo_ram_reg/CLKBWRCLK
  -------------------------------------------------------------------    -------------------
    RAMB36_X3Y11         RAMB36E1 (Prop_ramb36e1_CLKBWRCLK_DOBDO[10])
                                                      2.454     8.281 r  egressLoop[4].egressFifo/buffer_fifo/infer_fifo.block_ram_performance.fifo_ram_reg/DOBDO[10]
                         net (fo=1, routed)           1.848    10.129    egressLoop[3].egressFifo/buffer_fifo/wbOutputData_reg[31]_1[10]
    SLICE_X54Y37         LUT6 (Prop_lut6_I5_O)        0.124    10.253 r  egressLoop[3].egressFifo/buffer_fifo/wbOutputData[10]_i_2/O
                         net (fo=1, routed)           0.940    11.193    egressLoop[3].egressFifo/buffer_fifo/wbOutputData[10]_i_2_n_0
    SLICE_X55Y41         LUT6 (Prop_lut6_I0_O)        0.124    11.317 r  egressLoop[3].egressFifo/buffer_fifo/wbOutputData[10]_i_1/O
                         net (fo=1, routed)           0.000    11.317    egressLoop[3].egressFifo_n_22
    SLICE_X55Y41         FDRE                                         r  wbOutputData_reg[10]/D
  -------------------------------------------------------------------    -------------------

                         (clock wbClk rise edge)     10.000    10.000 r  
    H16                                               0.000    10.000 r  wbClk (IN)
                         net (fo=0)                   0.000    10.000    wbClk
    H16                  IBUF (Prop_ibuf_I_O)         1.380    11.380 r  wbClk_IBUF_inst/O
                         net (fo=1, routed)           2.293    13.673    wbClk_IBUF
    BUFGCTRL_X0Y16       BUFG (Prop_bufg_I_O)         0.091    13.764 r  wbClk_IBUF_BUFG_inst/O
                         net (fo=704, routed)         1.552    15.317    wbClk_IBUF_BUFG
    SLICE_X55Y41         FDRE                                         r  wbOutputData_reg[10]/C
                         clock pessimism              0.309    15.626    
                         clock uncertainty           -0.035    15.591    
    SLICE_X55Y41         FDRE (Setup_fdre_C_D)        0.029    15.620    wbOutputData_reg[10]
  -------------------------------------------------------------------
                         required time                         15.620    
                         arrival time                         -11.317    
  -------------------------------------------------------------------
                         slack                                  4.302    

Slack (MET) :             4.328ns  (required time - arrival time)
  Source:                 wbDataForInputReg_reg/C
                            (rising edge-triggered cell FDRE clocked by wbClk  {rise@0.000ns fall@5.000ns period=10.000ns})
  Destination:            ingressLoop[5].ingressFifo/buffer_fifo/infer_fifo.wr_addr_reg[1]/CE
                            (rising edge-triggered cell FDCE clocked by wbClk  {rise@0.000ns fall@5.000ns period=10.000ns})
  Path Group:             wbClk
  Path Type:              Setup (Max at Slow Process Corner)
  Requirement:            10.000ns  (wbClk rise@10.000ns - wbClk rise@0.000ns)
  Data Path Delay:        5.154ns  (logic 0.606ns (11.758%)  route 4.548ns (88.242%))
  Logic Levels:           1  (LUT5=1)
  Clock Path Skew:        -0.090ns (DCD - SCD + CPR)
    Destination Clock Delay (DCD):    5.385ns = ( 15.385 - 10.000 ) 
    Source Clock Delay      (SCD):    5.784ns
    Clock Pessimism Removal (CPR):    0.309ns
  Clock Uncertainty:      0.035ns  ((TSJ^2 + TIJ^2)^1/2 + DJ) / 2 + PE
    Total System Jitter     (TSJ):    0.071ns
    Total Input Jitter      (TIJ):    0.000ns
    Discrete Jitter          (DJ):    0.000ns
    Phase Error              (PE):    0.000ns

    Location             Delay type                Incr(ns)  Path(ns)    Netlist Resource(s)
  -------------------------------------------------------------------    -------------------
                         (clock wbClk rise edge)      0.000     0.000 r  
    H16                                               0.000     0.000 r  wbClk (IN)
                         net (fo=0)                   0.000     0.000    wbClk
    H16                  IBUF (Prop_ibuf_I_O)         1.451     1.451 r  wbClk_IBUF_inst/O
                         net (fo=1, routed)           2.522     3.973    wbClk_IBUF
    BUFGCTRL_X0Y16       BUFG (Prop_bufg_I_O)         0.101     4.074 r  wbClk_IBUF_BUFG_inst/O
                         net (fo=704, routed)         1.710     5.784    wbClk_IBUF_BUFG
    SLICE_X65Y63         FDRE                                         r  wbDataForInputReg_reg/C
  -------------------------------------------------------------------    -------------------
    SLICE_X65Y63         FDRE (Prop_fdre_C_Q)         0.456     6.240 r  wbDataForInputReg_reg/Q
                         net (fo=19, routed)          2.795     9.034    ingressLoop[5].ingressFifo/buffer_fifo/wbDataForInputReg
    SLICE_X90Y41         LUT5 (Prop_lut5_I0_O)        0.150     9.184 r  ingressLoop[5].ingressFifo/buffer_fifo/infer_fifo.wr_addr[9]_i_1__0/O
                         net (fo=39, routed)          1.753    10.937    ingressLoop[5].ingressFifo/buffer_fifo/infer_fifo.wr_addr[9]_i_1__0_n_0
    SLICE_X100Y36        FDCE                                         r  ingressLoop[5].ingressFifo/buffer_fifo/infer_fifo.wr_addr_reg[1]/CE
  -------------------------------------------------------------------    -------------------

                         (clock wbClk rise edge)     10.000    10.000 r  
    H16                                               0.000    10.000 r  wbClk (IN)
                         net (fo=0)                   0.000    10.000    wbClk
    H16                  IBUF (Prop_ibuf_I_O)         1.380    11.380 r  wbClk_IBUF_inst/O
                         net (fo=1, routed)           2.293    13.673    wbClk_IBUF
    BUFGCTRL_X0Y16       BUFG (Prop_bufg_I_O)         0.091    13.764 r  wbClk_IBUF_BUFG_inst/O
                         net (fo=704, routed)         1.620    15.385    ingressLoop[5].ingressFifo/buffer_fifo/rd_clk
    SLICE_X100Y36        FDCE                                         r  ingressLoop[5].ingressFifo/buffer_fifo/infer_fifo.wr_addr_reg[1]/C
                         clock pessimism              0.309    15.694    
                         clock uncertainty           -0.035    15.659    
    SLICE_X100Y36        FDCE (Setup_fdce_C_CE)      -0.393    15.266    ingressLoop[5].ingressFifo/buffer_fifo/infer_fifo.wr_addr_reg[1]
  -------------------------------------------------------------------
                         required time                         15.266    
                         arrival time                         -10.937    
  -------------------------------------------------------------------
                         slack                                  4.328    

Slack (MET) :             4.328ns  (required time - arrival time)
  Source:                 wbDataForInputReg_reg/C
                            (rising edge-triggered cell FDRE clocked by wbClk  {rise@0.000ns fall@5.000ns period=10.000ns})
  Destination:            ingressLoop[5].ingressFifo/buffer_fifo/infer_fifo.wr_addr_reg[4]/CE
                            (rising edge-triggered cell FDCE clocked by wbClk  {rise@0.000ns fall@5.000ns period=10.000ns})
  Path Group:             wbClk
  Path Type:              Setup (Max at Slow Process Corner)
  Requirement:            10.000ns  (wbClk rise@10.000ns - wbClk rise@0.000ns)
  Data Path Delay:        5.154ns  (logic 0.606ns (11.758%)  route 4.548ns (88.242%))
  Logic Levels:           1  (LUT5=1)
  Clock Path Skew:        -0.090ns (DCD - SCD + CPR)
    Destination Clock Delay (DCD):    5.385ns = ( 15.385 - 10.000 ) 
    Source Clock Delay      (SCD):    5.784ns
    Clock Pessimism Removal (CPR):    0.309ns
  Clock Uncertainty:      0.035ns  ((TSJ^2 + TIJ^2)^1/2 + DJ) / 2 + PE
    Total System Jitter     (TSJ):    0.071ns
    Total Input Jitter      (TIJ):    0.000ns
    Discrete Jitter          (DJ):    0.000ns
    Phase Error              (PE):    0.000ns

    Location             Delay type                Incr(ns)  Path(ns)    Netlist Resource(s)
  -------------------------------------------------------------------    -------------------
                         (clock wbClk rise edge)      0.000     0.000 r  
    H16                                               0.000     0.000 r  wbClk (IN)
                         net (fo=0)                   0.000     0.000    wbClk
    H16                  IBUF (Prop_ibuf_I_O)         1.451     1.451 r  wbClk_IBUF_inst/O
                         net (fo=1, routed)           2.522     3.973    wbClk_IBUF
    BUFGCTRL_X0Y16       BUFG (Prop_bufg_I_O)         0.101     4.074 r  wbClk_IBUF_BUFG_inst/O
                         net (fo=704, routed)         1.710     5.784    wbClk_IBUF_BUFG
    SLICE_X65Y63         FDRE                                         r  wbDataForInputReg_reg/C
  -------------------------------------------------------------------    -------------------
    SLICE_X65Y63         FDRE (Prop_fdre_C_Q)         0.456     6.240 r  wbDataForInputReg_reg/Q
                         net (fo=19, routed)          2.795     9.034    ingressLoop[5].ingressFifo/buffer_fifo/wbDataForInputReg
    SLICE_X90Y41         LUT5 (Prop_lut5_I0_O)        0.150     9.184 r  ingressLoop[5].ingressFifo/buffer_fifo/infer_fifo.wr_addr[9]_i_1__0/O
                         net (fo=39, routed)          1.753    10.937    ingressLoop[5].ingressFifo/buffer_fifo/infer_fifo.wr_addr[9]_i_1__0_n_0
    SLICE_X100Y36        FDCE                                         r  ingressLoop[5].ingressFifo/buffer_fifo/infer_fifo.wr_addr_reg[4]/CE
  -------------------------------------------------------------------    -------------------

                         (clock wbClk rise edge)     10.000    10.000 r  
    H16                                               0.000    10.000 r  wbClk (IN)
                         net (fo=0)                   0.000    10.000    wbClk
    H16                  IBUF (Prop_ibuf_I_O)         1.380    11.380 r  wbClk_IBUF_inst/O
                         net (fo=1, routed)           2.293    13.673    wbClk_IBUF
    BUFGCTRL_X0Y16       BUFG (Prop_bufg_I_O)         0.091    13.764 r  wbClk_IBUF_BUFG_inst/O
                         net (fo=704, routed)         1.620    15.385    ingressLoop[5].ingressFifo/buffer_fifo/rd_clk
    SLICE_X100Y36        FDCE                                         r  ingressLoop[5].ingressFifo/buffer_fifo/infer_fifo.wr_addr_reg[4]/C
                         clock pessimism              0.309    15.694    
                         clock uncertainty           -0.035    15.659    
    SLICE_X100Y36        FDCE (Setup_fdce_C_CE)      -0.393    15.266    ingressLoop[5].ingressFifo/buffer_fifo/infer_fifo.wr_addr_reg[4]
  -------------------------------------------------------------------
                         required time                         15.266    
                         arrival time                         -10.937    
  -------------------------------------------------------------------
                         slack                                  4.328    





Min Delay Paths
--------------------------------------------------------------------------------------
Slack (MET) :             0.034ns  (arrival time - required time)
  Source:                 egressLoop[0].egressFifo/buffer_fifo/infer_fifo.next_rd_addr_reg[0]/C
                            (rising edge-triggered cell FDPE clocked by wbClk  {rise@0.000ns fall@5.000ns period=10.000ns})
  Destination:            egressLoop[0].egressFifo/buffer_fifo/infer_fifo.rd_addr_reg[0]/D
                            (rising edge-triggered cell FDCE clocked by wbClk  {rise@0.000ns fall@5.000ns period=10.000ns})
  Path Group:             wbClk
  Path Type:              Hold (Min at Fast Process Corner)
  Requirement:            0.000ns  (wbClk rise@0.000ns - wbClk rise@0.000ns)
  Data Path Delay:        0.300ns  (logic 0.128ns (42.673%)  route 0.172ns (57.327%))
  Logic Levels:           0  
  Clock Path Skew:        0.260ns (DCD - SCD - CPR)
    Destination Clock Delay (DCD):    2.163ns
    Source Clock Delay      (SCD):    1.642ns
    Clock Pessimism Removal (CPR):    0.261ns

    Location             Delay type                Incr(ns)  Path(ns)    Netlist Resource(s)
  -------------------------------------------------------------------    -------------------
                         (clock wbClk rise edge)      0.000     0.000 r  
    H16                                               0.000     0.000 r  wbClk (IN)
                         net (fo=0)                   0.000     0.000    wbClk
    H16                  IBUF (Prop_ibuf_I_O)         0.219     0.219 r  wbClk_IBUF_inst/O
                         net (fo=1, routed)           0.842     1.060    wbClk_IBUF
    BUFGCTRL_X0Y16       BUFG (Prop_bufg_I_O)         0.026     1.086 r  wbClk_IBUF_BUFG_inst/O
                         net (fo=704, routed)         0.556     1.642    egressLoop[0].egressFifo/buffer_fifo/rd_clk
    SLICE_X48Y52         FDPE                                         r  egressLoop[0].egressFifo/buffer_fifo/infer_fifo.next_rd_addr_reg[0]/C
  -------------------------------------------------------------------    -------------------
    SLICE_X48Y52         FDPE (Prop_fdpe_C_Q)         0.128     1.770 r  egressLoop[0].egressFifo/buffer_fifo/infer_fifo.next_rd_addr_reg[0]/Q
                         net (fo=2, routed)           0.172     1.942    egressLoop[0].egressFifo/buffer_fifo/infer_fifo.next_rd_addr[0]
    SLICE_X50Y52         FDCE                                         r  egressLoop[0].egressFifo/buffer_fifo/infer_fifo.rd_addr_reg[0]/D
  -------------------------------------------------------------------    -------------------

                         (clock wbClk rise edge)      0.000     0.000 r  
    H16                                               0.000     0.000 r  wbClk (IN)
                         net (fo=0)                   0.000     0.000    wbClk
    H16                  IBUF (Prop_ibuf_I_O)         0.406     0.406 r  wbClk_IBUF_inst/O
                         net (fo=1, routed)           0.907     1.313    wbClk_IBUF
    BUFGCTRL_X0Y16       BUFG (Prop_bufg_I_O)         0.029     1.342 r  wbClk_IBUF_BUFG_inst/O
                         net (fo=704, routed)         0.821     2.163    egressLoop[0].egressFifo/buffer_fifo/rd_clk
    SLICE_X50Y52         FDCE                                         r  egressLoop[0].egressFifo/buffer_fifo/infer_fifo.rd_addr_reg[0]/C
                         clock pessimism             -0.261     1.902    
    SLICE_X50Y52         FDCE (Hold_fdce_C_D)         0.006     1.908    egressLoop[0].egressFifo/buffer_fifo/infer_fifo.rd_addr_reg[0]
  -------------------------------------------------------------------
                         required time                         -1.908    
                         arrival time                           1.942    
  -------------------------------------------------------------------
                         slack                                  0.034    

Slack (MET) :             0.049ns  (arrival time - required time)
  Source:                 egressLoop[2].egressFifo/buffer_fifo/infer_fifo.next_rd_addr_reg[8]/C
                            (rising edge-triggered cell FDCE clocked by wbClk  {rise@0.000ns fall@5.000ns period=10.000ns})
  Destination:            egressLoop[2].egressFifo/buffer_fifo/infer_fifo.rd_addr_reg[8]/D
                            (rising edge-triggered cell FDCE clocked by wbClk  {rise@0.000ns fall@5.000ns period=10.000ns})
  Path Group:             wbClk
  Path Type:              Hold (Min at Fast Process Corner)
  Requirement:            0.000ns  (wbClk rise@0.000ns - wbClk rise@0.000ns)
  Data Path Delay:        0.377ns  (logic 0.141ns (37.410%)  route 0.236ns (62.590%))
  Logic Levels:           0  
  Clock Path Skew:        0.258ns (DCD - SCD - CPR)
    Destination Clock Delay (DCD):    2.167ns
    Source Clock Delay      (SCD):    1.648ns
    Clock Pessimism Removal (CPR):    0.261ns

    Location             Delay type                Incr(ns)  Path(ns)    Netlist Resource(s)
  -------------------------------------------------------------------    -------------------
                         (clock wbClk rise edge)      0.000     0.000 r  
    H16                                               0.000     0.000 r  wbClk (IN)
                         net (fo=0)                   0.000     0.000    wbClk
    H16                  IBUF (Prop_ibuf_I_O)         0.219     0.219 r  wbClk_IBUF_inst/O
                         net (fo=1, routed)           0.842     1.060    wbClk_IBUF
    BUFGCTRL_X0Y16       BUFG (Prop_bufg_I_O)         0.026     1.086 r  wbClk_IBUF_BUFG_inst/O
                         net (fo=704, routed)         0.562     1.648    egressLoop[2].egressFifo/buffer_fifo/rd_clk
    SLICE_X47Y44         FDCE                                         r  egressLoop[2].egressFifo/buffer_fifo/infer_fifo.next_rd_addr_reg[8]/C
  -------------------------------------------------------------------    -------------------
    SLICE_X47Y44         FDCE (Prop_fdce_C_Q)         0.141     1.789 r  egressLoop[2].egressFifo/buffer_fifo/infer_fifo.next_rd_addr_reg[8]/Q
                         net (fo=2, routed)           0.236     2.025    egressLoop[2].egressFifo/buffer_fifo/infer_fifo.next_rd_addr[8]
    SLICE_X51Y44         FDCE                                         r  egressLoop[2].egressFifo/buffer_fifo/infer_fifo.rd_addr_reg[8]/D
  -------------------------------------------------------------------    -------------------

                         (clock wbClk rise edge)      0.000     0.000 r  
    H16                                               0.000     0.000 r  wbClk (IN)
                         net (fo=0)                   0.000     0.000    wbClk
    H16                  IBUF (Prop_ibuf_I_O)         0.406     0.406 r  wbClk_IBUF_inst/O
                         net (fo=1, routed)           0.907     1.313    wbClk_IBUF
    BUFGCTRL_X0Y16       BUFG (Prop_bufg_I_O)         0.029     1.342 r  wbClk_IBUF_BUFG_inst/O
                         net (fo=704, routed)         0.825     2.167    egressLoop[2].egressFifo/buffer_fifo/rd_clk
    SLICE_X51Y44         FDCE                                         r  egressLoop[2].egressFifo/buffer_fifo/infer_fifo.rd_addr_reg[8]/C
                         clock pessimism             -0.261     1.906    
    SLICE_X51Y44         FDCE (Hold_fdce_C_D)         0.070     1.976    egressLoop[2].egressFifo/buffer_fifo/infer_fifo.rd_addr_reg[8]
  -------------------------------------------------------------------
                         required time                         -1.976    
                         arrival time                           2.025    
  -------------------------------------------------------------------
                         slack                                  0.049    

Slack (MET) :             0.058ns  (arrival time - required time)
  Source:                 egressLoop[2].egressFifo/buffer_fifo/infer_fifo.next_rd_addr_reg[0]/C
                            (rising edge-triggered cell FDPE clocked by wbClk  {rise@0.000ns fall@5.000ns period=10.000ns})
  Destination:            egressLoop[2].egressFifo/buffer_fifo/infer_fifo.rd_addr_reg[0]/D
                            (rising edge-triggered cell FDCE clocked by wbClk  {rise@0.000ns fall@5.000ns period=10.000ns})
  Path Group:             wbClk
  Path Type:              Hold (Min at Fast Process Corner)
  Requirement:            0.000ns  (wbClk rise@0.000ns - wbClk rise@0.000ns)
  Data Path Delay:        0.322ns  (logic 0.128ns (39.753%)  route 0.194ns (60.247%))
  Logic Levels:           0  
  Clock Path Skew:        0.258ns (DCD - SCD - CPR)
    Destination Clock Delay (DCD):    2.167ns
    Source Clock Delay      (SCD):    1.648ns
    Clock Pessimism Removal (CPR):    0.261ns

    Location             Delay type                Incr(ns)  Path(ns)    Netlist Resource(s)
  -------------------------------------------------------------------    -------------------
                         (clock wbClk rise edge)      0.000     0.000 r  
    H16                                               0.000     0.000 r  wbClk (IN)
                         net (fo=0)                   0.000     0.000    wbClk
    H16                  IBUF (Prop_ibuf_I_O)         0.219     0.219 r  wbClk_IBUF_inst/O
                         net (fo=1, routed)           0.842     1.060    wbClk_IBUF
    BUFGCTRL_X0Y16       BUFG (Prop_bufg_I_O)         0.026     1.086 r  wbClk_IBUF_BUFG_inst/O
                         net (fo=704, routed)         0.562     1.648    egressLoop[2].egressFifo/buffer_fifo/rd_clk
    SLICE_X45Y44         FDPE                                         r  egressLoop[2].egressFifo/buffer_fifo/infer_fifo.next_rd_addr_reg[0]/C
  -------------------------------------------------------------------    -------------------
    SLICE_X45Y44         FDPE (Prop_fdpe_C_Q)         0.128     1.776 r  egressLoop[2].egressFifo/buffer_fifo/infer_fifo.next_rd_addr_reg[0]/Q
                         net (fo=2, routed)           0.194     1.970    egressLoop[2].egressFifo/buffer_fifo/infer_fifo.next_rd_addr[0]
    SLICE_X50Y44         FDCE                                         r  egressLoop[2].egressFifo/buffer_fifo/infer_fifo.rd_addr_reg[0]/D
  -------------------------------------------------------------------    -------------------

                         (clock wbClk rise edge)      0.000     0.000 r  
    H16                                               0.000     0.000 r  wbClk (IN)
                         net (fo=0)                   0.000     0.000    wbClk
    H16                  IBUF (Prop_ibuf_I_O)         0.406     0.406 r  wbClk_IBUF_inst/O
                         net (fo=1, routed)           0.907     1.313    wbClk_IBUF
    BUFGCTRL_X0Y16       BUFG (Prop_bufg_I_O)         0.029     1.342 r  wbClk_IBUF_BUFG_inst/O
                         net (fo=704, routed)         0.825     2.167    egressLoop[2].egressFifo/buffer_fifo/rd_clk
    SLICE_X50Y44         FDCE                                         r  egressLoop[2].egressFifo/buffer_fifo/infer_fifo.rd_addr_reg[0]/C
                         clock pessimism             -0.261     1.906    
    SLICE_X50Y44         FDCE (Hold_fdce_C_D)         0.006     1.912    egressLoop[2].egressFifo/buffer_fifo/infer_fifo.rd_addr_reg[0]
  -------------------------------------------------------------------
                         required time                         -1.912    
                         arrival time                           1.970    
  -------------------------------------------------------------------
                         slack                                  0.058    

Slack (MET) :             0.079ns  (arrival time - required time)
  Source:                 egressLoop[2].egressFifo/buffer_fifo/infer_fifo.next_rd_addr_reg[3]/C
                            (rising edge-triggered cell FDCE clocked by wbClk  {rise@0.000ns fall@5.000ns period=10.000ns})
  Destination:            egressLoop[2].egressFifo/buffer_fifo/infer_fifo.rd_addr_reg[3]/D
                            (rising edge-triggered cell FDCE clocked by wbClk  {rise@0.000ns fall@5.000ns period=10.000ns})
  Path Group:             wbClk
  Path Type:              Hold (Min at Fast Process Corner)
  Requirement:            0.000ns  (wbClk rise@0.000ns - wbClk rise@0.000ns)
  Data Path Delay:        0.400ns  (logic 0.164ns (41.010%)  route 0.236ns (58.990%))
  Logic Levels:           0  
  Clock Path Skew:        0.258ns (DCD - SCD - CPR)
    Destination Clock Delay (DCD):    2.167ns
    Source Clock Delay      (SCD):    1.648ns
    Clock Pessimism Removal (CPR):    0.261ns

    Location             Delay type                Incr(ns)  Path(ns)    Netlist Resource(s)
  -------------------------------------------------------------------    -------------------
                         (clock wbClk rise edge)      0.000     0.000 r  
    H16                                               0.000     0.000 r  wbClk (IN)
                         net (fo=0)                   0.000     0.000    wbClk
    H16                  IBUF (Prop_ibuf_I_O)         0.219     0.219 r  wbClk_IBUF_inst/O
                         net (fo=1, routed)           0.842     1.060    wbClk_IBUF
    BUFGCTRL_X0Y16       BUFG (Prop_bufg_I_O)         0.026     1.086 r  wbClk_IBUF_BUFG_inst/O
                         net (fo=704, routed)         0.562     1.648    egressLoop[2].egressFifo/buffer_fifo/rd_clk
    SLICE_X46Y44         FDCE                                         r  egressLoop[2].egressFifo/buffer_fifo/infer_fifo.next_rd_addr_reg[3]/C
  -------------------------------------------------------------------    -------------------
    SLICE_X46Y44         FDCE (Prop_fdce_C_Q)         0.164     1.812 r  egressLoop[2].egressFifo/buffer_fifo/infer_fifo.next_rd_addr_reg[3]/Q
                         net (fo=2, routed)           0.236     2.048    egressLoop[2].egressFifo/buffer_fifo/infer_fifo.next_rd_addr[3]
    SLICE_X50Y44         FDCE                                         r  egressLoop[2].egressFifo/buffer_fifo/infer_fifo.rd_addr_reg[3]/D
  -------------------------------------------------------------------    -------------------

                         (clock wbClk rise edge)      0.000     0.000 r  
    H16                                               0.000     0.000 r  wbClk (IN)
                         net (fo=0)                   0.000     0.000    wbClk
    H16                  IBUF (Prop_ibuf_I_O)         0.406     0.406 r  wbClk_IBUF_inst/O
                         net (fo=1, routed)           0.907     1.313    wbClk_IBUF
    BUFGCTRL_X0Y16       BUFG (Prop_bufg_I_O)         0.029     1.342 r  wbClk_IBUF_BUFG_inst/O
                         net (fo=704, routed)         0.825     2.167    egressLoop[2].egressFifo/buffer_fifo/rd_clk
    SLICE_X50Y44         FDCE                                         r  egressLoop[2].egressFifo/buffer_fifo/infer_fifo.rd_addr_reg[3]/C
                         clock pessimism             -0.261     1.906    
    SLICE_X50Y44         FDCE (Hold_fdce_C_D)         0.063     1.969    egressLoop[2].egressFifo/buffer_fifo/infer_fifo.rd_addr_reg[3]
  -------------------------------------------------------------------
                         required time                         -1.969    
                         arrival time                           2.048    
  -------------------------------------------------------------------
                         slack                                  0.079    

Slack (MET) :             0.086ns  (arrival time - required time)
  Source:                 egressLoop[4].egressFifo/buffer_fifo/infer_fifo.rd_addr_reg[2]/C
                            (rising edge-triggered cell FDCE clocked by wbClk  {rise@0.000ns fall@5.000ns period=10.000ns})
  Destination:            egressLoop[4].egressFifo/buffer_fifo/infer_fifo.block_ram_performance.fifo_ram_reg/ADDRBWRADDR[7]
                            (rising edge-triggered cell RAMB36E1 clocked by wbClk  {rise@0.000ns fall@5.000ns period=10.000ns})
  Path Group:             wbClk
  Path Type:              Hold (Min at Fast Process Corner)
  Requirement:            0.000ns  (wbClk rise@0.000ns - wbClk rise@0.000ns)
  Data Path Delay:        0.571ns  (logic 0.141ns (24.698%)  route 0.430ns (75.302%))
  Logic Levels:           0  
  Clock Path Skew:        0.302ns (DCD - SCD - CPR)
    Destination Clock Delay (DCD):    2.230ns
    Source Clock Delay      (SCD):    1.672ns
    Clock Pessimism Removal (CPR):    0.256ns

    Location             Delay type                Incr(ns)  Path(ns)    Netlist Resource(s)
  -------------------------------------------------------------------    -------------------
                         (clock wbClk rise edge)      0.000     0.000 r  
    H16                                               0.000     0.000 r  wbClk (IN)
                         net (fo=0)                   0.000     0.000    wbClk
    H16                  IBUF (Prop_ibuf_I_O)         0.219     0.219 r  wbClk_IBUF_inst/O
                         net (fo=1, routed)           0.842     1.060    wbClk_IBUF
    BUFGCTRL_X0Y16       BUFG (Prop_bufg_I_O)         0.026     1.086 r  wbClk_IBUF_BUFG_inst/O
                         net (fo=704, routed)         0.586     1.672    egressLoop[4].egressFifo/buffer_fifo/rd_clk
    SLICE_X65Y47         FDCE                                         r  egressLoop[4].egressFifo/buffer_fifo/infer_fifo.rd_addr_reg[2]/C
  -------------------------------------------------------------------    -------------------
    SLICE_X65Y47         FDCE (Prop_fdce_C_Q)         0.141     1.813 r  egressLoop[4].egressFifo/buffer_fifo/infer_fifo.rd_addr_reg[2]/Q
                         net (fo=3, routed)           0.430     2.243    egressLoop[4].egressFifo/buffer_fifo/infer_fifo.rd_addr[2]
    RAMB36_X3Y11         RAMB36E1                                     r  egressLoop[4].egressFifo/buffer_fifo/infer_fifo.block_ram_performance.fifo_ram_reg/ADDRBWRADDR[7]
  -------------------------------------------------------------------    -------------------

                         (clock wbClk rise edge)      0.000     0.000 r  
    H16                                               0.000     0.000 r  wbClk (IN)
                         net (fo=0)                   0.000     0.000    wbClk
    H16                  IBUF (Prop_ibuf_I_O)         0.406     0.406 r  wbClk_IBUF_inst/O
                         net (fo=1, routed)           0.907     1.313    wbClk_IBUF
    BUFGCTRL_X0Y16       BUFG (Prop_bufg_I_O)         0.029     1.342 r  wbClk_IBUF_BUFG_inst/O
                         net (fo=704, routed)         0.887     2.230    egressLoop[4].egressFifo/buffer_fifo/rd_clk
    RAMB36_X3Y11         RAMB36E1                                     r  egressLoop[4].egressFifo/buffer_fifo/infer_fifo.block_ram_performance.fifo_ram_reg/CLKBWRCLK
                         clock pessimism             -0.256     1.974    
    RAMB36_X3Y11         RAMB36E1 (Hold_ramb36e1_CLKBWRCLK_ADDRBWRADDR[7])
                                                      0.183     2.157    egressLoop[4].egressFifo/buffer_fifo/infer_fifo.block_ram_performance.fifo_ram_reg
  -------------------------------------------------------------------
                         required time                         -2.157    
                         arrival time                           2.243    
  -------------------------------------------------------------------
                         slack                                  0.086    

Slack (MET) :             0.090ns  (arrival time - required time)
  Source:                 ingressLoop[1].ingressFifo/buffer_fifo/infer_fifo.two_wr_addr_reg[0]/C
                            (rising edge-triggered cell FDPE clocked by wbClk  {rise@0.000ns fall@5.000ns period=10.000ns})
  Destination:            ingressLoop[1].ingressFifo/buffer_fifo/infer_fifo.wr_addr_tmp_reg[2]/D
                            (rising edge-triggered cell FDCE clocked by wbClk  {rise@0.000ns fall@5.000ns period=10.000ns})
  Path Group:             wbClk
  Path Type:              Hold (Min at Fast Process Corner)
  Requirement:            0.000ns  (wbClk rise@0.000ns - wbClk rise@0.000ns)
  Data Path Delay:        0.458ns  (logic 0.206ns (44.947%)  route 0.252ns (55.053%))
  Logic Levels:           1  (LUT3=1)
  Clock Path Skew:        0.261ns (DCD - SCD - CPR)
    Destination Clock Delay (DCD):    2.168ns
    Source Clock Delay      (SCD):    1.651ns
    Clock Pessimism Removal (CPR):    0.256ns

    Location             Delay type                Incr(ns)  Path(ns)    Netlist Resource(s)
  -------------------------------------------------------------------    -------------------
                         (clock wbClk rise edge)      0.000     0.000 r  
    H16                                               0.000     0.000 r  wbClk (IN)
                         net (fo=0)                   0.000     0.000    wbClk
    H16                  IBUF (Prop_ibuf_I_O)         0.219     0.219 r  wbClk_IBUF_inst/O
                         net (fo=1, routed)           0.842     1.060    wbClk_IBUF
    BUFGCTRL_X0Y16       BUFG (Prop_bufg_I_O)         0.026     1.086 r  wbClk_IBUF_BUFG_inst/O
                         net (fo=704, routed)         0.565     1.651    ingressLoop[1].ingressFifo/buffer_fifo/rd_clk
    SLICE_X34Y49         FDPE                                         r  ingressLoop[1].ingressFifo/buffer_fifo/infer_fifo.two_wr_addr_reg[0]/C
  -------------------------------------------------------------------    -------------------
    SLICE_X34Y49         FDPE (Prop_fdpe_C_Q)         0.164     1.815 r  ingressLoop[1].ingressFifo/buffer_fifo/infer_fifo.two_wr_addr_reg[0]/Q
                         net (fo=8, routed)           0.252     2.067    ingressLoop[1].ingressFifo/buffer_fifo/infer_fifo.two_wr_addr[0]
    SLICE_X33Y50         LUT3 (Prop_lut3_I1_O)        0.042     2.109 r  ingressLoop[1].ingressFifo/buffer_fifo/infer_fifo.wr_addr_tmp[2]_i_1__0/O
                         net (fo=1, routed)           0.000     2.109    ingressLoop[1].ingressFifo/buffer_fifo/p_0_in__2[2]
    SLICE_X33Y50         FDCE                                         r  ingressLoop[1].ingressFifo/buffer_fifo/infer_fifo.wr_addr_tmp_reg[2]/D
  -------------------------------------------------------------------    -------------------

                         (clock wbClk rise edge)      0.000     0.000 r  
    H16                                               0.000     0.000 r  wbClk (IN)
                         net (fo=0)                   0.000     0.000    wbClk
    H16                  IBUF (Prop_ibuf_I_O)         0.406     0.406 r  wbClk_IBUF_inst/O
                         net (fo=1, routed)           0.907     1.313    wbClk_IBUF
    BUFGCTRL_X0Y16       BUFG (Prop_bufg_I_O)         0.029     1.342 r  wbClk_IBUF_BUFG_inst/O
                         net (fo=704, routed)         0.826     2.168    ingressLoop[1].ingressFifo/buffer_fifo/rd_clk
    SLICE_X33Y50         FDCE                                         r  ingressLoop[1].ingressFifo/buffer_fifo/infer_fifo.wr_addr_tmp_reg[2]/C
                         clock pessimism             -0.256     1.912    
    SLICE_X33Y50         FDCE (Hold_fdce_C_D)         0.107     2.019    ingressLoop[1].ingressFifo/buffer_fifo/infer_fifo.wr_addr_tmp_reg[2]
  -------------------------------------------------------------------
                         required time                         -2.019    
                         arrival time                           2.109    
  -------------------------------------------------------------------
                         slack                                  0.090    

Slack (MET) :             0.090ns  (arrival time - required time)
  Source:                 egressLoop[2].egressFifo/buffer_fifo/infer_fifo.next_rd_addr_reg[1]/C
                            (rising edge-triggered cell FDCE clocked by wbClk  {rise@0.000ns fall@5.000ns period=10.000ns})
  Destination:            egressLoop[2].egressFifo/buffer_fifo/infer_fifo.rd_addr_reg[1]/D
                            (rising edge-triggered cell FDCE clocked by wbClk  {rise@0.000ns fall@5.000ns period=10.000ns})
  Path Group:             wbClk
  Path Type:              Hold (Min at Fast Process Corner)
  Requirement:            0.000ns  (wbClk rise@0.000ns - wbClk rise@0.000ns)
  Data Path Delay:        0.400ns  (logic 0.164ns (40.967%)  route 0.236ns (59.033%))
  Logic Levels:           0  
  Clock Path Skew:        0.258ns (DCD - SCD - CPR)
    Destination Clock Delay (DCD):    2.167ns
    Source Clock Delay      (SCD):    1.648ns
    Clock Pessimism Removal (CPR):    0.261ns

    Location             Delay type                Incr(ns)  Path(ns)    Netlist Resource(s)
  -------------------------------------------------------------------    -------------------
                         (clock wbClk rise edge)      0.000     0.000 r  
    H16                                               0.000     0.000 r  wbClk (IN)
                         net (fo=0)                   0.000     0.000    wbClk
    H16                  IBUF (Prop_ibuf_I_O)         0.219     0.219 r  wbClk_IBUF_inst/O
                         net (fo=1, routed)           0.842     1.060    wbClk_IBUF
    BUFGCTRL_X0Y16       BUFG (Prop_bufg_I_O)         0.026     1.086 r  wbClk_IBUF_BUFG_inst/O
                         net (fo=704, routed)         0.562     1.648    egressLoop[2].egressFifo/buffer_fifo/rd_clk
    SLICE_X46Y44         FDCE                                         r  egressLoop[2].egressFifo/buffer_fifo/infer_fifo.next_rd_addr_reg[1]/C
  -------------------------------------------------------------------    -------------------
    SLICE_X46Y44         FDCE (Prop_fdce_C_Q)         0.164     1.812 r  egressLoop[2].egressFifo/buffer_fifo/infer_fifo.next_rd_addr_reg[1]/Q
                         net (fo=2, routed)           0.236     2.048    egressLoop[2].egressFifo/buffer_fifo/infer_fifo.next_rd_addr[1]
    SLICE_X50Y44         FDCE                                         r  egressLoop[2].egressFifo/buffer_fifo/infer_fifo.rd_addr_reg[1]/D
  -------------------------------------------------------------------    -------------------

                         (clock wbClk rise edge)      0.000     0.000 r  
    H16                                               0.000     0.000 r  wbClk (IN)
                         net (fo=0)                   0.000     0.000    wbClk
    H16                  IBUF (Prop_ibuf_I_O)         0.406     0.406 r  wbClk_IBUF_inst/O
                         net (fo=1, routed)           0.907     1.313    wbClk_IBUF
    BUFGCTRL_X0Y16       BUFG (Prop_bufg_I_O)         0.029     1.342 r  wbClk_IBUF_BUFG_inst/O
                         net (fo=704, routed)         0.825     2.167    egressLoop[2].egressFifo/buffer_fifo/rd_clk
    SLICE_X50Y44         FDCE                                         r  egressLoop[2].egressFifo/buffer_fifo/infer_fifo.rd_addr_reg[1]/C
                         clock pessimism             -0.261     1.906    
    SLICE_X50Y44         FDCE (Hold_fdce_C_D)         0.052     1.958    egressLoop[2].egressFifo/buffer_fifo/infer_fifo.rd_addr_reg[1]
  -------------------------------------------------------------------
                         required time                         -1.958    
                         arrival time                           2.048    
  -------------------------------------------------------------------
                         slack                                  0.090    

Slack (MET) :             0.092ns  (arrival time - required time)
  Source:                 egressLoop[5].egressFifo/buffer_fifo/infer_fifo.rd_addr_reg[3]/C
                            (rising edge-triggered cell FDCE clocked by wbClk  {rise@0.000ns fall@5.000ns period=10.000ns})
  Destination:            egressLoop[5].egressFifo/buffer_fifo/infer_fifo.block_ram_performance.fifo_ram_reg/ADDRBWRADDR[8]
                            (rising edge-triggered cell RAMB36E1 clocked by wbClk  {rise@0.000ns fall@5.000ns period=10.000ns})
  Path Group:             wbClk
  Path Type:              Hold (Min at Fast Process Corner)
  Requirement:            0.000ns  (wbClk rise@0.000ns - wbClk rise@0.000ns)
  Data Path Delay:        0.332ns  (logic 0.164ns (49.360%)  route 0.168ns (50.640%))
  Logic Levels:           0  
  Clock Path Skew:        0.057ns (DCD - SCD - CPR)
    Destination Clock Delay (DCD):    2.210ns
    Source Clock Delay      (SCD):    1.646ns
    Clock Pessimism Removal (CPR):    0.506ns

    Location             Delay type                Incr(ns)  Path(ns)    Netlist Resource(s)
  -------------------------------------------------------------------    -------------------
                         (clock wbClk rise edge)      0.000     0.000 r  
    H16                                               0.000     0.000 r  wbClk (IN)
                         net (fo=0)                   0.000     0.000    wbClk
    H16                  IBUF (Prop_ibuf_I_O)         0.219     0.219 r  wbClk_IBUF_inst/O
                         net (fo=1, routed)           0.842     1.060    wbClk_IBUF
    BUFGCTRL_X0Y16       BUFG (Prop_bufg_I_O)         0.026     1.086 r  wbClk_IBUF_BUFG_inst/O
                         net (fo=704, routed)         0.560     1.646    egressLoop[5].egressFifo/buffer_fifo/rd_clk
    SLICE_X32Y35         FDCE                                         r  egressLoop[5].egressFifo/buffer_fifo/infer_fifo.rd_addr_reg[3]/C
  -------------------------------------------------------------------    -------------------
    SLICE_X32Y35         FDCE (Prop_fdce_C_Q)         0.164     1.810 r  egressLoop[5].egressFifo/buffer_fifo/infer_fifo.rd_addr_reg[3]/Q
                         net (fo=3, routed)           0.168     1.978    egressLoop[5].egressFifo/buffer_fifo/infer_fifo.rd_addr[3]
    RAMB36_X2Y7          RAMB36E1                                     r  egressLoop[5].egressFifo/buffer_fifo/infer_fifo.block_ram_performance.fifo_ram_reg/ADDRBWRADDR[8]
  -------------------------------------------------------------------    -------------------

                         (clock wbClk rise edge)      0.000     0.000 r  
    H16                                               0.000     0.000 r  wbClk (IN)
                         net (fo=0)                   0.000     0.000    wbClk
    H16                  IBUF (Prop_ibuf_I_O)         0.406     0.406 r  wbClk_IBUF_inst/O
                         net (fo=1, routed)           0.907     1.313    wbClk_IBUF
    BUFGCTRL_X0Y16       BUFG (Prop_bufg_I_O)         0.029     1.342 r  wbClk_IBUF_BUFG_inst/O
                         net (fo=704, routed)         0.867     2.210    egressLoop[5].egressFifo/buffer_fifo/rd_clk
    RAMB36_X2Y7          RAMB36E1                                     r  egressLoop[5].egressFifo/buffer_fifo/infer_fifo.block_ram_performance.fifo_ram_reg/CLKBWRCLK
                         clock pessimism             -0.506     1.704    
    RAMB36_X2Y7          RAMB36E1 (Hold_ramb36e1_CLKBWRCLK_ADDRBWRADDR[8])
                                                      0.183     1.887    egressLoop[5].egressFifo/buffer_fifo/infer_fifo.block_ram_performance.fifo_ram_reg
  -------------------------------------------------------------------
                         required time                         -1.887    
                         arrival time                           1.978    
  -------------------------------------------------------------------
                         slack                                  0.092    

Slack (MET) :             0.098ns  (arrival time - required time)
  Source:                 egressLoop[0].egressFifo/buffer_fifo/infer_fifo.next_rd_addr_reg[6]/C
                            (rising edge-triggered cell FDCE clocked by wbClk  {rise@0.000ns fall@5.000ns period=10.000ns})
  Destination:            egressLoop[0].egressFifo/buffer_fifo/infer_fifo.rd_addr_reg[6]/D
                            (rising edge-triggered cell FDCE clocked by wbClk  {rise@0.000ns fall@5.000ns period=10.000ns})
  Path Group:             wbClk
  Path Type:              Hold (Min at Fast Process Corner)
  Requirement:            0.000ns  (wbClk rise@0.000ns - wbClk rise@0.000ns)
  Data Path Delay:        0.358ns  (logic 0.128ns (35.793%)  route 0.230ns (64.207%))
  Logic Levels:           0  
  Clock Path Skew:        0.260ns (DCD - SCD - CPR)
    Destination Clock Delay (DCD):    2.163ns
    Source Clock Delay      (SCD):    1.642ns
    Clock Pessimism Removal (CPR):    0.261ns

    Location             Delay type                Incr(ns)  Path(ns)    Netlist Resource(s)
  -------------------------------------------------------------------    -------------------
                         (clock wbClk rise edge)      0.000     0.000 r  
    H16                                               0.000     0.000 r  wbClk (IN)
                         net (fo=0)                   0.000     0.000    wbClk
    H16                  IBUF (Prop_ibuf_I_O)         0.219     0.219 r  wbClk_IBUF_inst/O
                         net (fo=1, routed)           0.842     1.060    wbClk_IBUF
    BUFGCTRL_X0Y16       BUFG (Prop_bufg_I_O)         0.026     1.086 r  wbClk_IBUF_BUFG_inst/O
                         net (fo=704, routed)         0.556     1.642    egressLoop[0].egressFifo/buffer_fifo/rd_clk
    SLICE_X49Y51         FDCE                                         r  egressLoop[0].egressFifo/buffer_fifo/infer_fifo.next_rd_addr_reg[6]/C
  -------------------------------------------------------------------    -------------------
    SLICE_X49Y51         FDCE (Prop_fdce_C_Q)         0.128     1.770 r  egressLoop[0].egressFifo/buffer_fifo/infer_fifo.next_rd_addr_reg[6]/Q
                         net (fo=2, routed)           0.230     2.000    egressLoop[0].egressFifo/buffer_fifo/infer_fifo.next_rd_addr[6]
    SLICE_X50Y51         FDCE                                         r  egressLoop[0].egressFifo/buffer_fifo/infer_fifo.rd_addr_reg[6]/D
  -------------------------------------------------------------------    -------------------

                         (clock wbClk rise edge)      0.000     0.000 r  
    H16                                               0.000     0.000 r  wbClk (IN)
                         net (fo=0)                   0.000     0.000    wbClk
    H16                  IBUF (Prop_ibuf_I_O)         0.406     0.406 r  wbClk_IBUF_inst/O
                         net (fo=1, routed)           0.907     1.313    wbClk_IBUF
    BUFGCTRL_X0Y16       BUFG (Prop_bufg_I_O)         0.029     1.342 r  wbClk_IBUF_BUFG_inst/O
                         net (fo=704, routed)         0.821     2.163    egressLoop[0].egressFifo/buffer_fifo/rd_clk
    SLICE_X50Y51         FDCE                                         r  egressLoop[0].egressFifo/buffer_fifo/infer_fifo.rd_addr_reg[6]/C
                         clock pessimism             -0.261     1.902    
    SLICE_X50Y51         FDCE (Hold_fdce_C_D)        -0.001     1.901    egressLoop[0].egressFifo/buffer_fifo/infer_fifo.rd_addr_reg[6]
  -------------------------------------------------------------------
                         required time                         -1.901    
                         arrival time                           2.000    
  -------------------------------------------------------------------
                         slack                                  0.098    

Slack (MET) :             0.100ns  (arrival time - required time)
  Source:                 egressLoop[2].egressFifo/buffer_fifo/infer_fifo.next_rd_addr_reg[5]/C
                            (rising edge-triggered cell FDCE clocked by wbClk  {rise@0.000ns fall@5.000ns period=10.000ns})
  Destination:            egressLoop[2].egressFifo/buffer_fifo/infer_fifo.rd_addr_reg[5]/D
                            (rising edge-triggered cell FDCE clocked by wbClk  {rise@0.000ns fall@5.000ns period=10.000ns})
  Path Group:             wbClk
  Path Type:              Hold (Min at Fast Process Corner)
  Requirement:            0.000ns  (wbClk rise@0.000ns - wbClk rise@0.000ns)
  Data Path Delay:        0.375ns  (logic 0.148ns (39.511%)  route 0.227ns (60.489%))
  Logic Levels:           0  
  Clock Path Skew:        0.258ns (DCD - SCD - CPR)
    Destination Clock Delay (DCD):    2.167ns
    Source Clock Delay      (SCD):    1.648ns
    Clock Pessimism Removal (CPR):    0.261ns

    Location             Delay type                Incr(ns)  Path(ns)    Netlist Resource(s)
  -------------------------------------------------------------------    -------------------
                         (clock wbClk rise edge)      0.000     0.000 r  
    H16                                               0.000     0.000 r  wbClk (IN)
                         net (fo=0)                   0.000     0.000    wbClk
    H16                  IBUF (Prop_ibuf_I_O)         0.219     0.219 r  wbClk_IBUF_inst/O
                         net (fo=1, routed)           0.842     1.060    wbClk_IBUF
    BUFGCTRL_X0Y16       BUFG (Prop_bufg_I_O)         0.026     1.086 r  wbClk_IBUF_BUFG_inst/O
                         net (fo=704, routed)         0.562     1.648    egressLoop[2].egressFifo/buffer_fifo/rd_clk
    SLICE_X46Y44         FDCE                                         r  egressLoop[2].egressFifo/buffer_fifo/infer_fifo.next_rd_addr_reg[5]/C
  -------------------------------------------------------------------    -------------------
    SLICE_X46Y44         FDCE (Prop_fdce_C_Q)         0.148     1.796 r  egressLoop[2].egressFifo/buffer_fifo/infer_fifo.next_rd_addr_reg[5]/Q
                         net (fo=2, routed)           0.227     2.023    egressLoop[2].egressFifo/buffer_fifo/infer_fifo.next_rd_addr[5]
    SLICE_X51Y44         FDCE                                         r  egressLoop[2].egressFifo/buffer_fifo/infer_fifo.rd_addr_reg[5]/D
  -------------------------------------------------------------------    -------------------

                         (clock wbClk rise edge)      0.000     0.000 r  
    H16                                               0.000     0.000 r  wbClk (IN)
                         net (fo=0)                   0.000     0.000    wbClk
    H16                  IBUF (Prop_ibuf_I_O)         0.406     0.406 r  wbClk_IBUF_inst/O
                         net (fo=1, routed)           0.907     1.313    wbClk_IBUF
    BUFGCTRL_X0Y16       BUFG (Prop_bufg_I_O)         0.029     1.342 r  wbClk_IBUF_BUFG_inst/O
                         net (fo=704, routed)         0.825     2.167    egressLoop[2].egressFifo/buffer_fifo/rd_clk
    SLICE_X51Y44         FDCE                                         r  egressLoop[2].egressFifo/buffer_fifo/infer_fifo.rd_addr_reg[5]/C
                         clock pessimism             -0.261     1.906    
    SLICE_X51Y44         FDCE (Hold_fdce_C_D)         0.016     1.922    egressLoop[2].egressFifo/buffer_fifo/infer_fifo.rd_addr_reg[5]
  -------------------------------------------------------------------
                         required time                         -1.922    
                         arrival time                           2.023    
  -------------------------------------------------------------------
                         slack                                  0.100    





Pulse Width Checks
--------------------------------------------------------------------------------------
Clock Name:         wbClk
Waveform(ns):       { 0.000 5.000 }
Period(ns):         10.000
Sources:            { wbClk }

Check Type        Corner  Lib Pin             Reference Pin  Required(ns)  Actual(ns)  Slack(ns)  Location      Pin
Min Period        n/a     RAMB36E1/CLKBWRCLK  n/a            2.576         10.000      7.424      RAMB36_X3Y10  egressLoop[0].egressFifo/buffer_fifo/infer_fifo.block_ram_performance.fifo_ram_reg/CLKBWRCLK
Min Period        n/a     RAMB36E1/CLKBWRCLK  n/a            2.576         10.000      7.424      RAMB36_X3Y7   egressLoop[1].egressFifo/buffer_fifo/infer_fifo.block_ram_performance.fifo_ram_reg/CLKBWRCLK
Min Period        n/a     RAMB36E1/CLKBWRCLK  n/a            2.576         10.000      7.424      RAMB36_X3Y9   egressLoop[2].egressFifo/buffer_fifo/infer_fifo.block_ram_performance.fifo_ram_reg/CLKBWRCLK
Min Period        n/a     RAMB36E1/CLKBWRCLK  n/a            2.576         10.000      7.424      RAMB36_X3Y5   egressLoop[3].egressFifo/buffer_fifo/infer_fifo.block_ram_performance.fifo_ram_reg/CLKBWRCLK
Min Period        n/a     RAMB36E1/CLKBWRCLK  n/a            2.576         10.000      7.424      RAMB36_X3Y11  egressLoop[4].egressFifo/buffer_fifo/infer_fifo.block_ram_performance.fifo_ram_reg/CLKBWRCLK
Min Period        n/a     RAMB36E1/CLKBWRCLK  n/a            2.576         10.000      7.424      RAMB36_X2Y7   egressLoop[5].egressFifo/buffer_fifo/infer_fifo.block_ram_performance.fifo_ram_reg/CLKBWRCLK
Min Period        n/a     RAMB36E1/CLKBWRCLK  n/a            2.576         10.000      7.424      RAMB36_X4Y8   egressLoop[6].egressFifo/buffer_fifo/infer_fifo.block_ram_performance.fifo_ram_reg/CLKBWRCLK
Min Period        n/a     RAMB36E1/CLKBWRCLK  n/a            2.576         10.000      7.424      RAMB36_X3Y6   egressLoop[7].egressFifo/buffer_fifo/infer_fifo.block_ram_performance.fifo_ram_reg/CLKBWRCLK
Min Period        n/a     RAMB36E1/CLKARDCLK  n/a            2.576         10.000      7.424      RAMB36_X1Y9   ingressLoop[0].ingressFifo/buffer_fifo/infer_fifo.block_ram_performance.fifo_ram_reg/CLKARDCLK
Min Period        n/a     RAMB36E1/CLKARDCLK  n/a            2.576         10.000      7.424      RAMB36_X2Y11  ingressLoop[1].ingressFifo/buffer_fifo/infer_fifo.block_ram_performance.fifo_ram_reg/CLKARDCLK
Low Pulse Width   Slow    FDRE/C              n/a            0.500         5.000       4.500      SLICE_X64Y59  FSM_sequential_loadState_reg[0]/C
Low Pulse Width   Fast    FDRE/C              n/a            0.500         5.000       4.500      SLICE_X64Y59  FSM_sequential_loadState_reg[0]/C
Low Pulse Width   Slow    FDRE/C              n/a            0.500         5.000       4.500      SLICE_X64Y61  FSM_sequential_loadState_reg[1]/C
Low Pulse Width   Fast    FDRE/C              n/a            0.500         5.000       4.500      SLICE_X64Y61  FSM_sequential_loadState_reg[1]/C
Low Pulse Width   Slow    FDRE/C              n/a            0.500         5.000       4.500      SLICE_X64Y61  FSM_sequential_loadState_reg[2]/C
Low Pulse Width   Fast    FDRE/C              n/a            0.500         5.000       4.500      SLICE_X64Y61  FSM_sequential_loadState_reg[2]/C
Low Pulse Width   Slow    FDRE/C              n/a            0.500         5.000       4.500      SLICE_X57Y45  demuxState_reg/C
Low Pulse Width   Fast    FDRE/C              n/a            0.500         5.000       4.500      SLICE_X57Y45  demuxState_reg/C
Low Pulse Width   Slow    FDRE/C              n/a            0.500         5.000       4.500      SLICE_X53Y43  error_reg/C
Low Pulse Width   Fast    FDRE/C              n/a            0.500         5.000       4.500      SLICE_X53Y43  error_reg/C
High Pulse Width  Slow    FDRE/C              n/a            0.500         5.000       4.500      SLICE_X64Y59  FSM_sequential_loadState_reg[0]/C
High Pulse Width  Fast    FDRE/C              n/a            0.500         5.000       4.500      SLICE_X64Y59  FSM_sequential_loadState_reg[0]/C
High Pulse Width  Slow    FDRE/C              n/a            0.500         5.000       4.500      SLICE_X64Y61  FSM_sequential_loadState_reg[1]/C
High Pulse Width  Fast    FDRE/C              n/a            0.500         5.000       4.500      SLICE_X64Y61  FSM_sequential_loadState_reg[1]/C
High Pulse Width  Slow    FDRE/C              n/a            0.500         5.000       4.500      SLICE_X64Y61  FSM_sequential_loadState_reg[2]/C
High Pulse Width  Fast    FDRE/C              n/a            0.500         5.000       4.500      SLICE_X64Y61  FSM_sequential_loadState_reg[2]/C
High Pulse Width  Slow    FDRE/C              n/a            0.500         5.000       4.500      SLICE_X57Y45  demuxState_reg/C
High Pulse Width  Fast    FDRE/C              n/a            0.500         5.000       4.500      SLICE_X57Y45  demuxState_reg/C
High Pulse Width  Slow    FDRE/C              n/a            0.500         5.000       4.500      SLICE_X53Y43  error_reg/C
High Pulse Width  Fast    FDRE/C              n/a            0.500         5.000       4.500      SLICE_X53Y43  error_reg/C



--------------------------------------------------------------------------------------
Path Group:  (none)
From Clock:  wbClk
  To Clock:  bftClk

Max Delay           336 Endpoints
Min Delay           336 Endpoints
--------------------------------------------------------------------------------------


Max Delay Paths
--------------------------------------------------------------------------------------
Slack:                    inf
  Source:                 ingressFifoWrEn_reg/C
                            (rising edge-triggered cell FDRE clocked by wbClk  {rise@0.000ns fall@5.000ns period=10.000ns})
  Destination:            ingressLoop[0].ingressFifo/buffer_fifo/infer_fifo.next_rd_addr_reg[9]/CE
                            (rising edge-triggered cell FDCE clocked by bftClk  {rise@0.000ns fall@2.500ns period=5.000ns})
  Path Group:             (none)
  Path Type:              Setup (Max at Slow Process Corner)
  Data Path Delay:        4.219ns  (logic 0.580ns (13.746%)  route 3.639ns (86.254%))
  Logic Levels:           1  (LUT2=1)
  Clock Path Skew:        0.423ns (DCD - SCD + CPR)
    Destination Clock Delay (DCD):    6.209ns
    Source Clock Delay      (SCD):    5.786ns
    Clock Pessimism Removal (CPR):    0.000ns
  Clock Uncertainty:      0.035ns  ((TSJ^2 + TIJ^2)^1/2 + DJ) / 2 + PE
    Total System Jitter     (TSJ):    0.071ns
    Total Input Jitter      (TIJ):    0.000ns
    Discrete Jitter          (DJ):    0.000ns
    Phase Error              (PE):    0.000ns
  Timing Exception:       False Path

    Location             Delay type                Incr(ns)  Path(ns)    Netlist Resource(s)
  -------------------------------------------------------------------    -------------------
                         (clock wbClk rise edge)      0.000     0.000 r  
    H16                                               0.000     0.000 r  wbClk (IN)
                         net (fo=0)                   0.000     0.000    wbClk
    H16                  IBUF (Prop_ibuf_I_O)         1.451     1.451 r  wbClk_IBUF_inst/O
                         net (fo=1, routed)           2.522     3.973    wbClk_IBUF
    BUFGCTRL_X0Y16       BUFG (Prop_bufg_I_O)         0.101     4.074 r  wbClk_IBUF_BUFG_inst/O
                         net (fo=704, routed)         1.712     5.786    wbClk_IBUF_BUFG
    SLICE_X65Y61         FDRE                                         r  ingressFifoWrEn_reg/C
  -------------------------------------------------------------------    -------------------
    SLICE_X65Y61         FDRE (Prop_fdre_C_Q)         0.456     6.242 r  ingressFifoWrEn_reg/Q
                         net (fo=24, routed)          2.675     8.917    ingressLoop[0].ingressFifo/buffer_fifo/ingressFifoWrEn
    SLICE_X24Y46         LUT2 (Prop_lut2_I0_O)        0.124     9.041 r  ingressLoop[0].ingressFifo/buffer_fifo/infer_fifo.two_rd_addr[9]_i_1/O
                         net (fo=39, routed)          0.964    10.005    ingressLoop[0].ingressFifo/buffer_fifo/infer_fifo.two_rd_addr[9]_i_1_n_0
    SLICE_X28Y44         FDCE                                         r  ingressLoop[0].ingressFifo/buffer_fifo/infer_fifo.next_rd_addr_reg[9]/CE
  -------------------------------------------------------------------    -------------------

                         (clock bftClk rise edge)     0.000     0.000 r  
    H15                                               0.000     0.000 r  bftClk (IN)
                         net (fo=0)                   0.000     0.000    bftClk
    H15                  IBUF (Prop_ibuf_I_O)         1.430     1.430 r  bftClk_IBUF_inst/O
                         net (fo=1, routed)           3.120     4.550    bftClk_IBUF
    BUFGCTRL_X0Y0        BUFG (Prop_bufg_I_O)         0.091     4.641 r  bftClk_IBUF_BUFG_inst/O
                         net (fo=730, routed)         1.568     6.209    ingressLoop[0].ingressFifo/buffer_fifo/clk
    SLICE_X28Y44         FDCE                                         r  ingressLoop[0].ingressFifo/buffer_fifo/infer_fifo.next_rd_addr_reg[9]/C

Slack:                    inf
  Source:                 ingressFifoWrEn_reg/C
                            (rising edge-triggered cell FDRE clocked by wbClk  {rise@0.000ns fall@5.000ns period=10.000ns})
  Destination:            ingressLoop[0].ingressFifo/buffer_fifo/infer_fifo.rd_addr_tmp_reg[3]/CE
                            (rising edge-triggered cell FDCE clocked by bftClk  {rise@0.000ns fall@2.500ns period=5.000ns})
  Path Group:             (none)
  Path Type:              Setup (Max at Slow Process Corner)
  Data Path Delay:        4.219ns  (logic 0.580ns (13.746%)  route 3.639ns (86.254%))
  Logic Levels:           1  (LUT2=1)
  Clock Path Skew:        0.423ns (DCD - SCD + CPR)
    Destination Clock Delay (DCD):    6.209ns
    Source Clock Delay      (SCD):    5.786ns
    Clock Pessimism Removal (CPR):    0.000ns
  Clock Uncertainty:      0.035ns  ((TSJ^2 + TIJ^2)^1/2 + DJ) / 2 + PE
    Total System Jitter     (TSJ):    0.071ns
    Total Input Jitter      (TIJ):    0.000ns
    Discrete Jitter          (DJ):    0.000ns
    Phase Error              (PE):    0.000ns
  Timing Exception:       False Path

    Location             Delay type                Incr(ns)  Path(ns)    Netlist Resource(s)
  -------------------------------------------------------------------    -------------------
                         (clock wbClk rise edge)      0.000     0.000 r  
    H16                                               0.000     0.000 r  wbClk (IN)
                         net (fo=0)                   0.000     0.000    wbClk
    H16                  IBUF (Prop_ibuf_I_O)         1.451     1.451 r  wbClk_IBUF_inst/O
                         net (fo=1, routed)           2.522     3.973    wbClk_IBUF
    BUFGCTRL_X0Y16       BUFG (Prop_bufg_I_O)         0.101     4.074 r  wbClk_IBUF_BUFG_inst/O
                         net (fo=704, routed)         1.712     5.786    wbClk_IBUF_BUFG
    SLICE_X65Y61         FDRE                                         r  ingressFifoWrEn_reg/C
  -------------------------------------------------------------------    -------------------
    SLICE_X65Y61         FDRE (Prop_fdre_C_Q)         0.456     6.242 r  ingressFifoWrEn_reg/Q
                         net (fo=24, routed)          2.675     8.917    ingressLoop[0].ingressFifo/buffer_fifo/ingressFifoWrEn
    SLICE_X24Y46         LUT2 (Prop_lut2_I0_O)        0.124     9.041 r  ingressLoop[0].ingressFifo/buffer_fifo/infer_fifo.two_rd_addr[9]_i_1/O
                         net (fo=39, routed)          0.964    10.005    ingressLoop[0].ingressFifo/buffer_fifo/infer_fifo.two_rd_addr[9]_i_1_n_0
    SLICE_X28Y44         FDCE                                         r  ingressLoop[0].ingressFifo/buffer_fifo/infer_fifo.rd_addr_tmp_reg[3]/CE
  -------------------------------------------------------------------    -------------------

                         (clock bftClk rise edge)     0.000     0.000 r  
    H15                                               0.000     0.000 r  bftClk (IN)
                         net (fo=0)                   0.000     0.000    bftClk
    H15                  IBUF (Prop_ibuf_I_O)         1.430     1.430 r  bftClk_IBUF_inst/O
                         net (fo=1, routed)           3.120     4.550    bftClk_IBUF
    BUFGCTRL_X0Y0        BUFG (Prop_bufg_I_O)         0.091     4.641 r  bftClk_IBUF_BUFG_inst/O
                         net (fo=730, routed)         1.568     6.209    ingressLoop[0].ingressFifo/buffer_fifo/clk
    SLICE_X28Y44         FDCE                                         r  ingressLoop[0].ingressFifo/buffer_fifo/infer_fifo.rd_addr_tmp_reg[3]/C

Slack:                    inf
  Source:                 ingressFifoWrEn_reg/C
                            (rising edge-triggered cell FDRE clocked by wbClk  {rise@0.000ns fall@5.000ns period=10.000ns})
  Destination:            ingressLoop[0].ingressFifo/buffer_fifo/infer_fifo.rd_addr_tmp_reg[4]/CE
                            (rising edge-triggered cell FDCE clocked by bftClk  {rise@0.000ns fall@2.500ns period=5.000ns})
  Path Group:             (none)
  Path Type:              Setup (Max at Slow Process Corner)
  Data Path Delay:        4.219ns  (logic 0.580ns (13.746%)  route 3.639ns (86.254%))
  Logic Levels:           1  (LUT2=1)
  Clock Path Skew:        0.423ns (DCD - SCD + CPR)
    Destination Clock Delay (DCD):    6.209ns
    Source Clock Delay      (SCD):    5.786ns
    Clock Pessimism Removal (CPR):    0.000ns
  Clock Uncertainty:      0.035ns  ((TSJ^2 + TIJ^2)^1/2 + DJ) / 2 + PE
    Total System Jitter     (TSJ):    0.071ns
    Total Input Jitter      (TIJ):    0.000ns
    Discrete Jitter          (DJ):    0.000ns
    Phase Error              (PE):    0.000ns
  Timing Exception:       False Path

    Location             Delay type                Incr(ns)  Path(ns)    Netlist Resource(s)
  -------------------------------------------------------------------    -------------------
                         (clock wbClk rise edge)      0.000     0.000 r  
    H16                                               0.000     0.000 r  wbClk (IN)
                         net (fo=0)                   0.000     0.000    wbClk
    H16                  IBUF (Prop_ibuf_I_O)         1.451     1.451 r  wbClk_IBUF_inst/O
                         net (fo=1, routed)           2.522     3.973    wbClk_IBUF
    BUFGCTRL_X0Y16       BUFG (Prop_bufg_I_O)         0.101     4.074 r  wbClk_IBUF_BUFG_inst/O
                         net (fo=704, routed)         1.712     5.786    wbClk_IBUF_BUFG
    SLICE_X65Y61         FDRE                                         r  ingressFifoWrEn_reg/C
  -------------------------------------------------------------------    -------------------
    SLICE_X65Y61         FDRE (Prop_fdre_C_Q)         0.456     6.242 r  ingressFifoWrEn_reg/Q
                         net (fo=24, routed)          2.675     8.917    ingressLoop[0].ingressFifo/buffer_fifo/ingressFifoWrEn
    SLICE_X24Y46         LUT2 (Prop_lut2_I0_O)        0.124     9.041 r  ingressLoop[0].ingressFifo/buffer_fifo/infer_fifo.two_rd_addr[9]_i_1/O
                         net (fo=39, routed)          0.964    10.005    ingressLoop[0].ingressFifo/buffer_fifo/infer_fifo.two_rd_addr[9]_i_1_n_0
    SLICE_X28Y44         FDCE                                         r  ingressLoop[0].ingressFifo/buffer_fifo/infer_fifo.rd_addr_tmp_reg[4]/CE
  -------------------------------------------------------------------    -------------------

                         (clock bftClk rise edge)     0.000     0.000 r  
    H15                                               0.000     0.000 r  bftClk (IN)
                         net (fo=0)                   0.000     0.000    bftClk
    H15                  IBUF (Prop_ibuf_I_O)         1.430     1.430 r  bftClk_IBUF_inst/O
                         net (fo=1, routed)           3.120     4.550    bftClk_IBUF
    BUFGCTRL_X0Y0        BUFG (Prop_bufg_I_O)         0.091     4.641 r  bftClk_IBUF_BUFG_inst/O
                         net (fo=730, routed)         1.568     6.209    ingressLoop[0].ingressFifo/buffer_fifo/clk
    SLICE_X28Y44         FDCE                                         r  ingressLoop[0].ingressFifo/buffer_fifo/infer_fifo.rd_addr_tmp_reg[4]/C

Slack:                    inf
  Source:                 ingressFifoWrEn_reg/C
                            (rising edge-triggered cell FDRE clocked by wbClk  {rise@0.000ns fall@5.000ns period=10.000ns})
  Destination:            ingressLoop[0].ingressFifo/buffer_fifo/infer_fifo.rd_addr_tmp_reg[5]/CE
                            (rising edge-triggered cell FDCE clocked by bftClk  {rise@0.000ns fall@2.500ns period=5.000ns})
  Path Group:             (none)
  Path Type:              Setup (Max at Slow Process Corner)
  Data Path Delay:        4.219ns  (logic 0.580ns (13.746%)  route 3.639ns (86.254%))
  Logic Levels:           1  (LUT2=1)
  Clock Path Skew:        0.423ns (DCD - SCD + CPR)
    Destination Clock Delay (DCD):    6.209ns
    Source Clock Delay      (SCD):    5.786ns
    Clock Pessimism Removal (CPR):    0.000ns
  Clock Uncertainty:      0.035ns  ((TSJ^2 + TIJ^2)^1/2 + DJ) / 2 + PE
    Total System Jitter     (TSJ):    0.071ns
    Total Input Jitter      (TIJ):    0.000ns
    Discrete Jitter          (DJ):    0.000ns
    Phase Error              (PE):    0.000ns
  Timing Exception:       False Path

    Location             Delay type                Incr(ns)  Path(ns)    Netlist Resource(s)
  -------------------------------------------------------------------    -------------------
                         (clock wbClk rise edge)      0.000     0.000 r  
    H16                                               0.000     0.000 r  wbClk (IN)
                         net (fo=0)                   0.000     0.000    wbClk
    H16                  IBUF (Prop_ibuf_I_O)         1.451     1.451 r  wbClk_IBUF_inst/O
                         net (fo=1, routed)           2.522     3.973    wbClk_IBUF
    BUFGCTRL_X0Y16       BUFG (Prop_bufg_I_O)         0.101     4.074 r  wbClk_IBUF_BUFG_inst/O
                         net (fo=704, routed)         1.712     5.786    wbClk_IBUF_BUFG
    SLICE_X65Y61         FDRE                                         r  ingressFifoWrEn_reg/C
  -------------------------------------------------------------------    -------------------
    SLICE_X65Y61         FDRE (Prop_fdre_C_Q)         0.456     6.242 r  ingressFifoWrEn_reg/Q
                         net (fo=24, routed)          2.675     8.917    ingressLoop[0].ingressFifo/buffer_fifo/ingressFifoWrEn
    SLICE_X24Y46         LUT2 (Prop_lut2_I0_O)        0.124     9.041 r  ingressLoop[0].ingressFifo/buffer_fifo/infer_fifo.two_rd_addr[9]_i_1/O
                         net (fo=39, routed)          0.964    10.005    ingressLoop[0].ingressFifo/buffer_fifo/infer_fifo.two_rd_addr[9]_i_1_n_0
    SLICE_X28Y44         FDCE                                         r  ingressLoop[0].ingressFifo/buffer_fifo/infer_fifo.rd_addr_tmp_reg[5]/CE
  -------------------------------------------------------------------    -------------------

                         (clock bftClk rise edge)     0.000     0.000 r  
    H15                                               0.000     0.000 r  bftClk (IN)
                         net (fo=0)                   0.000     0.000    bftClk
    H15                  IBUF (Prop_ibuf_I_O)         1.430     1.430 r  bftClk_IBUF_inst/O
                         net (fo=1, routed)           3.120     4.550    bftClk_IBUF
    BUFGCTRL_X0Y0        BUFG (Prop_bufg_I_O)         0.091     4.641 r  bftClk_IBUF_BUFG_inst/O
                         net (fo=730, routed)         1.568     6.209    ingressLoop[0].ingressFifo/buffer_fifo/clk
    SLICE_X28Y44         FDCE                                         r  ingressLoop[0].ingressFifo/buffer_fifo/infer_fifo.rd_addr_tmp_reg[5]/C

Slack:                    inf
  Source:                 ingressFifoWrEn_reg/C
                            (rising edge-triggered cell FDRE clocked by wbClk  {rise@0.000ns fall@5.000ns period=10.000ns})
  Destination:            ingressLoop[0].ingressFifo/buffer_fifo/infer_fifo.two_rd_addr_reg[5]/CE
                            (rising edge-triggered cell FDCE clocked by bftClk  {rise@0.000ns fall@2.500ns period=5.000ns})
  Path Group:             (none)
  Path Type:              Setup (Max at Slow Process Corner)
  Data Path Delay:        4.219ns  (logic 0.580ns (13.746%)  route 3.639ns (86.254%))
  Logic Levels:           1  (LUT2=1)
  Clock Path Skew:        0.423ns (DCD - SCD + CPR)
    Destination Clock Delay (DCD):    6.209ns
    Source Clock Delay      (SCD):    5.786ns
    Clock Pessimism Removal (CPR):    0.000ns
  Clock Uncertainty:      0.035ns  ((TSJ^2 + TIJ^2)^1/2 + DJ) / 2 + PE
    Total System Jitter     (TSJ):    0.071ns
    Total Input Jitter      (TIJ):    0.000ns
    Discrete Jitter          (DJ):    0.000ns
    Phase Error              (PE):    0.000ns
  Timing Exception:       False Path

    Location             Delay type                Incr(ns)  Path(ns)    Netlist Resource(s)
  -------------------------------------------------------------------    -------------------
                         (clock wbClk rise edge)      0.000     0.000 r  
    H16                                               0.000     0.000 r  wbClk (IN)
                         net (fo=0)                   0.000     0.000    wbClk
    H16                  IBUF (Prop_ibuf_I_O)         1.451     1.451 r  wbClk_IBUF_inst/O
                         net (fo=1, routed)           2.522     3.973    wbClk_IBUF
    BUFGCTRL_X0Y16       BUFG (Prop_bufg_I_O)         0.101     4.074 r  wbClk_IBUF_BUFG_inst/O
                         net (fo=704, routed)         1.712     5.786    wbClk_IBUF_BUFG
    SLICE_X65Y61         FDRE                                         r  ingressFifoWrEn_reg/C
  -------------------------------------------------------------------    -------------------
    SLICE_X65Y61         FDRE (Prop_fdre_C_Q)         0.456     6.242 r  ingressFifoWrEn_reg/Q
                         net (fo=24, routed)          2.675     8.917    ingressLoop[0].ingressFifo/buffer_fifo/ingressFifoWrEn
    SLICE_X24Y46         LUT2 (Prop_lut2_I0_O)        0.124     9.041 r  ingressLoop[0].ingressFifo/buffer_fifo/infer_fifo.two_rd_addr[9]_i_1/O
                         net (fo=39, routed)          0.964    10.005    ingressLoop[0].ingressFifo/buffer_fifo/infer_fifo.two_rd_addr[9]_i_1_n_0
    SLICE_X28Y44         FDCE                                         r  ingressLoop[0].ingressFifo/buffer_fifo/infer_fifo.two_rd_addr_reg[5]/CE
  -------------------------------------------------------------------    -------------------

                         (clock bftClk rise edge)     0.000     0.000 r  
    H15                                               0.000     0.000 r  bftClk (IN)
                         net (fo=0)                   0.000     0.000    bftClk
    H15                  IBUF (Prop_ibuf_I_O)         1.430     1.430 r  bftClk_IBUF_inst/O
                         net (fo=1, routed)           3.120     4.550    bftClk_IBUF
    BUFGCTRL_X0Y0        BUFG (Prop_bufg_I_O)         0.091     4.641 r  bftClk_IBUF_BUFG_inst/O
                         net (fo=730, routed)         1.568     6.209    ingressLoop[0].ingressFifo/buffer_fifo/clk
    SLICE_X28Y44         FDCE                                         r  ingressLoop[0].ingressFifo/buffer_fifo/infer_fifo.two_rd_addr_reg[5]/C

Slack:                    inf
  Source:                 ingressFifoWrEn_reg/C
                            (rising edge-triggered cell FDRE clocked by wbClk  {rise@0.000ns fall@5.000ns period=10.000ns})
  Destination:            ingressLoop[0].ingressFifo/buffer_fifo/infer_fifo.two_rd_addr_reg[6]/CE
                            (rising edge-triggered cell FDCE clocked by bftClk  {rise@0.000ns fall@2.500ns period=5.000ns})
  Path Group:             (none)
  Path Type:              Setup (Max at Slow Process Corner)
  Data Path Delay:        4.219ns  (logic 0.580ns (13.746%)  route 3.639ns (86.254%))
  Logic Levels:           1  (LUT2=1)
  Clock Path Skew:        0.423ns (DCD - SCD + CPR)
    Destination Clock Delay (DCD):    6.209ns
    Source Clock Delay      (SCD):    5.786ns
    Clock Pessimism Removal (CPR):    0.000ns
  Clock Uncertainty:      0.035ns  ((TSJ^2 + TIJ^2)^1/2 + DJ) / 2 + PE
    Total System Jitter     (TSJ):    0.071ns
    Total Input Jitter      (TIJ):    0.000ns
    Discrete Jitter          (DJ):    0.000ns
    Phase Error              (PE):    0.000ns
  Timing Exception:       False Path

    Location             Delay type                Incr(ns)  Path(ns)    Netlist Resource(s)
  -------------------------------------------------------------------    -------------------
                         (clock wbClk rise edge)      0.000     0.000 r  
    H16                                               0.000     0.000 r  wbClk (IN)
                         net (fo=0)                   0.000     0.000    wbClk
    H16                  IBUF (Prop_ibuf_I_O)         1.451     1.451 r  wbClk_IBUF_inst/O
                         net (fo=1, routed)           2.522     3.973    wbClk_IBUF
    BUFGCTRL_X0Y16       BUFG (Prop_bufg_I_O)         0.101     4.074 r  wbClk_IBUF_BUFG_inst/O
                         net (fo=704, routed)         1.712     5.786    wbClk_IBUF_BUFG
    SLICE_X65Y61         FDRE                                         r  ingressFifoWrEn_reg/C
  -------------------------------------------------------------------    -------------------
    SLICE_X65Y61         FDRE (Prop_fdre_C_Q)         0.456     6.242 r  ingressFifoWrEn_reg/Q
                         net (fo=24, routed)          2.675     8.917    ingressLoop[0].ingressFifo/buffer_fifo/ingressFifoWrEn
    SLICE_X24Y46         LUT2 (Prop_lut2_I0_O)        0.124     9.041 r  ingressLoop[0].ingressFifo/buffer_fifo/infer_fifo.two_rd_addr[9]_i_1/O
                         net (fo=39, routed)          0.964    10.005    ingressLoop[0].ingressFifo/buffer_fifo/infer_fifo.two_rd_addr[9]_i_1_n_0
    SLICE_X28Y44         FDCE                                         r  ingressLoop[0].ingressFifo/buffer_fifo/infer_fifo.two_rd_addr_reg[6]/CE
  -------------------------------------------------------------------    -------------------

                         (clock bftClk rise edge)     0.000     0.000 r  
    H15                                               0.000     0.000 r  bftClk (IN)
                         net (fo=0)                   0.000     0.000    bftClk
    H15                  IBUF (Prop_ibuf_I_O)         1.430     1.430 r  bftClk_IBUF_inst/O
                         net (fo=1, routed)           3.120     4.550    bftClk_IBUF
    BUFGCTRL_X0Y0        BUFG (Prop_bufg_I_O)         0.091     4.641 r  bftClk_IBUF_BUFG_inst/O
                         net (fo=730, routed)         1.568     6.209    ingressLoop[0].ingressFifo/buffer_fifo/clk
    SLICE_X28Y44         FDCE                                         r  ingressLoop[0].ingressFifo/buffer_fifo/infer_fifo.two_rd_addr_reg[6]/C

Slack:                    inf
  Source:                 ingressFifoWrEn_reg/C
                            (rising edge-triggered cell FDRE clocked by wbClk  {rise@0.000ns fall@5.000ns period=10.000ns})
  Destination:            ingressLoop[0].ingressFifo/buffer_fifo/infer_fifo.next_rd_addr_reg[0]/CE
                            (rising edge-triggered cell FDPE clocked by bftClk  {rise@0.000ns fall@2.500ns period=5.000ns})
  Path Group:             (none)
  Path Type:              Setup (Max at Slow Process Corner)
  Data Path Delay:        4.119ns  (logic 0.580ns (14.082%)  route 3.539ns (85.918%))
  Logic Levels:           1  (LUT2=1)
  Clock Path Skew:        0.424ns (DCD - SCD + CPR)
    Destination Clock Delay (DCD):    6.210ns
    Source Clock Delay      (SCD):    5.786ns
    Clock Pessimism Removal (CPR):    0.000ns
  Clock Uncertainty:      0.035ns  ((TSJ^2 + TIJ^2)^1/2 + DJ) / 2 + PE
    Total System Jitter     (TSJ):    0.071ns
    Total Input Jitter      (TIJ):    0.000ns
    Discrete Jitter          (DJ):    0.000ns
    Phase Error              (PE):    0.000ns
  Timing Exception:       False Path

    Location             Delay type                Incr(ns)  Path(ns)    Netlist Resource(s)
  -------------------------------------------------------------------    -------------------
                         (clock wbClk rise edge)      0.000     0.000 r  
    H16                                               0.000     0.000 r  wbClk (IN)
                         net (fo=0)                   0.000     0.000    wbClk
    H16                  IBUF (Prop_ibuf_I_O)         1.451     1.451 r  wbClk_IBUF_inst/O
                         net (fo=1, routed)           2.522     3.973    wbClk_IBUF
    BUFGCTRL_X0Y16       BUFG (Prop_bufg_I_O)         0.101     4.074 r  wbClk_IBUF_BUFG_inst/O
                         net (fo=704, routed)         1.712     5.786    wbClk_IBUF_BUFG
    SLICE_X65Y61         FDRE                                         r  ingressFifoWrEn_reg/C
  -------------------------------------------------------------------    -------------------
    SLICE_X65Y61         FDRE (Prop_fdre_C_Q)         0.456     6.242 r  ingressFifoWrEn_reg/Q
                         net (fo=24, routed)          2.675     8.917    ingressLoop[0].ingressFifo/buffer_fifo/ingressFifoWrEn
    SLICE_X24Y46         LUT2 (Prop_lut2_I0_O)        0.124     9.041 r  ingressLoop[0].ingressFifo/buffer_fifo/infer_fifo.two_rd_addr[9]_i_1/O
                         net (fo=39, routed)          0.864     9.904    ingressLoop[0].ingressFifo/buffer_fifo/infer_fifo.two_rd_addr[9]_i_1_n_0
    SLICE_X26Y44         FDPE                                         r  ingressLoop[0].ingressFifo/buffer_fifo/infer_fifo.next_rd_addr_reg[0]/CE
  -------------------------------------------------------------------    -------------------

                         (clock bftClk rise edge)     0.000     0.000 r  
    H15                                               0.000     0.000 r  bftClk (IN)
                         net (fo=0)                   0.000     0.000    bftClk
    H15                  IBUF (Prop_ibuf_I_O)         1.430     1.430 r  bftClk_IBUF_inst/O
                         net (fo=1, routed)           3.120     4.550    bftClk_IBUF
    BUFGCTRL_X0Y0        BUFG (Prop_bufg_I_O)         0.091     4.641 r  bftClk_IBUF_BUFG_inst/O
                         net (fo=730, routed)         1.569     6.210    ingressLoop[0].ingressFifo/buffer_fifo/clk
    SLICE_X26Y44         FDPE                                         r  ingressLoop[0].ingressFifo/buffer_fifo/infer_fifo.next_rd_addr_reg[0]/C

Slack:                    inf
  Source:                 ingressFifoWrEn_reg/C
                            (rising edge-triggered cell FDRE clocked by wbClk  {rise@0.000ns fall@5.000ns period=10.000ns})
  Destination:            ingressLoop[0].ingressFifo/buffer_fifo/infer_fifo.next_rd_addr_reg[1]/CE
                            (rising edge-triggered cell FDCE clocked by bftClk  {rise@0.000ns fall@2.500ns period=5.000ns})
  Path Group:             (none)
  Path Type:              Setup (Max at Slow Process Corner)
  Data Path Delay:        4.119ns  (logic 0.580ns (14.082%)  route 3.539ns (85.918%))
  Logic Levels:           1  (LUT2=1)
  Clock Path Skew:        0.424ns (DCD - SCD + CPR)
    Destination Clock Delay (DCD):    6.210ns
    Source Clock Delay      (SCD):    5.786ns
    Clock Pessimism Removal (CPR):    0.000ns
  Clock Uncertainty:      0.035ns  ((TSJ^2 + TIJ^2)^1/2 + DJ) / 2 + PE
    Total System Jitter     (TSJ):    0.071ns
    Total Input Jitter      (TIJ):    0.000ns
    Discrete Jitter          (DJ):    0.000ns
    Phase Error              (PE):    0.000ns
  Timing Exception:       False Path

    Location             Delay type                Incr(ns)  Path(ns)    Netlist Resource(s)
  -------------------------------------------------------------------    -------------------
                         (clock wbClk rise edge)      0.000     0.000 r  
    H16                                               0.000     0.000 r  wbClk (IN)
                         net (fo=0)                   0.000     0.000    wbClk
    H16                  IBUF (Prop_ibuf_I_O)         1.451     1.451 r  wbClk_IBUF_inst/O
                         net (fo=1, routed)           2.522     3.973    wbClk_IBUF
    BUFGCTRL_X0Y16       BUFG (Prop_bufg_I_O)         0.101     4.074 r  wbClk_IBUF_BUFG_inst/O
                         net (fo=704, routed)         1.712     5.786    wbClk_IBUF_BUFG
    SLICE_X65Y61         FDRE                                         r  ingressFifoWrEn_reg/C
  -------------------------------------------------------------------    -------------------
    SLICE_X65Y61         FDRE (Prop_fdre_C_Q)         0.456     6.242 r  ingressFifoWrEn_reg/Q
                         net (fo=24, routed)          2.675     8.917    ingressLoop[0].ingressFifo/buffer_fifo/ingressFifoWrEn
    SLICE_X24Y46         LUT2 (Prop_lut2_I0_O)        0.124     9.041 r  ingressLoop[0].ingressFifo/buffer_fifo/infer_fifo.two_rd_addr[9]_i_1/O
                         net (fo=39, routed)          0.864     9.904    ingressLoop[0].ingressFifo/buffer_fifo/infer_fifo.two_rd_addr[9]_i_1_n_0
    SLICE_X26Y44         FDCE                                         r  ingressLoop[0].ingressFifo/buffer_fifo/infer_fifo.next_rd_addr_reg[1]/CE
  -------------------------------------------------------------------    -------------------

                         (clock bftClk rise edge)     0.000     0.000 r  
    H15                                               0.000     0.000 r  bftClk (IN)
                         net (fo=0)                   0.000     0.000    bftClk
    H15                  IBUF (Prop_ibuf_I_O)         1.430     1.430 r  bftClk_IBUF_inst/O
                         net (fo=1, routed)           3.120     4.550    bftClk_IBUF
    BUFGCTRL_X0Y0        BUFG (Prop_bufg_I_O)         0.091     4.641 r  bftClk_IBUF_BUFG_inst/O
                         net (fo=730, routed)         1.569     6.210    ingressLoop[0].ingressFifo/buffer_fifo/clk
    SLICE_X26Y44         FDCE                                         r  ingressLoop[0].ingressFifo/buffer_fifo/infer_fifo.next_rd_addr_reg[1]/C

Slack:                    inf
  Source:                 ingressFifoWrEn_reg/C
                            (rising edge-triggered cell FDRE clocked by wbClk  {rise@0.000ns fall@5.000ns period=10.000ns})
  Destination:            ingressLoop[0].ingressFifo/buffer_fifo/infer_fifo.next_rd_addr_reg[2]/CE
                            (rising edge-triggered cell FDCE clocked by bftClk  {rise@0.000ns fall@2.500ns period=5.000ns})
  Path Group:             (none)
  Path Type:              Setup (Max at Slow Process Corner)
  Data Path Delay:        4.119ns  (logic 0.580ns (14.082%)  route 3.539ns (85.918%))
  Logic Levels:           1  (LUT2=1)
  Clock Path Skew:        0.424ns (DCD - SCD + CPR)
    Destination Clock Delay (DCD):    6.210ns
    Source Clock Delay      (SCD):    5.786ns
    Clock Pessimism Removal (CPR):    0.000ns
  Clock Uncertainty:      0.035ns  ((TSJ^2 + TIJ^2)^1/2 + DJ) / 2 + PE
    Total System Jitter     (TSJ):    0.071ns
    Total Input Jitter      (TIJ):    0.000ns
    Discrete Jitter          (DJ):    0.000ns
    Phase Error              (PE):    0.000ns
  Timing Exception:       False Path

    Location             Delay type                Incr(ns)  Path(ns)    Netlist Resource(s)
  -------------------------------------------------------------------    -------------------
                         (clock wbClk rise edge)      0.000     0.000 r  
    H16                                               0.000     0.000 r  wbClk (IN)
                         net (fo=0)                   0.000     0.000    wbClk
    H16                  IBUF (Prop_ibuf_I_O)         1.451     1.451 r  wbClk_IBUF_inst/O
                         net (fo=1, routed)           2.522     3.973    wbClk_IBUF
    BUFGCTRL_X0Y16       BUFG (Prop_bufg_I_O)         0.101     4.074 r  wbClk_IBUF_BUFG_inst/O
                         net (fo=704, routed)         1.712     5.786    wbClk_IBUF_BUFG
    SLICE_X65Y61         FDRE                                         r  ingressFifoWrEn_reg/C
  -------------------------------------------------------------------    -------------------
    SLICE_X65Y61         FDRE (Prop_fdre_C_Q)         0.456     6.242 r  ingressFifoWrEn_reg/Q
                         net (fo=24, routed)          2.675     8.917    ingressLoop[0].ingressFifo/buffer_fifo/ingressFifoWrEn
    SLICE_X24Y46         LUT2 (Prop_lut2_I0_O)        0.124     9.041 r  ingressLoop[0].ingressFifo/buffer_fifo/infer_fifo.two_rd_addr[9]_i_1/O
                         net (fo=39, routed)          0.864     9.904    ingressLoop[0].ingressFifo/buffer_fifo/infer_fifo.two_rd_addr[9]_i_1_n_0
    SLICE_X26Y44         FDCE                                         r  ingressLoop[0].ingressFifo/buffer_fifo/infer_fifo.next_rd_addr_reg[2]/CE
  -------------------------------------------------------------------    -------------------

                         (clock bftClk rise edge)     0.000     0.000 r  
    H15                                               0.000     0.000 r  bftClk (IN)
                         net (fo=0)                   0.000     0.000    bftClk
    H15                  IBUF (Prop_ibuf_I_O)         1.430     1.430 r  bftClk_IBUF_inst/O
                         net (fo=1, routed)           3.120     4.550    bftClk_IBUF
    BUFGCTRL_X0Y0        BUFG (Prop_bufg_I_O)         0.091     4.641 r  bftClk_IBUF_BUFG_inst/O
                         net (fo=730, routed)         1.569     6.210    ingressLoop[0].ingressFifo/buffer_fifo/clk
    SLICE_X26Y44         FDCE                                         r  ingressLoop[0].ingressFifo/buffer_fifo/infer_fifo.next_rd_addr_reg[2]/C

Slack:                    inf
  Source:                 ingressFifoWrEn_reg/C
                            (rising edge-triggered cell FDRE clocked by wbClk  {rise@0.000ns fall@5.000ns period=10.000ns})
  Destination:            ingressLoop[0].ingressFifo/buffer_fifo/infer_fifo.next_rd_addr_reg[5]/CE
                            (rising edge-triggered cell FDCE clocked by bftClk  {rise@0.000ns fall@2.500ns period=5.000ns})
  Path Group:             (none)
  Path Type:              Setup (Max at Slow Process Corner)
  Data Path Delay:        4.119ns  (logic 0.580ns (14.082%)  route 3.539ns (85.918%))
  Logic Levels:           1  (LUT2=1)
  Clock Path Skew:        0.424ns (DCD - SCD + CPR)
    Destination Clock Delay (DCD):    6.210ns
    Source Clock Delay      (SCD):    5.786ns
    Clock Pessimism Removal (CPR):    0.000ns
  Clock Uncertainty:      0.035ns  ((TSJ^2 + TIJ^2)^1/2 + DJ) / 2 + PE
    Total System Jitter     (TSJ):    0.071ns
    Total Input Jitter      (TIJ):    0.000ns
    Discrete Jitter          (DJ):    0.000ns
    Phase Error              (PE):    0.000ns
  Timing Exception:       False Path

    Location             Delay type                Incr(ns)  Path(ns)    Netlist Resource(s)
  -------------------------------------------------------------------    -------------------
                         (clock wbClk rise edge)      0.000     0.000 r  
    H16                                               0.000     0.000 r  wbClk (IN)
                         net (fo=0)                   0.000     0.000    wbClk
    H16                  IBUF (Prop_ibuf_I_O)         1.451     1.451 r  wbClk_IBUF_inst/O
                         net (fo=1, routed)           2.522     3.973    wbClk_IBUF
    BUFGCTRL_X0Y16       BUFG (Prop_bufg_I_O)         0.101     4.074 r  wbClk_IBUF_BUFG_inst/O
                         net (fo=704, routed)         1.712     5.786    wbClk_IBUF_BUFG
    SLICE_X65Y61         FDRE                                         r  ingressFifoWrEn_reg/C
  -------------------------------------------------------------------    -------------------
    SLICE_X65Y61         FDRE (Prop_fdre_C_Q)         0.456     6.242 r  ingressFifoWrEn_reg/Q
                         net (fo=24, routed)          2.675     8.917    ingressLoop[0].ingressFifo/buffer_fifo/ingressFifoWrEn
    SLICE_X24Y46         LUT2 (Prop_lut2_I0_O)        0.124     9.041 r  ingressLoop[0].ingressFifo/buffer_fifo/infer_fifo.two_rd_addr[9]_i_1/O
                         net (fo=39, routed)          0.864     9.904    ingressLoop[0].ingressFifo/buffer_fifo/infer_fifo.two_rd_addr[9]_i_1_n_0
    SLICE_X26Y44         FDCE                                         r  ingressLoop[0].ingressFifo/buffer_fifo/infer_fifo.next_rd_addr_reg[5]/CE
  -------------------------------------------------------------------    -------------------

                         (clock bftClk rise edge)     0.000     0.000 r  
    H15                                               0.000     0.000 r  bftClk (IN)
                         net (fo=0)                   0.000     0.000    bftClk
    H15                  IBUF (Prop_ibuf_I_O)         1.430     1.430 r  bftClk_IBUF_inst/O
                         net (fo=1, routed)           3.120     4.550    bftClk_IBUF
    BUFGCTRL_X0Y0        BUFG (Prop_bufg_I_O)         0.091     4.641 r  bftClk_IBUF_BUFG_inst/O
                         net (fo=730, routed)         1.569     6.210    ingressLoop[0].ingressFifo/buffer_fifo/clk
    SLICE_X26Y44         FDCE                                         r  ingressLoop[0].ingressFifo/buffer_fifo/infer_fifo.next_rd_addr_reg[5]/C





Min Delay Paths
--------------------------------------------------------------------------------------
Slack:                    inf
  Source:                 ingressLoop[3].ingressFifo/buffer_fifo/infer_fifo.wr_addr_reg[1]/C
                            (rising edge-triggered cell FDCE clocked by wbClk  {rise@0.000ns fall@5.000ns period=10.000ns})
  Destination:            ingressLoop[3].ingressFifo/buffer_fifo/infer_fifo.empty_reg_reg/D
                            (rising edge-triggered cell FDPE clocked by bftClk  {rise@0.000ns fall@2.500ns period=5.000ns})
  Path Group:             (none)
  Path Type:              Hold (Min at Fast Process Corner)
  Data Path Delay:        0.743ns  (logic 0.383ns (51.580%)  route 0.360ns (48.420%))
  Logic Levels:           3  (CARRY4=1 LUT4=1 LUT6=1)
  Clock Path Skew:        1.430ns (DCD - SCD - CPR)
    Destination Clock Delay (DCD):    3.068ns
    Source Clock Delay      (SCD):    1.638ns
    Clock Pessimism Removal (CPR):    -0.000ns
  Clock Uncertainty:      0.035ns  ((TSJ^2 + TIJ^2)^1/2 + DJ) / 2 + PE
    Total System Jitter     (TSJ):    0.071ns
    Total Input Jitter      (TIJ):    0.000ns
    Discrete Jitter          (DJ):    0.000ns
    Phase Error              (PE):    0.000ns
  Timing Exception:       False Path

    Location             Delay type                Incr(ns)  Path(ns)    Netlist Resource(s)
  -------------------------------------------------------------------    -------------------
                         (clock wbClk rise edge)      0.000     0.000 r  
    H16                                               0.000     0.000 r  wbClk (IN)
                         net (fo=0)                   0.000     0.000    wbClk
    H16                  IBUF (Prop_ibuf_I_O)         0.219     0.219 r  wbClk_IBUF_inst/O
                         net (fo=1, routed)           0.842     1.060    wbClk_IBUF
    BUFGCTRL_X0Y16       BUFG (Prop_bufg_I_O)         0.026     1.086 r  wbClk_IBUF_BUFG_inst/O
                         net (fo=704, routed)         0.552     1.638    ingressLoop[3].ingressFifo/buffer_fifo/rd_clk
    SLICE_X39Y65         FDCE                                         r  ingressLoop[3].ingressFifo/buffer_fifo/infer_fifo.wr_addr_reg[1]/C
  -------------------------------------------------------------------    -------------------
    SLICE_X39Y65         FDCE (Prop_fdce_C_Q)         0.141     1.779 r  ingressLoop[3].ingressFifo/buffer_fifo/infer_fifo.wr_addr_reg[1]/Q
                         net (fo=3, routed)           0.152     1.931    ingressLoop[3].ingressFifo/buffer_fifo/infer_fifo.wr_addr[1]
    SLICE_X39Y65         LUT6 (Prop_lut6_I4_O)        0.045     1.976 r  ingressLoop[3].ingressFifo/buffer_fifo/i__carry_i_4__2/O
                         net (fo=1, routed)           0.000     1.976    ingressLoop[3].ingressFifo/buffer_fifo/i__carry_i_4__2_n_0
    SLICE_X39Y65         CARRY4 (Prop_carry4_S[0]_CO[3])
                                                      0.152     2.128 r  ingressLoop[3].ingressFifo/buffer_fifo/infer_fifo.empty_reg_reg2_inferred__0/i__carry/CO[3]
                         net (fo=1, routed)           0.208     2.336    ingressLoop[3].ingressFifo/buffer_fifo/infer_fifo.empty_reg_reg20_out
    SLICE_X36Y64         LUT4 (Prop_lut4_I0_O)        0.045     2.381 r  ingressLoop[3].ingressFifo/buffer_fifo/infer_fifo.empty_reg_i_1__2/O
                         net (fo=1, routed)           0.000     2.381    ingressLoop[3].ingressFifo/buffer_fifo/infer_fifo.empty_reg_reg0
    SLICE_X36Y64         FDPE                                         r  ingressLoop[3].ingressFifo/buffer_fifo/infer_fifo.empty_reg_reg/D
  -------------------------------------------------------------------    -------------------

                         (clock bftClk rise edge)     0.000     0.000 r  
    H15                                               0.000     0.000 r  bftClk (IN)
                         net (fo=0)                   0.000     0.000    bftClk
    H15                  IBUF (Prop_ibuf_I_O)         0.456     0.456 r  bftClk_IBUF_inst/O
                         net (fo=1, routed)           1.762     2.218    bftClk_IBUF
    BUFGCTRL_X0Y0        BUFG (Prop_bufg_I_O)         0.029     2.247 r  bftClk_IBUF_BUFG_inst/O
                         net (fo=730, routed)         0.821     3.068    ingressLoop[3].ingressFifo/buffer_fifo/clk
    SLICE_X36Y64         FDPE                                         r  ingressLoop[3].ingressFifo/buffer_fifo/infer_fifo.empty_reg_reg/C

Slack:                    inf
  Source:                 egressLoop[3].egressFifo/buffer_fifo/infer_fifo.rd_addr_reg[7]/C
                            (rising edge-triggered cell FDCE clocked by wbClk  {rise@0.000ns fall@5.000ns period=10.000ns})
  Destination:            egressLoop[3].egressFifo/buffer_fifo/infer_fifo.full_reg_reg/D
                            (rising edge-triggered cell FDCE clocked by bftClk  {rise@0.000ns fall@2.500ns period=5.000ns})
  Path Group:             (none)
  Path Type:              Hold (Min at Fast Process Corner)
  Data Path Delay:        0.735ns  (logic 0.369ns (50.207%)  route 0.366ns (49.793%))
  Logic Levels:           3  (CARRY4=1 LUT4=1 LUT6=1)
  Clock Path Skew:        1.427ns (DCD - SCD - CPR)
    Destination Clock Delay (DCD):    3.088ns
    Source Clock Delay      (SCD):    1.661ns
    Clock Pessimism Removal (CPR):    -0.000ns
  Clock Uncertainty:      0.035ns  ((TSJ^2 + TIJ^2)^1/2 + DJ) / 2 + PE
    Total System Jitter     (TSJ):    0.071ns
    Total Input Jitter      (TIJ):    0.000ns
    Discrete Jitter          (DJ):    0.000ns
    Phase Error              (PE):    0.000ns
  Timing Exception:       False Path

    Location             Delay type                Incr(ns)  Path(ns)    Netlist Resource(s)
  -------------------------------------------------------------------    -------------------
                         (clock wbClk rise edge)      0.000     0.000 r  
    H16                                               0.000     0.000 r  wbClk (IN)
                         net (fo=0)                   0.000     0.000    wbClk
    H16                  IBUF (Prop_ibuf_I_O)         0.219     0.219 r  wbClk_IBUF_inst/O
                         net (fo=1, routed)           0.842     1.060    wbClk_IBUF
    BUFGCTRL_X0Y16       BUFG (Prop_bufg_I_O)         0.026     1.086 r  wbClk_IBUF_BUFG_inst/O
                         net (fo=704, routed)         0.575     1.661    egressLoop[3].egressFifo/buffer_fifo/rd_clk
    SLICE_X54Y31         FDCE                                         r  egressLoop[3].egressFifo/buffer_fifo/infer_fifo.rd_addr_reg[7]/C
  -------------------------------------------------------------------    -------------------
    SLICE_X54Y31         FDCE (Prop_fdce_C_Q)         0.164     1.825 r  egressLoop[3].egressFifo/buffer_fifo/infer_fifo.rd_addr_reg[7]/Q
                         net (fo=3, routed)           0.096     1.922    egressLoop[3].egressFifo/buffer_fifo/infer_fifo.rd_addr[7]
    SLICE_X55Y31         LUT6 (Prop_lut6_I4_O)        0.045     1.967 r  egressLoop[3].egressFifo/buffer_fifo/infer_fifo.full_reg_reg2_carry_i_2__10/O
                         net (fo=1, routed)           0.000     1.967    egressLoop[3].egressFifo/buffer_fifo/infer_fifo.full_reg_reg2_carry_i_2__10_n_0
    SLICE_X55Y31         CARRY4 (Prop_carry4_S[2]_CO[3])
                                                      0.115     2.082 r  egressLoop[3].egressFifo/buffer_fifo/infer_fifo.full_reg_reg2_carry/CO[3]
                         net (fo=1, routed)           0.269     2.351    egressLoop[3].egressFifo/buffer_fifo/infer_fifo.full_reg_reg2
    SLICE_X58Y31         LUT4 (Prop_lut4_I0_O)        0.045     2.396 r  egressLoop[3].egressFifo/buffer_fifo/infer_fifo.full_reg_i_1__10/O
                         net (fo=1, routed)           0.000     2.396    egressLoop[3].egressFifo/buffer_fifo/infer_fifo.full_reg_reg0
    SLICE_X58Y31         FDCE                                         r  egressLoop[3].egressFifo/buffer_fifo/infer_fifo.full_reg_reg/D
  -------------------------------------------------------------------    -------------------

                         (clock bftClk rise edge)     0.000     0.000 r  
    H15                                               0.000     0.000 r  bftClk (IN)
                         net (fo=0)                   0.000     0.000    bftClk
    H15                  IBUF (Prop_ibuf_I_O)         0.456     0.456 r  bftClk_IBUF_inst/O
                         net (fo=1, routed)           1.762     2.218    bftClk_IBUF
    BUFGCTRL_X0Y0        BUFG (Prop_bufg_I_O)         0.029     2.247 r  bftClk_IBUF_BUFG_inst/O
                         net (fo=730, routed)         0.841     3.088    egressLoop[3].egressFifo/buffer_fifo/clk
    SLICE_X58Y31         FDCE                                         r  egressLoop[3].egressFifo/buffer_fifo/infer_fifo.full_reg_reg/C

Slack:                    inf
  Source:                 egressLoop[4].egressFifo/buffer_fifo/infer_fifo.rd_addr_reg[8]/C
                            (rising edge-triggered cell FDCE clocked by wbClk  {rise@0.000ns fall@5.000ns period=10.000ns})
  Destination:            egressLoop[4].egressFifo/buffer_fifo/infer_fifo.full_reg_reg/D
                            (rising edge-triggered cell FDCE clocked by bftClk  {rise@0.000ns fall@2.500ns period=5.000ns})
  Path Group:             (none)
  Path Type:              Hold (Min at Fast Process Corner)
  Data Path Delay:        0.739ns  (logic 0.346ns (46.797%)  route 0.393ns (53.203%))
  Logic Levels:           3  (CARRY4=1 LUT4=1 LUT6=1)
  Clock Path Skew:        1.426ns (DCD - SCD - CPR)
    Destination Clock Delay (DCD):    3.098ns
    Source Clock Delay      (SCD):    1.672ns
    Clock Pessimism Removal (CPR):    -0.000ns
  Clock Uncertainty:      0.035ns  ((TSJ^2 + TIJ^2)^1/2 + DJ) / 2 + PE
    Total System Jitter     (TSJ):    0.071ns
    Total Input Jitter      (TIJ):    0.000ns
    Discrete Jitter          (DJ):    0.000ns
    Phase Error              (PE):    0.000ns
  Timing Exception:       False Path

    Location             Delay type                Incr(ns)  Path(ns)    Netlist Resource(s)
  -------------------------------------------------------------------    -------------------
                         (clock wbClk rise edge)      0.000     0.000 r  
    H16                                               0.000     0.000 r  wbClk (IN)
                         net (fo=0)                   0.000     0.000    wbClk
    H16                  IBUF (Prop_ibuf_I_O)         0.219     0.219 r  wbClk_IBUF_inst/O
                         net (fo=1, routed)           0.842     1.060    wbClk_IBUF
    BUFGCTRL_X0Y16       BUFG (Prop_bufg_I_O)         0.026     1.086 r  wbClk_IBUF_BUFG_inst/O
                         net (fo=704, routed)         0.586     1.672    egressLoop[4].egressFifo/buffer_fifo/rd_clk
    SLICE_X64Y47         FDCE                                         r  egressLoop[4].egressFifo/buffer_fifo/infer_fifo.rd_addr_reg[8]/C
  -------------------------------------------------------------------    -------------------
    SLICE_X64Y47         FDCE (Prop_fdce_C_Q)         0.141     1.813 r  egressLoop[4].egressFifo/buffer_fifo/infer_fifo.rd_addr_reg[8]/Q
                         net (fo=3, routed)           0.162     1.975    egressLoop[4].egressFifo/buffer_fifo/infer_fifo.rd_addr[8]
    SLICE_X64Y46         LUT6 (Prop_lut6_I2_O)        0.045     2.020 r  egressLoop[4].egressFifo/buffer_fifo/infer_fifo.full_reg_reg2_carry_i_2__11/O
                         net (fo=1, routed)           0.000     2.020    egressLoop[4].egressFifo/buffer_fifo/infer_fifo.full_reg_reg2_carry_i_2__11_n_0
    SLICE_X64Y46         CARRY4 (Prop_carry4_S[2]_CO[3])
                                                      0.115     2.135 r  egressLoop[4].egressFifo/buffer_fifo/infer_fifo.full_reg_reg2_carry/CO[3]
                         net (fo=1, routed)           0.232     2.366    egressLoop[4].egressFifo/buffer_fifo/infer_fifo.full_reg_reg2
    SLICE_X60Y46         LUT4 (Prop_lut4_I0_O)        0.045     2.411 r  egressLoop[4].egressFifo/buffer_fifo/infer_fifo.full_reg_i_1__11/O
                         net (fo=1, routed)           0.000     2.411    egressLoop[4].egressFifo/buffer_fifo/infer_fifo.full_reg_reg0
    SLICE_X60Y46         FDCE                                         r  egressLoop[4].egressFifo/buffer_fifo/infer_fifo.full_reg_reg/D
  -------------------------------------------------------------------    -------------------

                         (clock bftClk rise edge)     0.000     0.000 r  
    H15                                               0.000     0.000 r  bftClk (IN)
                         net (fo=0)                   0.000     0.000    bftClk
    H15                  IBUF (Prop_ibuf_I_O)         0.456     0.456 r  bftClk_IBUF_inst/O
                         net (fo=1, routed)           1.762     2.218    bftClk_IBUF
    BUFGCTRL_X0Y0        BUFG (Prop_bufg_I_O)         0.029     2.247 r  bftClk_IBUF_BUFG_inst/O
                         net (fo=730, routed)         0.851     3.098    egressLoop[4].egressFifo/buffer_fifo/clk
    SLICE_X60Y46         FDCE                                         r  egressLoop[4].egressFifo/buffer_fifo/infer_fifo.full_reg_reg/C

Slack:                    inf
  Source:                 egressLoop[7].egressFifo/buffer_fifo/infer_fifo.rd_addr_reg[2]/C
                            (rising edge-triggered cell FDCE clocked by wbClk  {rise@0.000ns fall@5.000ns period=10.000ns})
  Destination:            egressLoop[7].egressFifo/buffer_fifo/infer_fifo.full_reg_reg/D
                            (rising edge-triggered cell FDCE clocked by bftClk  {rise@0.000ns fall@2.500ns period=5.000ns})
  Path Group:             (none)
  Path Type:              Hold (Min at Fast Process Corner)
  Data Path Delay:        0.746ns  (logic 0.383ns (51.310%)  route 0.363ns (48.690%))
  Logic Levels:           3  (CARRY4=1 LUT4=1 LUT6=1)
  Clock Path Skew:        1.425ns (DCD - SCD - CPR)
    Destination Clock Delay (DCD):    3.090ns
    Source Clock Delay      (SCD):    1.665ns
    Clock Pessimism Removal (CPR):    -0.000ns
  Clock Uncertainty:      0.035ns  ((TSJ^2 + TIJ^2)^1/2 + DJ) / 2 + PE
    Total System Jitter     (TSJ):    0.071ns
    Total Input Jitter      (TIJ):    0.000ns
    Discrete Jitter          (DJ):    0.000ns
    Phase Error              (PE):    0.000ns
  Timing Exception:       False Path

    Location             Delay type                Incr(ns)  Path(ns)    Netlist Resource(s)
  -------------------------------------------------------------------    -------------------
                         (clock wbClk rise edge)      0.000     0.000 r  
    H16                                               0.000     0.000 r  wbClk (IN)
                         net (fo=0)                   0.000     0.000    wbClk
    H16                  IBUF (Prop_ibuf_I_O)         0.219     0.219 r  wbClk_IBUF_inst/O
                         net (fo=1, routed)           0.842     1.060    wbClk_IBUF
    BUFGCTRL_X0Y16       BUFG (Prop_bufg_I_O)         0.026     1.086 r  wbClk_IBUF_BUFG_inst/O
                         net (fo=704, routed)         0.579     1.665    egressLoop[7].egressFifo/buffer_fifo/rd_clk
    SLICE_X57Y35         FDCE                                         r  egressLoop[7].egressFifo/buffer_fifo/infer_fifo.rd_addr_reg[2]/C
  -------------------------------------------------------------------    -------------------
    SLICE_X57Y35         FDCE (Prop_fdce_C_Q)         0.141     1.806 r  egressLoop[7].egressFifo/buffer_fifo/infer_fifo.rd_addr_reg[2]/Q
                         net (fo=3, routed)           0.109     1.915    egressLoop[7].egressFifo/buffer_fifo/infer_fifo.rd_addr[2]
    SLICE_X56Y35         LUT6 (Prop_lut6_I2_O)        0.045     1.960 r  egressLoop[7].egressFifo/buffer_fifo/infer_fifo.full_reg_reg2_carry_i_4__14/O
                         net (fo=1, routed)           0.000     1.960    egressLoop[7].egressFifo/buffer_fifo/infer_fifo.full_reg_reg2_carry_i_4__14_n_0
    SLICE_X56Y35         CARRY4 (Prop_carry4_S[0]_CO[3])
                                                      0.152     2.112 r  egressLoop[7].egressFifo/buffer_fifo/infer_fifo.full_reg_reg2_carry/CO[3]
                         net (fo=1, routed)           0.254     2.367    egressLoop[7].egressFifo/buffer_fifo/infer_fifo.full_reg_reg2
    SLICE_X55Y36         LUT4 (Prop_lut4_I0_O)        0.045     2.412 r  egressLoop[7].egressFifo/buffer_fifo/infer_fifo.full_reg_i_1__14/O
                         net (fo=1, routed)           0.000     2.412    egressLoop[7].egressFifo/buffer_fifo/infer_fifo.full_reg_reg0
    SLICE_X55Y36         FDCE                                         r  egressLoop[7].egressFifo/buffer_fifo/infer_fifo.full_reg_reg/D
  -------------------------------------------------------------------    -------------------

                         (clock bftClk rise edge)     0.000     0.000 r  
    H15                                               0.000     0.000 r  bftClk (IN)
                         net (fo=0)                   0.000     0.000    bftClk
    H15                  IBUF (Prop_ibuf_I_O)         0.456     0.456 r  bftClk_IBUF_inst/O
                         net (fo=1, routed)           1.762     2.218    bftClk_IBUF
    BUFGCTRL_X0Y0        BUFG (Prop_bufg_I_O)         0.029     2.247 r  bftClk_IBUF_BUFG_inst/O
                         net (fo=730, routed)         0.843     3.090    egressLoop[7].egressFifo/buffer_fifo/clk
    SLICE_X55Y36         FDCE                                         r  egressLoop[7].egressFifo/buffer_fifo/infer_fifo.full_reg_reg/C

Slack:                    inf
  Source:                 ingressLoop[2].ingressFifo/buffer_fifo/infer_fifo.wr_addr_reg[4]/C
                            (rising edge-triggered cell FDCE clocked by wbClk  {rise@0.000ns fall@5.000ns period=10.000ns})
  Destination:            ingressLoop[2].ingressFifo/buffer_fifo/infer_fifo.empty_reg_reg/D
                            (rising edge-triggered cell FDPE clocked by bftClk  {rise@0.000ns fall@2.500ns period=5.000ns})
  Path Group:             (none)
  Path Type:              Hold (Min at Fast Process Corner)
  Data Path Delay:        0.775ns  (logic 0.409ns (52.779%)  route 0.366ns (47.221%))
  Logic Levels:           3  (CARRY4=1 LUT4=1 LUT6=1)
  Clock Path Skew:        1.428ns (DCD - SCD - CPR)
    Destination Clock Delay (DCD):    3.065ns
    Source Clock Delay      (SCD):    1.637ns
    Clock Pessimism Removal (CPR):    -0.000ns
  Clock Uncertainty:      0.035ns  ((TSJ^2 + TIJ^2)^1/2 + DJ) / 2 + PE
    Total System Jitter     (TSJ):    0.071ns
    Total Input Jitter      (TIJ):    0.000ns
    Discrete Jitter          (DJ):    0.000ns
    Phase Error              (PE):    0.000ns
  Timing Exception:       False Path

    Location             Delay type                Incr(ns)  Path(ns)    Netlist Resource(s)
  -------------------------------------------------------------------    -------------------
                         (clock wbClk rise edge)      0.000     0.000 r  
    H16                                               0.000     0.000 r  wbClk (IN)
                         net (fo=0)                   0.000     0.000    wbClk
    H16                  IBUF (Prop_ibuf_I_O)         0.219     0.219 r  wbClk_IBUF_inst/O
                         net (fo=1, routed)           0.842     1.060    wbClk_IBUF
    BUFGCTRL_X0Y16       BUFG (Prop_bufg_I_O)         0.026     1.086 r  wbClk_IBUF_BUFG_inst/O
                         net (fo=704, routed)         0.551     1.637    ingressLoop[2].ingressFifo/buffer_fifo/rd_clk
    SLICE_X32Y68         FDCE                                         r  ingressLoop[2].ingressFifo/buffer_fifo/infer_fifo.wr_addr_reg[4]/C
  -------------------------------------------------------------------    -------------------
    SLICE_X32Y68         FDCE (Prop_fdce_C_Q)         0.164     1.801 r  ingressLoop[2].ingressFifo/buffer_fifo/infer_fifo.wr_addr_reg[4]/Q
                         net (fo=3, routed)           0.149     1.951    ingressLoop[2].ingressFifo/buffer_fifo/infer_fifo.wr_addr[4]
    SLICE_X33Y69         LUT6 (Prop_lut6_I4_O)        0.045     1.996 r  ingressLoop[2].ingressFifo/buffer_fifo/i__carry_i_3__1/O
                         net (fo=1, routed)           0.000     1.996    ingressLoop[2].ingressFifo/buffer_fifo/i__carry_i_3__1_n_0
    SLICE_X33Y69         CARRY4 (Prop_carry4_S[1]_CO[3])
                                                      0.155     2.151 r  ingressLoop[2].ingressFifo/buffer_fifo/infer_fifo.empty_reg_reg2_inferred__0/i__carry/CO[3]
                         net (fo=1, routed)           0.217     2.367    ingressLoop[2].ingressFifo/buffer_fifo/infer_fifo.empty_reg_reg20_out
    SLICE_X33Y68         LUT4 (Prop_lut4_I0_O)        0.045     2.412 r  ingressLoop[2].ingressFifo/buffer_fifo/infer_fifo.empty_reg_i_1__1/O
                         net (fo=1, routed)           0.000     2.412    ingressLoop[2].ingressFifo/buffer_fifo/infer_fifo.empty_reg_reg0
    SLICE_X33Y68         FDPE                                         r  ingressLoop[2].ingressFifo/buffer_fifo/infer_fifo.empty_reg_reg/D
  -------------------------------------------------------------------    -------------------

                         (clock bftClk rise edge)     0.000     0.000 r  
    H15                                               0.000     0.000 r  bftClk (IN)
                         net (fo=0)                   0.000     0.000    bftClk
    H15                  IBUF (Prop_ibuf_I_O)         0.456     0.456 r  bftClk_IBUF_inst/O
                         net (fo=1, routed)           1.762     2.218    bftClk_IBUF
    BUFGCTRL_X0Y0        BUFG (Prop_bufg_I_O)         0.029     2.247 r  bftClk_IBUF_BUFG_inst/O
                         net (fo=730, routed)         0.818     3.065    ingressLoop[2].ingressFifo/buffer_fifo/clk
    SLICE_X33Y68         FDPE                                         r  ingressLoop[2].ingressFifo/buffer_fifo/infer_fifo.empty_reg_reg/C

Slack:                    inf
  Source:                 ingressLoop[1].ingressFifo/buffer_fifo/infer_fifo.wr_addr_reg[7]/C
                            (rising edge-triggered cell FDCE clocked by wbClk  {rise@0.000ns fall@5.000ns period=10.000ns})
  Destination:            ingressLoop[1].ingressFifo/buffer_fifo/infer_fifo.empty_reg_reg/D
                            (rising edge-triggered cell FDPE clocked by bftClk  {rise@0.000ns fall@2.500ns period=5.000ns})
  Path Group:             (none)
  Path Type:              Hold (Min at Fast Process Corner)
  Data Path Delay:        0.791ns  (logic 0.342ns (43.213%)  route 0.449ns (56.787%))
  Logic Levels:           3  (CARRY4=1 LUT4=1 LUT6=1)
  Clock Path Skew:        1.429ns (DCD - SCD - CPR)
    Destination Clock Delay (DCD):    3.074ns
    Source Clock Delay      (SCD):    1.645ns
    Clock Pessimism Removal (CPR):    -0.000ns
  Clock Uncertainty:      0.035ns  ((TSJ^2 + TIJ^2)^1/2 + DJ) / 2 + PE
    Total System Jitter     (TSJ):    0.071ns
    Total Input Jitter      (TIJ):    0.000ns
    Discrete Jitter          (DJ):    0.000ns
    Phase Error              (PE):    0.000ns
  Timing Exception:       False Path

    Location             Delay type                Incr(ns)  Path(ns)    Netlist Resource(s)
  -------------------------------------------------------------------    -------------------
                         (clock wbClk rise edge)      0.000     0.000 r  
    H16                                               0.000     0.000 r  wbClk (IN)
                         net (fo=0)                   0.000     0.000    wbClk
    H16                  IBUF (Prop_ibuf_I_O)         0.219     0.219 r  wbClk_IBUF_inst/O
                         net (fo=1, routed)           0.842     1.060    wbClk_IBUF
    BUFGCTRL_X0Y16       BUFG (Prop_bufg_I_O)         0.026     1.086 r  wbClk_IBUF_BUFG_inst/O
                         net (fo=704, routed)         0.559     1.645    ingressLoop[1].ingressFifo/buffer_fifo/rd_clk
    SLICE_X33Y52         FDCE                                         r  ingressLoop[1].ingressFifo/buffer_fifo/infer_fifo.wr_addr_reg[7]/C
  -------------------------------------------------------------------    -------------------
    SLICE_X33Y52         FDCE (Prop_fdce_C_Q)         0.141     1.786 r  ingressLoop[1].ingressFifo/buffer_fifo/infer_fifo.wr_addr_reg[7]/Q
                         net (fo=3, routed)           0.186     1.972    ingressLoop[1].ingressFifo/buffer_fifo/infer_fifo.wr_addr[7]
    SLICE_X32Y54         LUT6 (Prop_lut6_I5_O)        0.045     2.017 r  ingressLoop[1].ingressFifo/buffer_fifo/infer_fifo.empty_reg_reg2_carry_i_2__0/O
                         net (fo=1, routed)           0.000     2.017    ingressLoop[1].ingressFifo/buffer_fifo/infer_fifo.empty_reg_reg2_carry_i_2__0_n_0
    SLICE_X32Y54         CARRY4 (Prop_carry4_S[2]_CO[3])
                                                      0.111     2.128 r  ingressLoop[1].ingressFifo/buffer_fifo/infer_fifo.empty_reg_reg2_carry/CO[3]
                         net (fo=2, routed)           0.263     2.392    ingressLoop[1].ingressFifo/buffer_fifo/infer_fifo.empty_reg_reg2
    SLICE_X32Y55         LUT4 (Prop_lut4_I2_O)        0.045     2.437 r  ingressLoop[1].ingressFifo/buffer_fifo/infer_fifo.empty_reg_i_1__0/O
                         net (fo=1, routed)           0.000     2.437    ingressLoop[1].ingressFifo/buffer_fifo/infer_fifo.empty_reg_reg0
    SLICE_X32Y55         FDPE                                         r  ingressLoop[1].ingressFifo/buffer_fifo/infer_fifo.empty_reg_reg/D
  -------------------------------------------------------------------    -------------------

                         (clock bftClk rise edge)     0.000     0.000 r  
    H15                                               0.000     0.000 r  bftClk (IN)
                         net (fo=0)                   0.000     0.000    bftClk
    H15                  IBUF (Prop_ibuf_I_O)         0.456     0.456 r  bftClk_IBUF_inst/O
                         net (fo=1, routed)           1.762     2.218    bftClk_IBUF
    BUFGCTRL_X0Y0        BUFG (Prop_bufg_I_O)         0.029     2.247 r  bftClk_IBUF_BUFG_inst/O
                         net (fo=730, routed)         0.827     3.074    ingressLoop[1].ingressFifo/buffer_fifo/clk
    SLICE_X32Y55         FDPE                                         r  ingressLoop[1].ingressFifo/buffer_fifo/infer_fifo.empty_reg_reg/C

Slack:                    inf
  Source:                 egressLoop[5].egressFifo/buffer_fifo/infer_fifo.rd_addr_reg[6]/C
                            (rising edge-triggered cell FDCE clocked by wbClk  {rise@0.000ns fall@5.000ns period=10.000ns})
  Destination:            egressLoop[5].egressFifo/buffer_fifo/infer_fifo.full_reg_reg/D
                            (rising edge-triggered cell FDCE clocked by bftClk  {rise@0.000ns fall@2.500ns period=5.000ns})
  Path Group:             (none)
  Path Type:              Hold (Min at Fast Process Corner)
  Data Path Delay:        0.805ns  (logic 0.342ns (42.473%)  route 0.463ns (57.527%))
  Logic Levels:           3  (CARRY4=1 LUT4=1 LUT6=1)
  Clock Path Skew:        1.426ns (DCD - SCD - CPR)
    Destination Clock Delay (DCD):    3.072ns
    Source Clock Delay      (SCD):    1.646ns
    Clock Pessimism Removal (CPR):    -0.000ns
  Clock Uncertainty:      0.035ns  ((TSJ^2 + TIJ^2)^1/2 + DJ) / 2 + PE
    Total System Jitter     (TSJ):    0.071ns
    Total Input Jitter      (TIJ):    0.000ns
    Discrete Jitter          (DJ):    0.000ns
    Phase Error              (PE):    0.000ns
  Timing Exception:       False Path

    Location             Delay type                Incr(ns)  Path(ns)    Netlist Resource(s)
  -------------------------------------------------------------------    -------------------
                         (clock wbClk rise edge)      0.000     0.000 r  
    H16                                               0.000     0.000 r  wbClk (IN)
                         net (fo=0)                   0.000     0.000    wbClk
    H16                  IBUF (Prop_ibuf_I_O)         0.219     0.219 r  wbClk_IBUF_inst/O
                         net (fo=1, routed)           0.842     1.060    wbClk_IBUF
    BUFGCTRL_X0Y16       BUFG (Prop_bufg_I_O)         0.026     1.086 r  wbClk_IBUF_BUFG_inst/O
                         net (fo=704, routed)         0.560     1.646    egressLoop[5].egressFifo/buffer_fifo/rd_clk
    SLICE_X33Y35         FDCE                                         r  egressLoop[5].egressFifo/buffer_fifo/infer_fifo.rd_addr_reg[6]/C
  -------------------------------------------------------------------    -------------------
    SLICE_X33Y35         FDCE (Prop_fdce_C_Q)         0.141     1.787 r  egressLoop[5].egressFifo/buffer_fifo/infer_fifo.rd_addr_reg[6]/Q
                         net (fo=3, routed)           0.126     1.913    egressLoop[5].egressFifo/buffer_fifo/infer_fifo.rd_addr[6]
    SLICE_X34Y36         LUT6 (Prop_lut6_I1_O)        0.045     1.958 r  egressLoop[5].egressFifo/buffer_fifo/infer_fifo.full_reg_reg2_carry_i_2__12/O
                         net (fo=1, routed)           0.000     1.958    egressLoop[5].egressFifo/buffer_fifo/infer_fifo.full_reg_reg2_carry_i_2__12_n_0
    SLICE_X34Y36         CARRY4 (Prop_carry4_S[2]_CO[3])
                                                      0.111     2.069 r  egressLoop[5].egressFifo/buffer_fifo/infer_fifo.full_reg_reg2_carry/CO[3]
                         net (fo=1, routed)           0.338     2.406    egressLoop[5].egressFifo/buffer_fifo/infer_fifo.full_reg_reg2
    SLICE_X36Y39         LUT4 (Prop_lut4_I0_O)        0.045     2.451 r  egressLoop[5].egressFifo/buffer_fifo/infer_fifo.full_reg_i_1__12/O
                         net (fo=1, routed)           0.000     2.451    egressLoop[5].egressFifo/buffer_fifo/infer_fifo.full_reg_reg0
    SLICE_X36Y39         FDCE                                         r  egressLoop[5].egressFifo/buffer_fifo/infer_fifo.full_reg_reg/D
  -------------------------------------------------------------------    -------------------

                         (clock bftClk rise edge)     0.000     0.000 r  
    H15                                               0.000     0.000 r  bftClk (IN)
                         net (fo=0)                   0.000     0.000    bftClk
    H15                  IBUF (Prop_ibuf_I_O)         0.456     0.456 r  bftClk_IBUF_inst/O
                         net (fo=1, routed)           1.762     2.218    bftClk_IBUF
    BUFGCTRL_X0Y0        BUFG (Prop_bufg_I_O)         0.029     2.247 r  bftClk_IBUF_BUFG_inst/O
                         net (fo=730, routed)         0.825     3.072    egressLoop[5].egressFifo/buffer_fifo/clk
    SLICE_X36Y39         FDCE                                         r  egressLoop[5].egressFifo/buffer_fifo/infer_fifo.full_reg_reg/C

Slack:                    inf
  Source:                 ingressLoop[5].ingressFifo/buffer_fifo/infer_fifo.wr_addr_reg[3]/C
                            (rising edge-triggered cell FDCE clocked by wbClk  {rise@0.000ns fall@5.000ns period=10.000ns})
  Destination:            ingressLoop[5].ingressFifo/buffer_fifo/infer_fifo.empty_reg_reg/D
                            (rising edge-triggered cell FDPE clocked by bftClk  {rise@0.000ns fall@2.500ns period=5.000ns})
  Path Group:             (none)
  Path Type:              Hold (Min at Fast Process Corner)
  Data Path Delay:        0.764ns  (logic 0.406ns (53.146%)  route 0.358ns (46.854%))
  Logic Levels:           3  (CARRY4=1 LUT4=1 LUT6=1)
  Clock Path Skew:        1.429ns (DCD - SCD - CPR)
    Destination Clock Delay (DCD):    3.126ns
    Source Clock Delay      (SCD):    1.697ns
    Clock Pessimism Removal (CPR):    -0.000ns
  Clock Uncertainty:      0.035ns  ((TSJ^2 + TIJ^2)^1/2 + DJ) / 2 + PE
    Total System Jitter     (TSJ):    0.071ns
    Total Input Jitter      (TIJ):    0.000ns
    Discrete Jitter          (DJ):    0.000ns
    Phase Error              (PE):    0.000ns
  Timing Exception:       False Path

    Location             Delay type                Incr(ns)  Path(ns)    Netlist Resource(s)
  -------------------------------------------------------------------    -------------------
                         (clock wbClk rise edge)      0.000     0.000 r  
    H16                                               0.000     0.000 r  wbClk (IN)
                         net (fo=0)                   0.000     0.000    wbClk
    H16                  IBUF (Prop_ibuf_I_O)         0.219     0.219 r  wbClk_IBUF_inst/O
                         net (fo=1, routed)           0.842     1.060    wbClk_IBUF
    BUFGCTRL_X0Y16       BUFG (Prop_bufg_I_O)         0.026     1.086 r  wbClk_IBUF_BUFG_inst/O
                         net (fo=704, routed)         0.611     1.697    ingressLoop[5].ingressFifo/buffer_fifo/rd_clk
    SLICE_X98Y37         FDCE                                         r  ingressLoop[5].ingressFifo/buffer_fifo/infer_fifo.wr_addr_reg[3]/C
  -------------------------------------------------------------------    -------------------
    SLICE_X98Y37         FDCE (Prop_fdce_C_Q)         0.164     1.861 r  ingressLoop[5].ingressFifo/buffer_fifo/infer_fifo.wr_addr_reg[3]/Q
                         net (fo=3, routed)           0.109     1.970    ingressLoop[5].ingressFifo/buffer_fifo/infer_fifo.wr_addr[3]
    SLICE_X100Y37        LUT6 (Prop_lut6_I1_O)        0.045     2.015 r  ingressLoop[5].ingressFifo/buffer_fifo/i__carry_i_3__4/O
                         net (fo=1, routed)           0.000     2.015    ingressLoop[5].ingressFifo/buffer_fifo/i__carry_i_3__4_n_0
    SLICE_X100Y37        CARRY4 (Prop_carry4_S[1]_CO[3])
                                                      0.152     2.167 r  ingressLoop[5].ingressFifo/buffer_fifo/infer_fifo.empty_reg_reg2_inferred__0/i__carry/CO[3]
                         net (fo=1, routed)           0.249     2.416    ingressLoop[5].ingressFifo/buffer_fifo/infer_fifo.empty_reg_reg20_out
    SLICE_X100Y38        LUT4 (Prop_lut4_I0_O)        0.045     2.461 r  ingressLoop[5].ingressFifo/buffer_fifo/infer_fifo.empty_reg_i_1__4/O
                         net (fo=1, routed)           0.000     2.461    ingressLoop[5].ingressFifo/buffer_fifo/infer_fifo.empty_reg_reg0
    SLICE_X100Y38        FDPE                                         r  ingressLoop[5].ingressFifo/buffer_fifo/infer_fifo.empty_reg_reg/D
  -------------------------------------------------------------------    -------------------

                         (clock bftClk rise edge)     0.000     0.000 r  
    H15                                               0.000     0.000 r  bftClk (IN)
                         net (fo=0)                   0.000     0.000    bftClk
    H15                  IBUF (Prop_ibuf_I_O)         0.456     0.456 r  bftClk_IBUF_inst/O
                         net (fo=1, routed)           1.762     2.218    bftClk_IBUF
    BUFGCTRL_X0Y0        BUFG (Prop_bufg_I_O)         0.029     2.247 r  bftClk_IBUF_BUFG_inst/O
                         net (fo=730, routed)         0.879     3.126    ingressLoop[5].ingressFifo/buffer_fifo/clk
    SLICE_X100Y38        FDPE                                         r  ingressLoop[5].ingressFifo/buffer_fifo/infer_fifo.empty_reg_reg/C

Slack:                    inf
  Source:                 egressLoop[1].egressFifo/buffer_fifo/infer_fifo.rd_addr_reg[1]/C
                            (rising edge-triggered cell FDCE clocked by wbClk  {rise@0.000ns fall@5.000ns period=10.000ns})
  Destination:            egressLoop[1].egressFifo/buffer_fifo/infer_fifo.full_reg_reg/D
                            (rising edge-triggered cell FDCE clocked by bftClk  {rise@0.000ns fall@2.500ns period=5.000ns})
  Path Group:             (none)
  Path Type:              Hold (Min at Fast Process Corner)
  Data Path Delay:        0.824ns  (logic 0.383ns (46.459%)  route 0.441ns (53.541%))
  Logic Levels:           3  (CARRY4=1 LUT4=1 LUT6=1)
  Clock Path Skew:        1.423ns (DCD - SCD - CPR)
    Destination Clock Delay (DCD):    3.066ns
    Source Clock Delay      (SCD):    1.643ns
    Clock Pessimism Removal (CPR):    -0.000ns
  Clock Uncertainty:      0.035ns  ((TSJ^2 + TIJ^2)^1/2 + DJ) / 2 + PE
    Total System Jitter     (TSJ):    0.071ns
    Total Input Jitter      (TIJ):    0.000ns
    Discrete Jitter          (DJ):    0.000ns
    Phase Error              (PE):    0.000ns
  Timing Exception:       False Path

    Location             Delay type                Incr(ns)  Path(ns)    Netlist Resource(s)
  -------------------------------------------------------------------    -------------------
                         (clock wbClk rise edge)      0.000     0.000 r  
    H16                                               0.000     0.000 r  wbClk (IN)
                         net (fo=0)                   0.000     0.000    wbClk
    H16                  IBUF (Prop_ibuf_I_O)         0.219     0.219 r  wbClk_IBUF_inst/O
                         net (fo=1, routed)           0.842     1.060    wbClk_IBUF
    BUFGCTRL_X0Y16       BUFG (Prop_bufg_I_O)         0.026     1.086 r  wbClk_IBUF_BUFG_inst/O
                         net (fo=704, routed)         0.557     1.643    egressLoop[1].egressFifo/buffer_fifo/rd_clk
    SLICE_X49Y35         FDCE                                         r  egressLoop[1].egressFifo/buffer_fifo/infer_fifo.rd_addr_reg[1]/C
  -------------------------------------------------------------------    -------------------
    SLICE_X49Y35         FDCE (Prop_fdce_C_Q)         0.141     1.784 r  egressLoop[1].egressFifo/buffer_fifo/infer_fifo.rd_addr_reg[1]/Q
                         net (fo=3, routed)           0.073     1.857    egressLoop[1].egressFifo/buffer_fifo/infer_fifo.rd_addr[1]
    SLICE_X48Y35         LUT6 (Prop_lut6_I4_O)        0.045     1.902 r  egressLoop[1].egressFifo/buffer_fifo/infer_fifo.full_reg_reg2_carry_i_4__8/O
                         net (fo=1, routed)           0.000     1.902    egressLoop[1].egressFifo/buffer_fifo/infer_fifo.full_reg_reg2_carry_i_4__8_n_0
    SLICE_X48Y35         CARRY4 (Prop_carry4_S[0]_CO[3])
                                                      0.152     2.054 r  egressLoop[1].egressFifo/buffer_fifo/infer_fifo.full_reg_reg2_carry/CO[3]
                         net (fo=1, routed)           0.369     2.422    egressLoop[1].egressFifo/buffer_fifo/infer_fifo.full_reg_reg2
    SLICE_X51Y37         LUT4 (Prop_lut4_I0_O)        0.045     2.467 r  egressLoop[1].egressFifo/buffer_fifo/infer_fifo.full_reg_i_1__8/O
                         net (fo=1, routed)           0.000     2.467    egressLoop[1].egressFifo/buffer_fifo/infer_fifo.full_reg_reg0
    SLICE_X51Y37         FDCE                                         r  egressLoop[1].egressFifo/buffer_fifo/infer_fifo.full_reg_reg/D
  -------------------------------------------------------------------    -------------------

                         (clock bftClk rise edge)     0.000     0.000 r  
    H15                                               0.000     0.000 r  bftClk (IN)
                         net (fo=0)                   0.000     0.000    bftClk
    H15                  IBUF (Prop_ibuf_I_O)         0.456     0.456 r  bftClk_IBUF_inst/O
                         net (fo=1, routed)           1.762     2.218    bftClk_IBUF
    BUFGCTRL_X0Y0        BUFG (Prop_bufg_I_O)         0.029     2.247 r  bftClk_IBUF_BUFG_inst/O
                         net (fo=730, routed)         0.819     3.066    egressLoop[1].egressFifo/buffer_fifo/clk
    SLICE_X51Y37         FDCE                                         r  egressLoop[1].egressFifo/buffer_fifo/infer_fifo.full_reg_reg/C

Slack:                    inf
  Source:                 egressLoop[0].egressFifo/buffer_fifo/infer_fifo.rd_addr_reg[2]/C
                            (rising edge-triggered cell FDCE clocked by wbClk  {rise@0.000ns fall@5.000ns period=10.000ns})
  Destination:            egressLoop[0].egressFifo/buffer_fifo/infer_fifo.full_reg_reg/D
                            (rising edge-triggered cell FDCE clocked by bftClk  {rise@0.000ns fall@2.500ns period=5.000ns})
  Path Group:             (none)
  Path Type:              Hold (Min at Fast Process Corner)
  Data Path Delay:        0.833ns  (logic 0.383ns (45.995%)  route 0.450ns (54.005%))
  Logic Levels:           3  (CARRY4=1 LUT4=1 LUT6=1)
  Clock Path Skew:        1.432ns (DCD - SCD - CPR)
    Destination Clock Delay (DCD):    3.071ns
    Source Clock Delay      (SCD):    1.639ns
    Clock Pessimism Removal (CPR):    -0.000ns
  Clock Uncertainty:      0.035ns  ((TSJ^2 + TIJ^2)^1/2 + DJ) / 2 + PE
    Total System Jitter     (TSJ):    0.071ns
    Total Input Jitter      (TIJ):    0.000ns
    Discrete Jitter          (DJ):    0.000ns
    Phase Error              (PE):    0.000ns
  Timing Exception:       False Path

    Location             Delay type                Incr(ns)  Path(ns)    Netlist Resource(s)
  -------------------------------------------------------------------    -------------------
                         (clock wbClk rise edge)      0.000     0.000 r  
    H16                                               0.000     0.000 r  wbClk (IN)
                         net (fo=0)                   0.000     0.000    wbClk
    H16                  IBUF (Prop_ibuf_I_O)         0.219     0.219 r  wbClk_IBUF_inst/O
                         net (fo=1, routed)           0.842     1.060    wbClk_IBUF
    BUFGCTRL_X0Y16       BUFG (Prop_bufg_I_O)         0.026     1.086 r  wbClk_IBUF_BUFG_inst/O
                         net (fo=704, routed)         0.553     1.639    egressLoop[0].egressFifo/buffer_fifo/rd_clk
    SLICE_X51Y51         FDCE                                         r  egressLoop[0].egressFifo/buffer_fifo/infer_fifo.rd_addr_reg[2]/C
  -------------------------------------------------------------------    -------------------
    SLICE_X51Y51         FDCE (Prop_fdce_C_Q)         0.141     1.780 r  egressLoop[0].egressFifo/buffer_fifo/infer_fifo.rd_addr_reg[2]/Q
                         net (fo=3, routed)           0.126     1.906    egressLoop[0].egressFifo/buffer_fifo/infer_fifo.rd_addr[2]
    SLICE_X52Y51         LUT6 (Prop_lut6_I2_O)        0.045     1.951 r  egressLoop[0].egressFifo/buffer_fifo/infer_fifo.empty_reg_reg2_carry_i_4__7/O
                         net (fo=1, routed)           0.000     1.951    egressLoop[0].egressFifo/buffer_fifo/infer_fifo.empty_reg_reg2_carry_i_4__7_n_0
    SLICE_X52Y51         CARRY4 (Prop_carry4_S[0]_CO[3])
                                                      0.152     2.103 r  egressLoop[0].egressFifo/buffer_fifo/infer_fifo.empty_reg_reg2_carry/CO[3]
                         net (fo=2, routed)           0.324     2.427    egressLoop[0].egressFifo/buffer_fifo/infer_fifo.empty_reg_reg2
    SLICE_X52Y48         LUT4 (Prop_lut4_I2_O)        0.045     2.472 r  egressLoop[0].egressFifo/buffer_fifo/infer_fifo.full_reg_i_1__7/O
                         net (fo=1, routed)           0.000     2.472    egressLoop[0].egressFifo/buffer_fifo/infer_fifo.full_reg_reg0
    SLICE_X52Y48         FDCE                                         r  egressLoop[0].egressFifo/buffer_fifo/infer_fifo.full_reg_reg/D
  -------------------------------------------------------------------    -------------------

                         (clock bftClk rise edge)     0.000     0.000 r  
    H15                                               0.000     0.000 r  bftClk (IN)
                         net (fo=0)                   0.000     0.000    bftClk
    H15                  IBUF (Prop_ibuf_I_O)         0.456     0.456 r  bftClk_IBUF_inst/O
                         net (fo=1, routed)           1.762     2.218    bftClk_IBUF
    BUFGCTRL_X0Y0        BUFG (Prop_bufg_I_O)         0.029     2.247 r  bftClk_IBUF_BUFG_inst/O
                         net (fo=730, routed)         0.824     3.071    egressLoop[0].egressFifo/buffer_fifo/clk
    SLICE_X52Y48         FDCE                                         r  egressLoop[0].egressFifo/buffer_fifo/infer_fifo.full_reg_reg/C





--------------------------------------------------------------------------------------
Path Group:  (none)
From Clock:  bftClk
  To Clock:  wbClk

Max Delay            17 Endpoints
Min Delay            17 Endpoints
--------------------------------------------------------------------------------------


Max Delay Paths
--------------------------------------------------------------------------------------
Slack:                    inf
  Source:                 egressLoop[1].egressFifo/buffer_fifo/infer_fifo.wr_addr_reg[7]/C
                            (rising edge-triggered cell FDCE clocked by bftClk  {rise@0.000ns fall@2.500ns period=5.000ns})
  Destination:            egressLoop[1].egressFifo/buffer_fifo/infer_fifo.empty_reg_reg/D
                            (rising edge-triggered cell FDPE clocked by wbClk  {rise@0.000ns fall@5.000ns period=10.000ns})
  Path Group:             (none)
  Path Type:              Setup (Max at Slow Process Corner)
  Data Path Delay:        4.068ns  (logic 1.296ns (31.862%)  route 2.772ns (68.138%))
  Logic Levels:           3  (CARRY4=1 LUT4=1 LUT6=1)
  Clock Path Skew:        -1.678ns (DCD - SCD + CPR)
    Destination Clock Delay (DCD):    5.243ns
    Source Clock Delay      (SCD):    6.920ns
    Clock Pessimism Removal (CPR):    0.000ns
  Clock Uncertainty:      0.035ns  ((TSJ^2 + TIJ^2)^1/2 + DJ) / 2 + PE
    Total System Jitter     (TSJ):    0.071ns
    Total Input Jitter      (TIJ):    0.000ns
    Discrete Jitter          (DJ):    0.000ns
    Phase Error              (PE):    0.000ns
  Timing Exception:       False Path

    Location             Delay type                Incr(ns)  Path(ns)    Netlist Resource(s)
  -------------------------------------------------------------------    -------------------
                         (clock bftClk rise edge)     0.000     0.000 r  
    H15                                               0.000     0.000 r  bftClk (IN)
                         net (fo=0)                   0.000     0.000    bftClk
    H15                  IBUF (Prop_ibuf_I_O)         1.500     1.500 r  bftClk_IBUF_inst/O
                         net (fo=1, routed)           3.659     5.159    bftClk_IBUF
    BUFGCTRL_X0Y0        BUFG (Prop_bufg_I_O)         0.101     5.260 r  bftClk_IBUF_BUFG_inst/O
                         net (fo=730, routed)         1.660     6.920    egressLoop[1].egressFifo/buffer_fifo/clk
    SLICE_X46Y35         FDCE                                         r  egressLoop[1].egressFifo/buffer_fifo/infer_fifo.wr_addr_reg[7]/C
  -------------------------------------------------------------------    -------------------
    SLICE_X46Y35         FDCE (Prop_fdce_C_Q)         0.478     7.398 r  egressLoop[1].egressFifo/buffer_fifo/infer_fifo.wr_addr_reg[7]/Q
                         net (fo=3, routed)           1.900     9.299    egressLoop[1].egressFifo/buffer_fifo/infer_fifo.wr_addr[7]
    SLICE_X49Y36         LUT6 (Prop_lut6_I4_O)        0.296     9.595 r  egressLoop[1].egressFifo/buffer_fifo/i__carry_i_2__8/O
                         net (fo=1, routed)           0.000     9.595    egressLoop[1].egressFifo/buffer_fifo/i__carry_i_2__8_n_0
    SLICE_X49Y36         CARRY4 (Prop_carry4_S[2]_CO[3])
                                                      0.398     9.993 r  egressLoop[1].egressFifo/buffer_fifo/infer_fifo.empty_reg_reg2_inferred__0/i__carry/CO[3]
                         net (fo=1, routed)           0.871    10.864    egressLoop[1].egressFifo/buffer_fifo/infer_fifo.empty_reg_reg20_out
    SLICE_X50Y37         LUT4 (Prop_lut4_I0_O)        0.124    10.988 r  egressLoop[1].egressFifo/buffer_fifo/infer_fifo.empty_reg_i_1__8/O
                         net (fo=1, routed)           0.000    10.988    egressLoop[1].egressFifo/buffer_fifo/infer_fifo.empty_reg_reg0
    SLICE_X50Y37         FDPE                                         r  egressLoop[1].egressFifo/buffer_fifo/infer_fifo.empty_reg_reg/D
  -------------------------------------------------------------------    -------------------

                         (clock wbClk rise edge)      0.000     0.000 r  
    H16                                               0.000     0.000 r  wbClk (IN)
                         net (fo=0)                   0.000     0.000    wbClk
    H16                  IBUF (Prop_ibuf_I_O)         1.380     1.380 r  wbClk_IBUF_inst/O
                         net (fo=1, routed)           2.293     3.673    wbClk_IBUF
    BUFGCTRL_X0Y16       BUFG (Prop_bufg_I_O)         0.091     3.764 r  wbClk_IBUF_BUFG_inst/O
                         net (fo=704, routed)         1.478     5.243    egressLoop[1].egressFifo/buffer_fifo/rd_clk
    SLICE_X50Y37         FDPE                                         r  egressLoop[1].egressFifo/buffer_fifo/infer_fifo.empty_reg_reg/C

Slack:                    inf
  Source:                 egressLoop[5].egressFifo/buffer_fifo/infer_fifo.full_reg_reg/C
                            (rising edge-triggered cell FDCE clocked by bftClk  {rise@0.000ns fall@2.500ns period=5.000ns})
  Destination:            error_reg/D
                            (rising edge-triggered cell FDRE clocked by wbClk  {rise@0.000ns fall@5.000ns period=10.000ns})
  Path Group:             (none)
  Path Type:              Setup (Max at Slow Process Corner)
  Data Path Delay:        3.991ns  (logic 1.002ns (25.104%)  route 2.989ns (74.896%))
  Logic Levels:           2  (LUT4=1 LUT5=1)
  Clock Path Skew:        -1.678ns (DCD - SCD + CPR)
    Destination Clock Delay (DCD):    5.247ns
    Source Clock Delay      (SCD):    6.924ns
    Clock Pessimism Removal (CPR):    0.000ns
  Clock Uncertainty:      0.035ns  ((TSJ^2 + TIJ^2)^1/2 + DJ) / 2 + PE
    Total System Jitter     (TSJ):    0.071ns
    Total Input Jitter      (TIJ):    0.000ns
    Discrete Jitter          (DJ):    0.000ns
    Phase Error              (PE):    0.000ns
  Timing Exception:       False Path

    Location             Delay type                Incr(ns)  Path(ns)    Netlist Resource(s)
  -------------------------------------------------------------------    -------------------
                         (clock bftClk rise edge)     0.000     0.000 r  
    H15                                               0.000     0.000 r  bftClk (IN)
                         net (fo=0)                   0.000     0.000    bftClk
    H15                  IBUF (Prop_ibuf_I_O)         1.500     1.500 r  bftClk_IBUF_inst/O
                         net (fo=1, routed)           3.659     5.159    bftClk_IBUF
    BUFGCTRL_X0Y0        BUFG (Prop_bufg_I_O)         0.101     5.260 r  bftClk_IBUF_BUFG_inst/O
                         net (fo=730, routed)         1.664     6.924    egressLoop[5].egressFifo/buffer_fifo/clk
    SLICE_X36Y39         FDCE                                         r  egressLoop[5].egressFifo/buffer_fifo/infer_fifo.full_reg_reg/C
  -------------------------------------------------------------------    -------------------
    SLICE_X36Y39         FDCE (Prop_fdce_C_Q)         0.518     7.442 r  egressLoop[5].egressFifo/buffer_fifo/infer_fifo.full_reg_reg/Q
                         net (fo=4, routed)           1.806     9.249    egressLoop[4].egressFifo/buffer_fifo/error_reg_0
    SLICE_X57Y41         LUT4 (Prop_lut4_I3_O)        0.152     9.401 r  egressLoop[4].egressFifo/buffer_fifo/error_i_2/O
                         net (fo=1, routed)           1.183    10.584    egressLoop[1].egressFifo/buffer_fifo/error_reg_1
    SLICE_X53Y43         LUT5 (Prop_lut5_I4_O)        0.332    10.916 r  egressLoop[1].egressFifo/buffer_fifo/error_i_1/O
                         net (fo=1, routed)           0.000    10.916    egressLoop[1].egressFifo_n_0
    SLICE_X53Y43         FDRE                                         r  error_reg/D
  -------------------------------------------------------------------    -------------------

                         (clock wbClk rise edge)      0.000     0.000 r  
    H16                                               0.000     0.000 r  wbClk (IN)
                         net (fo=0)                   0.000     0.000    wbClk
    H16                  IBUF (Prop_ibuf_I_O)         1.380     1.380 r  wbClk_IBUF_inst/O
                         net (fo=1, routed)           2.293     3.673    wbClk_IBUF
    BUFGCTRL_X0Y16       BUFG (Prop_bufg_I_O)         0.091     3.764 r  wbClk_IBUF_BUFG_inst/O
                         net (fo=704, routed)         1.482     5.247    wbClk_IBUF_BUFG
    SLICE_X53Y43         FDRE                                         r  error_reg/C

Slack:                    inf
  Source:                 ingressLoop[1].ingressFifo/buffer_fifo/infer_fifo.rd_addr_reg[3]/C
                            (rising edge-triggered cell FDCE clocked by bftClk  {rise@0.000ns fall@2.500ns period=5.000ns})
  Destination:            ingressLoop[1].ingressFifo/buffer_fifo/infer_fifo.full_reg_reg/D
                            (rising edge-triggered cell FDCE clocked by wbClk  {rise@0.000ns fall@5.000ns period=10.000ns})
  Path Group:             (none)
  Path Type:              Setup (Max at Slow Process Corner)
  Data Path Delay:        3.870ns  (logic 1.299ns (33.562%)  route 2.571ns (66.438%))
  Logic Levels:           3  (CARRY4=1 LUT4=1 LUT6=1)
  Clock Path Skew:        -1.719ns (DCD - SCD + CPR)
    Destination Clock Delay (DCD):    5.243ns
    Source Clock Delay      (SCD):    6.962ns
    Clock Pessimism Removal (CPR):    0.000ns
  Clock Uncertainty:      0.035ns  ((TSJ^2 + TIJ^2)^1/2 + DJ) / 2 + PE
    Total System Jitter     (TSJ):    0.071ns
    Total Input Jitter      (TIJ):    0.000ns
    Discrete Jitter          (DJ):    0.000ns
    Phase Error              (PE):    0.000ns
  Timing Exception:       False Path

    Location             Delay type                Incr(ns)  Path(ns)    Netlist Resource(s)
  -------------------------------------------------------------------    -------------------
                         (clock bftClk rise edge)     0.000     0.000 r  
    H15                                               0.000     0.000 r  bftClk (IN)
                         net (fo=0)                   0.000     0.000    bftClk
    H15                  IBUF (Prop_ibuf_I_O)         1.500     1.500 r  bftClk_IBUF_inst/O
                         net (fo=1, routed)           3.659     5.159    bftClk_IBUF
    BUFGCTRL_X0Y0        BUFG (Prop_bufg_I_O)         0.101     5.260 r  bftClk_IBUF_BUFG_inst/O
                         net (fo=730, routed)         1.702     6.962    ingressLoop[1].ingressFifo/buffer_fifo/clk
    SLICE_X30Y53         FDCE                                         r  ingressLoop[1].ingressFifo/buffer_fifo/infer_fifo.rd_addr_reg[3]/C
  -------------------------------------------------------------------    -------------------
    SLICE_X30Y53         FDCE (Prop_fdce_C_Q)         0.518     7.480 r  ingressLoop[1].ingressFifo/buffer_fifo/infer_fifo.rd_addr_reg[3]/Q
                         net (fo=3, routed)           1.806     9.286    ingressLoop[1].ingressFifo/buffer_fifo/infer_fifo.rd_addr[3]
    SLICE_X32Y53         LUT6 (Prop_lut6_I1_O)        0.124     9.410 r  ingressLoop[1].ingressFifo/buffer_fifo/infer_fifo.full_reg_reg2_carry_i_3__0/O
                         net (fo=1, routed)           0.000     9.410    ingressLoop[1].ingressFifo/buffer_fifo/infer_fifo.full_reg_reg2_carry_i_3__0_n_0
    SLICE_X32Y53         CARRY4 (Prop_carry4_S[1]_CO[3])
                                                      0.533     9.943 r  ingressLoop[1].ingressFifo/buffer_fifo/infer_fifo.full_reg_reg2_carry/CO[3]
                         net (fo=1, routed)           0.766    10.709    ingressLoop[1].ingressFifo/buffer_fifo/infer_fifo.full_reg_reg2
    SLICE_X33Y54         LUT4 (Prop_lut4_I0_O)        0.124    10.833 r  ingressLoop[1].ingressFifo/buffer_fifo/infer_fifo.full_reg_i_1/O
                         net (fo=1, routed)           0.000    10.833    ingressLoop[1].ingressFifo/buffer_fifo/infer_fifo.full_reg_reg0
    SLICE_X33Y54         FDCE                                         r  ingressLoop[1].ingressFifo/buffer_fifo/infer_fifo.full_reg_reg/D
  -------------------------------------------------------------------    -------------------

                         (clock wbClk rise edge)      0.000     0.000 r  
    H16                                               0.000     0.000 r  wbClk (IN)
                         net (fo=0)                   0.000     0.000    wbClk
    H16                  IBUF (Prop_ibuf_I_O)         1.380     1.380 r  wbClk_IBUF_inst/O
                         net (fo=1, routed)           2.293     3.673    wbClk_IBUF
    BUFGCTRL_X0Y16       BUFG (Prop_bufg_I_O)         0.091     3.764 r  wbClk_IBUF_BUFG_inst/O
                         net (fo=704, routed)         1.479     5.243    ingressLoop[1].ingressFifo/buffer_fifo/rd_clk
    SLICE_X33Y54         FDCE                                         r  ingressLoop[1].ingressFifo/buffer_fifo/infer_fifo.full_reg_reg/C

Slack:                    inf
  Source:                 ingressLoop[7].ingressFifo/buffer_fifo/infer_fifo.rd_addr_reg[5]/C
                            (rising edge-triggered cell FDCE clocked by bftClk  {rise@0.000ns fall@2.500ns period=5.000ns})
  Destination:            ingressLoop[7].ingressFifo/buffer_fifo/infer_fifo.full_reg_reg/D
                            (rising edge-triggered cell FDCE clocked by wbClk  {rise@0.000ns fall@5.000ns period=10.000ns})
  Path Group:             (none)
  Path Type:              Setup (Max at Slow Process Corner)
  Data Path Delay:        3.724ns  (logic 1.316ns (35.337%)  route 2.408ns (64.663%))
  Logic Levels:           3  (CARRY4=1 LUT4=1 LUT6=1)
  Clock Path Skew:        -1.675ns (DCD - SCD + CPR)
    Destination Clock Delay (DCD):    5.369ns
    Source Clock Delay      (SCD):    7.044ns
    Clock Pessimism Removal (CPR):    0.000ns
  Clock Uncertainty:      0.035ns  ((TSJ^2 + TIJ^2)^1/2 + DJ) / 2 + PE
    Total System Jitter     (TSJ):    0.071ns
    Total Input Jitter      (TIJ):    0.000ns
    Discrete Jitter          (DJ):    0.000ns
    Phase Error              (PE):    0.000ns
  Timing Exception:       False Path

    Location             Delay type                Incr(ns)  Path(ns)    Netlist Resource(s)
  -------------------------------------------------------------------    -------------------
                         (clock bftClk rise edge)     0.000     0.000 r  
    H15                                               0.000     0.000 r  bftClk (IN)
                         net (fo=0)                   0.000     0.000    bftClk
    H15                  IBUF (Prop_ibuf_I_O)         1.500     1.500 r  bftClk_IBUF_inst/O
                         net (fo=1, routed)           3.659     5.159    bftClk_IBUF
    BUFGCTRL_X0Y0        BUFG (Prop_bufg_I_O)         0.101     5.260 r  bftClk_IBUF_BUFG_inst/O
                         net (fo=730, routed)         1.784     7.044    ingressLoop[7].ingressFifo/buffer_fifo/clk
    SLICE_X90Y53         FDCE                                         r  ingressLoop[7].ingressFifo/buffer_fifo/infer_fifo.rd_addr_reg[5]/C
  -------------------------------------------------------------------    -------------------
    SLICE_X90Y53         FDCE (Prop_fdce_C_Q)         0.518     7.562 r  ingressLoop[7].ingressFifo/buffer_fifo/infer_fifo.rd_addr_reg[5]/Q
                         net (fo=3, routed)           1.053     8.616    ingressLoop[7].ingressFifo/buffer_fifo/infer_fifo.rd_addr[5]
    SLICE_X88Y54         LUT6 (Prop_lut6_I2_O)        0.124     8.740 r  ingressLoop[7].ingressFifo/buffer_fifo/infer_fifo.full_reg_reg2_carry_i_3__6/O
                         net (fo=1, routed)           0.000     8.740    ingressLoop[7].ingressFifo/buffer_fifo/infer_fifo.full_reg_reg2_carry_i_3__6_n_0
    SLICE_X88Y54         CARRY4 (Prop_carry4_S[1]_CO[3])
                                                      0.550     9.290 r  ingressLoop[7].ingressFifo/buffer_fifo/infer_fifo.full_reg_reg2_carry/CO[3]
                         net (fo=1, routed)           1.355    10.645    ingressLoop[7].ingressFifo/buffer_fifo/infer_fifo.full_reg_reg2
    SLICE_X90Y56         LUT4 (Prop_lut4_I0_O)        0.124    10.769 r  ingressLoop[7].ingressFifo/buffer_fifo/infer_fifo.full_reg_i_1__2/O
                         net (fo=1, routed)           0.000    10.769    ingressLoop[7].ingressFifo/buffer_fifo/infer_fifo.full_reg_reg0
    SLICE_X90Y56         FDCE                                         r  ingressLoop[7].ingressFifo/buffer_fifo/infer_fifo.full_reg_reg/D
  -------------------------------------------------------------------    -------------------

                         (clock wbClk rise edge)      0.000     0.000 r  
    H16                                               0.000     0.000 r  wbClk (IN)
                         net (fo=0)                   0.000     0.000    wbClk
    H16                  IBUF (Prop_ibuf_I_O)         1.380     1.380 r  wbClk_IBUF_inst/O
                         net (fo=1, routed)           2.293     3.673    wbClk_IBUF
    BUFGCTRL_X0Y16       BUFG (Prop_bufg_I_O)         0.091     3.764 r  wbClk_IBUF_BUFG_inst/O
                         net (fo=704, routed)         1.605     5.369    ingressLoop[7].ingressFifo/buffer_fifo/rd_clk
    SLICE_X90Y56         FDCE                                         r  ingressLoop[7].ingressFifo/buffer_fifo/infer_fifo.full_reg_reg/C

Slack:                    inf
  Source:                 egressLoop[0].egressFifo/buffer_fifo/infer_fifo.wr_addr_reg[4]/C
                            (rising edge-triggered cell FDCE clocked by bftClk  {rise@0.000ns fall@2.500ns period=5.000ns})
  Destination:            egressLoop[0].egressFifo/buffer_fifo/infer_fifo.empty_reg_reg/D
                            (rising edge-triggered cell FDPE clocked by wbClk  {rise@0.000ns fall@5.000ns period=10.000ns})
  Path Group:             (none)
  Path Type:              Setup (Max at Slow Process Corner)
  Data Path Delay:        3.804ns  (logic 1.254ns (32.965%)  route 2.550ns (67.035%))
  Logic Levels:           3  (CARRY4=1 LUT4=1 LUT6=1)
  Clock Path Skew:        -1.683ns (DCD - SCD + CPR)
    Destination Clock Delay (DCD):    5.231ns
    Source Clock Delay      (SCD):    6.914ns
    Clock Pessimism Removal (CPR):    0.000ns
  Clock Uncertainty:      0.035ns  ((TSJ^2 + TIJ^2)^1/2 + DJ) / 2 + PE
    Total System Jitter     (TSJ):    0.071ns
    Total Input Jitter      (TIJ):    0.000ns
    Discrete Jitter          (DJ):    0.000ns
    Phase Error              (PE):    0.000ns
  Timing Exception:       False Path

    Location             Delay type                Incr(ns)  Path(ns)    Netlist Resource(s)
  -------------------------------------------------------------------    -------------------
                         (clock bftClk rise edge)     0.000     0.000 r  
    H15                                               0.000     0.000 r  bftClk (IN)
                         net (fo=0)                   0.000     0.000    bftClk
    H15                  IBUF (Prop_ibuf_I_O)         1.500     1.500 r  bftClk_IBUF_inst/O
                         net (fo=1, routed)           3.659     5.159    bftClk_IBUF
    BUFGCTRL_X0Y0        BUFG (Prop_bufg_I_O)         0.101     5.260 r  bftClk_IBUF_BUFG_inst/O
                         net (fo=730, routed)         1.654     6.914    egressLoop[0].egressFifo/buffer_fifo/clk
    SLICE_X53Y49         FDCE                                         r  egressLoop[0].egressFifo/buffer_fifo/infer_fifo.wr_addr_reg[4]/C
  -------------------------------------------------------------------    -------------------
    SLICE_X53Y49         FDCE (Prop_fdce_C_Q)         0.456     7.370 r  egressLoop[0].egressFifo/buffer_fifo/infer_fifo.wr_addr_reg[4]/Q
                         net (fo=3, routed)           1.660     9.031    egressLoop[0].egressFifo/buffer_fifo/infer_fifo.wr_addr[4]
    SLICE_X51Y51         LUT6 (Prop_lut6_I4_O)        0.124     9.155 r  egressLoop[0].egressFifo/buffer_fifo/i__carry_i_3__7/O
                         net (fo=1, routed)           0.000     9.155    egressLoop[0].egressFifo/buffer_fifo/i__carry_i_3__7_n_0
    SLICE_X51Y51         CARRY4 (Prop_carry4_S[1]_CO[3])
                                                      0.550     9.705 r  egressLoop[0].egressFifo/buffer_fifo/infer_fifo.empty_reg_reg2_inferred__0/i__carry/CO[3]
                         net (fo=1, routed)           0.890    10.594    egressLoop[0].egressFifo/buffer_fifo/infer_fifo.empty_reg_reg20_out
    SLICE_X53Y50         LUT4 (Prop_lut4_I0_O)        0.124    10.718 r  egressLoop[0].egressFifo/buffer_fifo/infer_fifo.empty_reg_i_1__7/O
                         net (fo=1, routed)           0.000    10.718    egressLoop[0].egressFifo/buffer_fifo/infer_fifo.empty_reg_reg0
    SLICE_X53Y50         FDPE                                         r  egressLoop[0].egressFifo/buffer_fifo/infer_fifo.empty_reg_reg/D
  -------------------------------------------------------------------    -------------------

                         (clock wbClk rise edge)      0.000     0.000 r  
    H16                                               0.000     0.000 r  wbClk (IN)
                         net (fo=0)                   0.000     0.000    wbClk
    H16                  IBUF (Prop_ibuf_I_O)         1.380     1.380 r  wbClk_IBUF_inst/O
                         net (fo=1, routed)           2.293     3.673    wbClk_IBUF
    BUFGCTRL_X0Y16       BUFG (Prop_bufg_I_O)         0.091     3.764 r  wbClk_IBUF_BUFG_inst/O
                         net (fo=704, routed)         1.467     5.231    egressLoop[0].egressFifo/buffer_fifo/rd_clk
    SLICE_X53Y50         FDPE                                         r  egressLoop[0].egressFifo/buffer_fifo/infer_fifo.empty_reg_reg/C

Slack:                    inf
  Source:                 egressLoop[6].egressFifo/buffer_fifo/infer_fifo.wr_addr_reg[9]/C
                            (rising edge-triggered cell FDCE clocked by bftClk  {rise@0.000ns fall@2.500ns period=5.000ns})
  Destination:            egressLoop[6].egressFifo/buffer_fifo/infer_fifo.empty_reg_reg/D
                            (rising edge-triggered cell FDPE clocked by wbClk  {rise@0.000ns fall@5.000ns period=10.000ns})
  Path Group:             (none)
  Path Type:              Setup (Max at Slow Process Corner)
  Data Path Delay:        3.714ns  (logic 1.240ns (33.389%)  route 2.474ns (66.611%))
  Logic Levels:           3  (CARRY4=1 LUT2=1 LUT4=1)
  Clock Path Skew:        -1.738ns (DCD - SCD + CPR)
    Destination Clock Delay (DCD):    5.246ns
    Source Clock Delay      (SCD):    6.983ns
    Clock Pessimism Removal (CPR):    0.000ns
  Clock Uncertainty:      0.035ns  ((TSJ^2 + TIJ^2)^1/2 + DJ) / 2 + PE
    Total System Jitter     (TSJ):    0.071ns
    Total Input Jitter      (TIJ):    0.000ns
    Discrete Jitter          (DJ):    0.000ns
    Phase Error              (PE):    0.000ns
  Timing Exception:       False Path

    Location             Delay type                Incr(ns)  Path(ns)    Netlist Resource(s)
  -------------------------------------------------------------------    -------------------
                         (clock bftClk rise edge)     0.000     0.000 r  
    H15                                               0.000     0.000 r  bftClk (IN)
                         net (fo=0)                   0.000     0.000    bftClk
    H15                  IBUF (Prop_ibuf_I_O)         1.500     1.500 r  bftClk_IBUF_inst/O
                         net (fo=1, routed)           3.659     5.159    bftClk_IBUF
    BUFGCTRL_X0Y0        BUFG (Prop_bufg_I_O)         0.101     5.260 r  bftClk_IBUF_BUFG_inst/O
                         net (fo=730, routed)         1.723     6.983    egressLoop[6].egressFifo/buffer_fifo/clk
    SLICE_X55Y40         FDCE                                         r  egressLoop[6].egressFifo/buffer_fifo/infer_fifo.wr_addr_reg[9]/C
  -------------------------------------------------------------------    -------------------
    SLICE_X55Y40         FDCE (Prop_fdce_C_Q)         0.419     7.402 r  egressLoop[6].egressFifo/buffer_fifo/infer_fifo.wr_addr_reg[9]/Q
                         net (fo=3, routed)           1.367     8.770    egressLoop[6].egressFifo/buffer_fifo/infer_fifo.wr_addr[9]
    SLICE_X51Y40         LUT2 (Prop_lut2_I0_O)        0.296     9.066 r  egressLoop[6].egressFifo/buffer_fifo/i__carry_i_1__0/O
                         net (fo=1, routed)           0.000     9.066    egressLoop[6].egressFifo/buffer_fifo/i__carry_i_1__0_n_0
    SLICE_X51Y40         CARRY4 (Prop_carry4_S[3]_CO[3])
                                                      0.401     9.467 r  egressLoop[6].egressFifo/buffer_fifo/infer_fifo.empty_reg_reg2_inferred__0/i__carry/CO[3]
                         net (fo=1, routed)           1.107    10.573    egressLoop[6].egressFifo/buffer_fifo/infer_fifo.empty_reg_reg20_out
    SLICE_X51Y41         LUT4 (Prop_lut4_I0_O)        0.124    10.697 r  egressLoop[6].egressFifo/buffer_fifo/infer_fifo.empty_reg_i_1__13/O
                         net (fo=1, routed)           0.000    10.697    egressLoop[6].egressFifo/buffer_fifo/infer_fifo.empty_reg_reg0
    SLICE_X51Y41         FDPE                                         r  egressLoop[6].egressFifo/buffer_fifo/infer_fifo.empty_reg_reg/D
  -------------------------------------------------------------------    -------------------

                         (clock wbClk rise edge)      0.000     0.000 r  
    H16                                               0.000     0.000 r  wbClk (IN)
                         net (fo=0)                   0.000     0.000    wbClk
    H16                  IBUF (Prop_ibuf_I_O)         1.380     1.380 r  wbClk_IBUF_inst/O
                         net (fo=1, routed)           2.293     3.673    wbClk_IBUF
    BUFGCTRL_X0Y16       BUFG (Prop_bufg_I_O)         0.091     3.764 r  wbClk_IBUF_BUFG_inst/O
                         net (fo=704, routed)         1.481     5.246    egressLoop[6].egressFifo/buffer_fifo/rd_clk
    SLICE_X51Y41         FDPE                                         r  egressLoop[6].egressFifo/buffer_fifo/infer_fifo.empty_reg_reg/C

Slack:                    inf
  Source:                 egressLoop[7].egressFifo/buffer_fifo/infer_fifo.wr_addr_reg[2]/C
                            (rising edge-triggered cell FDCE clocked by bftClk  {rise@0.000ns fall@2.500ns period=5.000ns})
  Destination:            egressLoop[7].egressFifo/buffer_fifo/infer_fifo.empty_reg_reg/D
                            (rising edge-triggered cell FDPE clocked by wbClk  {rise@0.000ns fall@5.000ns period=10.000ns})
  Path Group:             (none)
  Path Type:              Setup (Max at Slow Process Corner)
  Data Path Delay:        3.625ns  (logic 1.236ns (34.097%)  route 2.389ns (65.903%))
  Logic Levels:           3  (CARRY4=1 LUT4=1 LUT6=1)
  Clock Path Skew:        -1.669ns (DCD - SCD + CPR)
    Destination Clock Delay (DCD):    5.313ns
    Source Clock Delay      (SCD):    6.981ns
    Clock Pessimism Removal (CPR):    0.000ns
  Clock Uncertainty:      0.035ns  ((TSJ^2 + TIJ^2)^1/2 + DJ) / 2 + PE
    Total System Jitter     (TSJ):    0.071ns
    Total Input Jitter      (TIJ):    0.000ns
    Discrete Jitter          (DJ):    0.000ns
    Phase Error              (PE):    0.000ns
  Timing Exception:       False Path

    Location             Delay type                Incr(ns)  Path(ns)    Netlist Resource(s)
  -------------------------------------------------------------------    -------------------
                         (clock bftClk rise edge)     0.000     0.000 r  
    H15                                               0.000     0.000 r  bftClk (IN)
                         net (fo=0)                   0.000     0.000    bftClk
    H15                  IBUF (Prop_ibuf_I_O)         1.500     1.500 r  bftClk_IBUF_inst/O
                         net (fo=1, routed)           3.659     5.159    bftClk_IBUF
    BUFGCTRL_X0Y0        BUFG (Prop_bufg_I_O)         0.101     5.260 r  bftClk_IBUF_BUFG_inst/O
                         net (fo=730, routed)         1.721     6.981    egressLoop[7].egressFifo/buffer_fifo/clk
    SLICE_X57Y36         FDCE                                         r  egressLoop[7].egressFifo/buffer_fifo/infer_fifo.wr_addr_reg[2]/C
  -------------------------------------------------------------------    -------------------
    SLICE_X57Y36         FDCE (Prop_fdce_C_Q)         0.456     7.437 r  egressLoop[7].egressFifo/buffer_fifo/infer_fifo.wr_addr_reg[2]/Q
                         net (fo=3, routed)           1.268     8.706    egressLoop[7].egressFifo/buffer_fifo/infer_fifo.wr_addr[2]
    SLICE_X55Y33         LUT6 (Prop_lut6_I3_O)        0.124     8.830 r  egressLoop[7].egressFifo/buffer_fifo/infer_fifo.empty_reg_reg2_carry_i_4__14/O
                         net (fo=1, routed)           0.000     8.830    egressLoop[7].egressFifo/buffer_fifo/infer_fifo.empty_reg_reg2_carry_i_4__14_n_0
    SLICE_X55Y33         CARRY4 (Prop_carry4_S[0]_CO[3])
                                                      0.532     9.362 r  egressLoop[7].egressFifo/buffer_fifo/infer_fifo.empty_reg_reg2_carry/CO[3]
                         net (fo=2, routed)           1.121    10.482    egressLoop[7].egressFifo/buffer_fifo/infer_fifo.empty_reg_reg2
    SLICE_X54Y36         LUT4 (Prop_lut4_I2_O)        0.124    10.606 r  egressLoop[7].egressFifo/buffer_fifo/infer_fifo.empty_reg_i_1__14/O
                         net (fo=1, routed)           0.000    10.606    egressLoop[7].egressFifo/buffer_fifo/infer_fifo.empty_reg_reg0
    SLICE_X54Y36         FDPE                                         r  egressLoop[7].egressFifo/buffer_fifo/infer_fifo.empty_reg_reg/D
  -------------------------------------------------------------------    -------------------

                         (clock wbClk rise edge)      0.000     0.000 r  
    H16                                               0.000     0.000 r  wbClk (IN)
                         net (fo=0)                   0.000     0.000    wbClk
    H16                  IBUF (Prop_ibuf_I_O)         1.380     1.380 r  wbClk_IBUF_inst/O
                         net (fo=1, routed)           2.293     3.673    wbClk_IBUF
    BUFGCTRL_X0Y16       BUFG (Prop_bufg_I_O)         0.091     3.764 r  wbClk_IBUF_BUFG_inst/O
                         net (fo=704, routed)         1.548     5.313    egressLoop[7].egressFifo/buffer_fifo/rd_clk
    SLICE_X54Y36         FDPE                                         r  egressLoop[7].egressFifo/buffer_fifo/infer_fifo.empty_reg_reg/C

Slack:                    inf
  Source:                 egressLoop[3].egressFifo/buffer_fifo/infer_fifo.wr_addr_reg[8]/C
                            (rising edge-triggered cell FDCE clocked by bftClk  {rise@0.000ns fall@2.500ns period=5.000ns})
  Destination:            egressLoop[3].egressFifo/buffer_fifo/infer_fifo.empty_reg_reg/D
                            (rising edge-triggered cell FDPE clocked by wbClk  {rise@0.000ns fall@5.000ns period=10.000ns})
  Path Group:             (none)
  Path Type:              Setup (Max at Slow Process Corner)
  Data Path Delay:        3.595ns  (logic 1.222ns (33.996%)  route 2.373ns (66.004%))
  Logic Levels:           3  (CARRY4=1 LUT4=1 LUT6=1)
  Clock Path Skew:        -1.669ns (DCD - SCD + CPR)
    Destination Clock Delay (DCD):    5.307ns
    Source Clock Delay      (SCD):    6.975ns
    Clock Pessimism Removal (CPR):    0.000ns
  Clock Uncertainty:      0.035ns  ((TSJ^2 + TIJ^2)^1/2 + DJ) / 2 + PE
    Total System Jitter     (TSJ):    0.071ns
    Total Input Jitter      (TIJ):    0.000ns
    Discrete Jitter          (DJ):    0.000ns
    Phase Error              (PE):    0.000ns
  Timing Exception:       False Path

    Location             Delay type                Incr(ns)  Path(ns)    Netlist Resource(s)
  -------------------------------------------------------------------    -------------------
                         (clock bftClk rise edge)     0.000     0.000 r  
    H15                                               0.000     0.000 r  bftClk (IN)
                         net (fo=0)                   0.000     0.000    bftClk
    H15                  IBUF (Prop_ibuf_I_O)         1.500     1.500 r  bftClk_IBUF_inst/O
                         net (fo=1, routed)           3.659     5.159    bftClk_IBUF
    BUFGCTRL_X0Y0        BUFG (Prop_bufg_I_O)         0.101     5.260 r  bftClk_IBUF_BUFG_inst/O
                         net (fo=730, routed)         1.715     6.975    egressLoop[3].egressFifo/buffer_fifo/clk
    SLICE_X57Y31         FDCE                                         r  egressLoop[3].egressFifo/buffer_fifo/infer_fifo.wr_addr_reg[8]/C
  -------------------------------------------------------------------    -------------------
    SLICE_X57Y31         FDCE (Prop_fdce_C_Q)         0.419     7.394 r  egressLoop[3].egressFifo/buffer_fifo/infer_fifo.wr_addr_reg[8]/Q
                         net (fo=3, routed)           1.331     8.725    egressLoop[3].egressFifo/buffer_fifo/infer_fifo.wr_addr[8]
    SLICE_X54Y31         LUT6 (Prop_lut6_I2_O)        0.299     9.024 r  egressLoop[3].egressFifo/buffer_fifo/i__carry_i_2__10/O
                         net (fo=1, routed)           0.000     9.024    egressLoop[3].egressFifo/buffer_fifo/i__carry_i_2__10_n_0
    SLICE_X54Y31         CARRY4 (Prop_carry4_S[2]_CO[3])
                                                      0.380     9.404 r  egressLoop[3].egressFifo/buffer_fifo/infer_fifo.empty_reg_reg2_inferred__0/i__carry/CO[3]
                         net (fo=1, routed)           1.042    10.446    egressLoop[3].egressFifo/buffer_fifo/infer_fifo.empty_reg_reg20_out
    SLICE_X54Y30         LUT4 (Prop_lut4_I0_O)        0.124    10.570 r  egressLoop[3].egressFifo/buffer_fifo/infer_fifo.empty_reg_i_1__10/O
                         net (fo=1, routed)           0.000    10.570    egressLoop[3].egressFifo/buffer_fifo/infer_fifo.empty_reg_reg0
    SLICE_X54Y30         FDPE                                         r  egressLoop[3].egressFifo/buffer_fifo/infer_fifo.empty_reg_reg/D
  -------------------------------------------------------------------    -------------------

                         (clock wbClk rise edge)      0.000     0.000 r  
    H16                                               0.000     0.000 r  wbClk (IN)
                         net (fo=0)                   0.000     0.000    wbClk
    H16                  IBUF (Prop_ibuf_I_O)         1.380     1.380 r  wbClk_IBUF_inst/O
                         net (fo=1, routed)           2.293     3.673    wbClk_IBUF
    BUFGCTRL_X0Y16       BUFG (Prop_bufg_I_O)         0.091     3.764 r  wbClk_IBUF_BUFG_inst/O
                         net (fo=704, routed)         1.542     5.307    egressLoop[3].egressFifo/buffer_fifo/rd_clk
    SLICE_X54Y30         FDPE                                         r  egressLoop[3].egressFifo/buffer_fifo/infer_fifo.empty_reg_reg/C

Slack:                    inf
  Source:                 egressLoop[2].egressFifo/buffer_fifo/infer_fifo.wr_addr_reg[0]/C
                            (rising edge-triggered cell FDCE clocked by bftClk  {rise@0.000ns fall@2.500ns period=5.000ns})
  Destination:            egressLoop[2].egressFifo/buffer_fifo/infer_fifo.empty_reg_reg/D
                            (rising edge-triggered cell FDPE clocked by wbClk  {rise@0.000ns fall@5.000ns period=10.000ns})
  Path Group:             (none)
  Path Type:              Setup (Max at Slow Process Corner)
  Data Path Delay:        3.608ns  (logic 1.236ns (34.255%)  route 2.372ns (65.745%))
  Logic Levels:           3  (CARRY4=1 LUT4=1 LUT6=1)
  Clock Path Skew:        -1.667ns (DCD - SCD + CPR)
    Destination Clock Delay (DCD):    5.247ns
    Source Clock Delay      (SCD):    6.913ns
    Clock Pessimism Removal (CPR):    0.000ns
  Clock Uncertainty:      0.035ns  ((TSJ^2 + TIJ^2)^1/2 + DJ) / 2 + PE
    Total System Jitter     (TSJ):    0.071ns
    Total Input Jitter      (TIJ):    0.000ns
    Discrete Jitter          (DJ):    0.000ns
    Phase Error              (PE):    0.000ns
  Timing Exception:       False Path

    Location             Delay type                Incr(ns)  Path(ns)    Netlist Resource(s)
  -------------------------------------------------------------------    -------------------
                         (clock bftClk rise edge)     0.000     0.000 r  
    H15                                               0.000     0.000 r  bftClk (IN)
                         net (fo=0)                   0.000     0.000    bftClk
    H15                  IBUF (Prop_ibuf_I_O)         1.500     1.500 r  bftClk_IBUF_inst/O
                         net (fo=1, routed)           3.659     5.159    bftClk_IBUF
    BUFGCTRL_X0Y0        BUFG (Prop_bufg_I_O)         0.101     5.260 r  bftClk_IBUF_BUFG_inst/O
                         net (fo=730, routed)         1.653     6.913    egressLoop[2].egressFifo/buffer_fifo/clk
    SLICE_X51Y45         FDCE                                         r  egressLoop[2].egressFifo/buffer_fifo/infer_fifo.wr_addr_reg[0]/C
  -------------------------------------------------------------------    -------------------
    SLICE_X51Y45         FDCE (Prop_fdce_C_Q)         0.456     7.369 r  egressLoop[2].egressFifo/buffer_fifo/infer_fifo.wr_addr_reg[0]/Q
                         net (fo=3, routed)           1.459     8.829    egressLoop[2].egressFifo/buffer_fifo/infer_fifo.wr_addr[0]
    SLICE_X52Y45         LUT6 (Prop_lut6_I0_O)        0.124     8.953 r  egressLoop[2].egressFifo/buffer_fifo/infer_fifo.empty_reg_reg2_carry_i_4__9/O
                         net (fo=1, routed)           0.000     8.953    egressLoop[2].egressFifo/buffer_fifo/infer_fifo.empty_reg_reg2_carry_i_4__9_n_0
    SLICE_X52Y45         CARRY4 (Prop_carry4_S[0]_CO[3])
                                                      0.532     9.485 r  egressLoop[2].egressFifo/buffer_fifo/infer_fifo.empty_reg_reg2_carry/CO[3]
                         net (fo=2, routed)           0.913    10.398    egressLoop[2].egressFifo/buffer_fifo/infer_fifo.empty_reg_reg2
    SLICE_X52Y46         LUT4 (Prop_lut4_I2_O)        0.124    10.522 r  egressLoop[2].egressFifo/buffer_fifo/infer_fifo.empty_reg_i_1__9/O
                         net (fo=1, routed)           0.000    10.522    egressLoop[2].egressFifo/buffer_fifo/infer_fifo.empty_reg_reg0
    SLICE_X52Y46         FDPE                                         r  egressLoop[2].egressFifo/buffer_fifo/infer_fifo.empty_reg_reg/D
  -------------------------------------------------------------------    -------------------

                         (clock wbClk rise edge)      0.000     0.000 r  
    H16                                               0.000     0.000 r  wbClk (IN)
                         net (fo=0)                   0.000     0.000    wbClk
    H16                  IBUF (Prop_ibuf_I_O)         1.380     1.380 r  wbClk_IBUF_inst/O
                         net (fo=1, routed)           2.293     3.673    wbClk_IBUF
    BUFGCTRL_X0Y16       BUFG (Prop_bufg_I_O)         0.091     3.764 r  wbClk_IBUF_BUFG_inst/O
                         net (fo=704, routed)         1.482     5.247    egressLoop[2].egressFifo/buffer_fifo/rd_clk
    SLICE_X52Y46         FDPE                                         r  egressLoop[2].egressFifo/buffer_fifo/infer_fifo.empty_reg_reg/C

Slack:                    inf
  Source:                 ingressLoop[0].ingressFifo/buffer_fifo/infer_fifo.rd_addr_reg[6]/C
                            (rising edge-triggered cell FDCE clocked by bftClk  {rise@0.000ns fall@2.500ns period=5.000ns})
  Destination:            ingressLoop[0].ingressFifo/buffer_fifo/infer_fifo.full_reg_reg/D
                            (rising edge-triggered cell FDCE clocked by wbClk  {rise@0.000ns fall@5.000ns period=10.000ns})
  Path Group:             (none)
  Path Type:              Setup (Max at Slow Process Corner)
  Data Path Delay:        3.464ns  (logic 1.102ns (31.817%)  route 2.362ns (68.183%))
  Logic Levels:           3  (CARRY4=1 LUT4=1 LUT6=1)
  Clock Path Skew:        -1.669ns (DCD - SCD + CPR)
    Destination Clock Delay (DCD):    5.338ns
    Source Clock Delay      (SCD):    7.006ns
    Clock Pessimism Removal (CPR):    0.000ns
  Clock Uncertainty:      0.035ns  ((TSJ^2 + TIJ^2)^1/2 + DJ) / 2 + PE
    Total System Jitter     (TSJ):    0.071ns
    Total Input Jitter      (TIJ):    0.000ns
    Discrete Jitter          (DJ):    0.000ns
    Phase Error              (PE):    0.000ns
  Timing Exception:       False Path

    Location             Delay type                Incr(ns)  Path(ns)    Netlist Resource(s)
  -------------------------------------------------------------------    -------------------
                         (clock bftClk rise edge)     0.000     0.000 r  
    H15                                               0.000     0.000 r  bftClk (IN)
                         net (fo=0)                   0.000     0.000    bftClk
    H15                  IBUF (Prop_ibuf_I_O)         1.500     1.500 r  bftClk_IBUF_inst/O
                         net (fo=1, routed)           3.659     5.159    bftClk_IBUF
    BUFGCTRL_X0Y0        BUFG (Prop_bufg_I_O)         0.101     5.260 r  bftClk_IBUF_BUFG_inst/O
                         net (fo=730, routed)         1.746     7.006    ingressLoop[0].ingressFifo/buffer_fifo/clk
    SLICE_X24Y44         FDCE                                         r  ingressLoop[0].ingressFifo/buffer_fifo/infer_fifo.rd_addr_reg[6]/C
  -------------------------------------------------------------------    -------------------
    SLICE_X24Y44         FDCE (Prop_fdce_C_Q)         0.456     7.462 r  ingressLoop[0].ingressFifo/buffer_fifo/infer_fifo.rd_addr_reg[6]/Q
                         net (fo=3, routed)           1.484     8.946    ingressLoop[0].ingressFifo/buffer_fifo/infer_fifo.rd_addr[6]
    SLICE_X24Y45         LUT6 (Prop_lut6_I1_O)        0.124     9.070 r  ingressLoop[0].ingressFifo/buffer_fifo/infer_fifo.empty_reg_reg2_carry_i_2/O
                         net (fo=1, routed)           0.000     9.070    ingressLoop[0].ingressFifo/buffer_fifo/infer_fifo.empty_reg_reg2_carry_i_2_n_0
    SLICE_X24Y45         CARRY4 (Prop_carry4_S[2]_CO[3])
                                                      0.398     9.468 r  ingressLoop[0].ingressFifo/buffer_fifo/infer_fifo.empty_reg_reg2_carry/CO[3]
                         net (fo=2, routed)           0.878    10.346    ingressLoop[0].ingressFifo/buffer_fifo/infer_fifo.empty_reg_reg2
    SLICE_X24Y47         LUT4 (Prop_lut4_I2_O)        0.124    10.470 r  ingressLoop[0].ingressFifo/buffer_fifo/infer_fifo.full_reg_i_1__3/O
                         net (fo=1, routed)           0.000    10.470    ingressLoop[0].ingressFifo/buffer_fifo/infer_fifo.full_reg_reg0
    SLICE_X24Y47         FDCE                                         r  ingressLoop[0].ingressFifo/buffer_fifo/infer_fifo.full_reg_reg/D
  -------------------------------------------------------------------    -------------------

                         (clock wbClk rise edge)      0.000     0.000 r  
    H16                                               0.000     0.000 r  wbClk (IN)
                         net (fo=0)                   0.000     0.000    wbClk
    H16                  IBUF (Prop_ibuf_I_O)         1.380     1.380 r  wbClk_IBUF_inst/O
                         net (fo=1, routed)           2.293     3.673    wbClk_IBUF
    BUFGCTRL_X0Y16       BUFG (Prop_bufg_I_O)         0.091     3.764 r  wbClk_IBUF_BUFG_inst/O
                         net (fo=704, routed)         1.573     5.338    ingressLoop[0].ingressFifo/buffer_fifo/rd_clk
    SLICE_X24Y47         FDCE                                         r  ingressLoop[0].ingressFifo/buffer_fifo/infer_fifo.full_reg_reg/C





Min Delay Paths
--------------------------------------------------------------------------------------
Slack:                    inf
  Source:                 egressLoop[2].egressFifo/buffer_fifo/infer_fifo.full_reg_reg/C
                            (rising edge-triggered cell FDCE clocked by bftClk  {rise@0.000ns fall@2.500ns period=5.000ns})
  Destination:            error_reg/D
                            (rising edge-triggered cell FDRE clocked by wbClk  {rise@0.000ns fall@5.000ns period=10.000ns})
  Path Group:             (none)
  Path Type:              Hold (Min at Fast Process Corner)
  Data Path Delay:        0.467ns  (logic 0.186ns (39.801%)  route 0.281ns (60.199%))
  Logic Levels:           1  (LUT5=1)
  Clock Path Skew:        -0.199ns (DCD - SCD - CPR)
    Destination Clock Delay (DCD):    2.167ns
    Source Clock Delay      (SCD):    2.367ns
    Clock Pessimism Removal (CPR):    -0.000ns
  Clock Uncertainty:      0.035ns  ((TSJ^2 + TIJ^2)^1/2 + DJ) / 2 + PE
    Total System Jitter     (TSJ):    0.071ns
    Total Input Jitter      (TIJ):    0.000ns
    Discrete Jitter          (DJ):    0.000ns
    Phase Error              (PE):    0.000ns
  Timing Exception:       False Path

    Location             Delay type                Incr(ns)  Path(ns)    Netlist Resource(s)
  -------------------------------------------------------------------    -------------------
                         (clock bftClk rise edge)     0.000     0.000 r  
    H15                                               0.000     0.000 r  bftClk (IN)
                         net (fo=0)                   0.000     0.000    bftClk
    H15                  IBUF (Prop_ibuf_I_O)         0.268     0.268 r  bftClk_IBUF_inst/O
                         net (fo=1, routed)           1.516     1.784    bftClk_IBUF
    BUFGCTRL_X0Y0        BUFG (Prop_bufg_I_O)         0.026     1.810 r  bftClk_IBUF_BUFG_inst/O
                         net (fo=730, routed)         0.557     2.367    egressLoop[2].egressFifo/buffer_fifo/clk
    SLICE_X52Y47         FDCE                                         r  egressLoop[2].egressFifo/buffer_fifo/infer_fifo.full_reg_reg/C
  -------------------------------------------------------------------    -------------------
    SLICE_X52Y47         FDCE (Prop_fdce_C_Q)         0.141     2.508 r  egressLoop[2].egressFifo/buffer_fifo/infer_fifo.full_reg_reg/Q
                         net (fo=4, routed)           0.281     2.789    egressLoop[1].egressFifo/buffer_fifo/out
    SLICE_X53Y43         LUT5 (Prop_lut5_I1_O)        0.045     2.834 r  egressLoop[1].egressFifo/buffer_fifo/error_i_1/O
                         net (fo=1, routed)           0.000     2.834    egressLoop[1].egressFifo_n_0
    SLICE_X53Y43         FDRE                                         r  error_reg/D
  -------------------------------------------------------------------    -------------------

                         (clock wbClk rise edge)      0.000     0.000 r  
    H16                                               0.000     0.000 r  wbClk (IN)
                         net (fo=0)                   0.000     0.000    wbClk
    H16                  IBUF (Prop_ibuf_I_O)         0.406     0.406 r  wbClk_IBUF_inst/O
                         net (fo=1, routed)           0.907     1.313    wbClk_IBUF
    BUFGCTRL_X0Y16       BUFG (Prop_bufg_I_O)         0.029     1.342 r  wbClk_IBUF_BUFG_inst/O
                         net (fo=704, routed)         0.825     2.167    wbClk_IBUF_BUFG
    SLICE_X53Y43         FDRE                                         r  error_reg/C

Slack:                    inf
  Source:                 egressLoop[4].egressFifo/buffer_fifo/infer_fifo.wr_addr_reg[1]/C
                            (rising edge-triggered cell FDCE clocked by bftClk  {rise@0.000ns fall@2.500ns period=5.000ns})
  Destination:            egressLoop[4].egressFifo/buffer_fifo/infer_fifo.empty_reg_reg/D
                            (rising edge-triggered cell FDPE clocked by wbClk  {rise@0.000ns fall@5.000ns period=10.000ns})
  Path Group:             (none)
  Path Type:              Hold (Min at Fast Process Corner)
  Data Path Delay:        0.724ns  (logic 0.383ns (52.874%)  route 0.341ns (47.126%))
  Logic Levels:           3  (CARRY4=1 LUT4=1 LUT6=1)
  Clock Path Skew:        -0.197ns (DCD - SCD - CPR)
    Destination Clock Delay (DCD):    2.195ns
    Source Clock Delay      (SCD):    2.393ns
    Clock Pessimism Removal (CPR):    -0.000ns
  Clock Uncertainty:      0.035ns  ((TSJ^2 + TIJ^2)^1/2 + DJ) / 2 + PE
    Total System Jitter     (TSJ):    0.071ns
    Total Input Jitter      (TIJ):    0.000ns
    Discrete Jitter          (DJ):    0.000ns
    Phase Error              (PE):    0.000ns
  Timing Exception:       False Path

    Location             Delay type                Incr(ns)  Path(ns)    Netlist Resource(s)
  -------------------------------------------------------------------    -------------------
                         (clock bftClk rise edge)     0.000     0.000 r  
    H15                                               0.000     0.000 r  bftClk (IN)
                         net (fo=0)                   0.000     0.000    bftClk
    H15                  IBUF (Prop_ibuf_I_O)         0.268     0.268 r  bftClk_IBUF_inst/O
                         net (fo=1, routed)           1.516     1.784    bftClk_IBUF
    BUFGCTRL_X0Y0        BUFG (Prop_bufg_I_O)         0.026     1.810 r  bftClk_IBUF_BUFG_inst/O
                         net (fo=730, routed)         0.583     2.393    egressLoop[4].egressFifo/buffer_fifo/clk
    SLICE_X63Y46         FDCE                                         r  egressLoop[4].egressFifo/buffer_fifo/infer_fifo.wr_addr_reg[1]/C
  -------------------------------------------------------------------    -------------------
    SLICE_X63Y46         FDCE (Prop_fdce_C_Q)         0.141     2.534 r  egressLoop[4].egressFifo/buffer_fifo/infer_fifo.wr_addr_reg[1]/Q
                         net (fo=3, routed)           0.129     2.663    egressLoop[4].egressFifo/buffer_fifo/infer_fifo.wr_addr[1]
    SLICE_X63Y45         LUT6 (Prop_lut6_I4_O)        0.045     2.708 r  egressLoop[4].egressFifo/buffer_fifo/i__carry_i_4__11/O
                         net (fo=1, routed)           0.000     2.708    egressLoop[4].egressFifo/buffer_fifo/i__carry_i_4__11_n_0
    SLICE_X63Y45         CARRY4 (Prop_carry4_S[0]_CO[3])
                                                      0.152     2.860 r  egressLoop[4].egressFifo/buffer_fifo/infer_fifo.empty_reg_reg2_inferred__0/i__carry/CO[3]
                         net (fo=1, routed)           0.212     3.072    egressLoop[4].egressFifo/buffer_fifo/infer_fifo.empty_reg_reg20_out
    SLICE_X60Y45         LUT4 (Prop_lut4_I0_O)        0.045     3.117 r  egressLoop[4].egressFifo/buffer_fifo/infer_fifo.empty_reg_i_1__11/O
                         net (fo=1, routed)           0.000     3.117    egressLoop[4].egressFifo/buffer_fifo/infer_fifo.empty_reg_reg0
    SLICE_X60Y45         FDPE                                         r  egressLoop[4].egressFifo/buffer_fifo/infer_fifo.empty_reg_reg/D
  -------------------------------------------------------------------    -------------------

                         (clock wbClk rise edge)      0.000     0.000 r  
    H16                                               0.000     0.000 r  wbClk (IN)
                         net (fo=0)                   0.000     0.000    wbClk
    H16                  IBUF (Prop_ibuf_I_O)         0.406     0.406 r  wbClk_IBUF_inst/O
                         net (fo=1, routed)           0.907     1.313    wbClk_IBUF
    BUFGCTRL_X0Y16       BUFG (Prop_bufg_I_O)         0.029     1.342 r  wbClk_IBUF_BUFG_inst/O
                         net (fo=704, routed)         0.853     2.195    egressLoop[4].egressFifo/buffer_fifo/rd_clk
    SLICE_X60Y45         FDPE                                         r  egressLoop[4].egressFifo/buffer_fifo/infer_fifo.empty_reg_reg/C

Slack:                    inf
  Source:                 ingressLoop[1].ingressFifo/buffer_fifo/infer_fifo.rd_addr_reg[0]/C
                            (rising edge-triggered cell FDCE clocked by bftClk  {rise@0.000ns fall@2.500ns period=5.000ns})
  Destination:            ingressLoop[1].ingressFifo/buffer_fifo/infer_fifo.full_reg_reg/D
                            (rising edge-triggered cell FDCE clocked by wbClk  {rise@0.000ns fall@5.000ns period=10.000ns})
  Path Group:             (none)
  Path Type:              Hold (Min at Fast Process Corner)
  Data Path Delay:        0.767ns  (logic 0.376ns (49.005%)  route 0.391ns (50.995%))
  Logic Levels:           3  (CARRY4=1 LUT4=1 LUT6=1)
  Clock Path Skew:        -0.202ns (DCD - SCD - CPR)
    Destination Clock Delay (DCD):    2.167ns
    Source Clock Delay      (SCD):    2.370ns
    Clock Pessimism Removal (CPR):    -0.000ns
  Clock Uncertainty:      0.035ns  ((TSJ^2 + TIJ^2)^1/2 + DJ) / 2 + PE
    Total System Jitter     (TSJ):    0.071ns
    Total Input Jitter      (TIJ):    0.000ns
    Discrete Jitter          (DJ):    0.000ns
    Phase Error              (PE):    0.000ns
  Timing Exception:       False Path

    Location             Delay type                Incr(ns)  Path(ns)    Netlist Resource(s)
  -------------------------------------------------------------------    -------------------
                         (clock bftClk rise edge)     0.000     0.000 r  
    H15                                               0.000     0.000 r  bftClk (IN)
                         net (fo=0)                   0.000     0.000    bftClk
    H15                  IBUF (Prop_ibuf_I_O)         0.268     0.268 r  bftClk_IBUF_inst/O
                         net (fo=1, routed)           1.516     1.784    bftClk_IBUF
    BUFGCTRL_X0Y0        BUFG (Prop_bufg_I_O)         0.026     1.810 r  bftClk_IBUF_BUFG_inst/O
                         net (fo=730, routed)         0.560     2.370    ingressLoop[1].ingressFifo/buffer_fifo/clk
    SLICE_X33Y53         FDCE                                         r  ingressLoop[1].ingressFifo/buffer_fifo/infer_fifo.rd_addr_reg[0]/C
  -------------------------------------------------------------------    -------------------
    SLICE_X33Y53         FDCE (Prop_fdce_C_Q)         0.141     2.511 r  ingressLoop[1].ingressFifo/buffer_fifo/infer_fifo.rd_addr_reg[0]/Q
                         net (fo=3, routed)           0.114     2.624    ingressLoop[1].ingressFifo/buffer_fifo/infer_fifo.rd_addr[0]
    SLICE_X32Y53         LUT6 (Prop_lut6_I1_O)        0.045     2.669 r  ingressLoop[1].ingressFifo/buffer_fifo/infer_fifo.full_reg_reg2_carry_i_4__0/O
                         net (fo=1, routed)           0.000     2.669    ingressLoop[1].ingressFifo/buffer_fifo/infer_fifo.full_reg_reg2_carry_i_4__0_n_0
    SLICE_X32Y53         CARRY4 (Prop_carry4_S[0]_CO[3])
                                                      0.145     2.814 r  ingressLoop[1].ingressFifo/buffer_fifo/infer_fifo.full_reg_reg2_carry/CO[3]
                         net (fo=1, routed)           0.278     3.092    ingressLoop[1].ingressFifo/buffer_fifo/infer_fifo.full_reg_reg2
    SLICE_X33Y54         LUT4 (Prop_lut4_I0_O)        0.045     3.137 r  ingressLoop[1].ingressFifo/buffer_fifo/infer_fifo.full_reg_i_1/O
                         net (fo=1, routed)           0.000     3.137    ingressLoop[1].ingressFifo/buffer_fifo/infer_fifo.full_reg_reg0
    SLICE_X33Y54         FDCE                                         r  ingressLoop[1].ingressFifo/buffer_fifo/infer_fifo.full_reg_reg/D
  -------------------------------------------------------------------    -------------------

                         (clock wbClk rise edge)      0.000     0.000 r  
    H16                                               0.000     0.000 r  wbClk (IN)
                         net (fo=0)                   0.000     0.000    wbClk
    H16                  IBUF (Prop_ibuf_I_O)         0.406     0.406 r  wbClk_IBUF_inst/O
                         net (fo=1, routed)           0.907     1.313    wbClk_IBUF
    BUFGCTRL_X0Y16       BUFG (Prop_bufg_I_O)         0.029     1.342 r  wbClk_IBUF_BUFG_inst/O
                         net (fo=704, routed)         0.825     2.167    ingressLoop[1].ingressFifo/buffer_fifo/rd_clk
    SLICE_X33Y54         FDCE                                         r  ingressLoop[1].ingressFifo/buffer_fifo/infer_fifo.full_reg_reg/C

Slack:                    inf
  Source:                 egressLoop[0].egressFifo/buffer_fifo/infer_fifo.wr_addr_reg[7]/C
                            (rising edge-triggered cell FDCE clocked by bftClk  {rise@0.000ns fall@2.500ns period=5.000ns})
  Destination:            egressLoop[0].egressFifo/buffer_fifo/infer_fifo.empty_reg_reg/D
                            (rising edge-triggered cell FDPE clocked by wbClk  {rise@0.000ns fall@5.000ns period=10.000ns})
  Path Group:             (none)
  Path Type:              Hold (Min at Fast Process Corner)
  Data Path Delay:        0.797ns  (logic 0.386ns (48.437%)  route 0.411ns (51.563%))
  Logic Levels:           3  (CARRY4=1 LUT4=1 LUT6=1)
  Clock Path Skew:        -0.201ns (DCD - SCD - CPR)
    Destination Clock Delay (DCD):    2.163ns
    Source Clock Delay      (SCD):    2.365ns
    Clock Pessimism Removal (CPR):    -0.000ns
  Clock Uncertainty:      0.035ns  ((TSJ^2 + TIJ^2)^1/2 + DJ) / 2 + PE
    Total System Jitter     (TSJ):    0.071ns
    Total Input Jitter      (TIJ):    0.000ns
    Discrete Jitter          (DJ):    0.000ns
    Phase Error              (PE):    0.000ns
  Timing Exception:       False Path

    Location             Delay type                Incr(ns)  Path(ns)    Netlist Resource(s)
  -------------------------------------------------------------------    -------------------
                         (clock bftClk rise edge)     0.000     0.000 r  
    H15                                               0.000     0.000 r  bftClk (IN)
                         net (fo=0)                   0.000     0.000    bftClk
    H15                  IBUF (Prop_ibuf_I_O)         0.268     0.268 r  bftClk_IBUF_inst/O
                         net (fo=1, routed)           1.516     1.784    bftClk_IBUF
    BUFGCTRL_X0Y0        BUFG (Prop_bufg_I_O)         0.026     1.810 r  bftClk_IBUF_BUFG_inst/O
                         net (fo=730, routed)         0.555     2.365    egressLoop[0].egressFifo/buffer_fifo/clk
    SLICE_X51Y50         FDCE                                         r  egressLoop[0].egressFifo/buffer_fifo/infer_fifo.wr_addr_reg[7]/C
  -------------------------------------------------------------------    -------------------
    SLICE_X51Y50         FDCE (Prop_fdce_C_Q)         0.128     2.493 r  egressLoop[0].egressFifo/buffer_fifo/infer_fifo.wr_addr_reg[7]/Q
                         net (fo=3, routed)           0.124     2.617    egressLoop[0].egressFifo/buffer_fifo/infer_fifo.wr_addr[7]
    SLICE_X51Y51         LUT6 (Prop_lut6_I4_O)        0.098     2.715 r  egressLoop[0].egressFifo/buffer_fifo/i__carry_i_2__7/O
                         net (fo=1, routed)           0.000     2.715    egressLoop[0].egressFifo/buffer_fifo/i__carry_i_2__7_n_0
    SLICE_X51Y51         CARRY4 (Prop_carry4_S[2]_CO[3])
                                                      0.115     2.830 r  egressLoop[0].egressFifo/buffer_fifo/infer_fifo.empty_reg_reg2_inferred__0/i__carry/CO[3]
                         net (fo=1, routed)           0.287     3.117    egressLoop[0].egressFifo/buffer_fifo/infer_fifo.empty_reg_reg20_out
    SLICE_X53Y50         LUT4 (Prop_lut4_I0_O)        0.045     3.162 r  egressLoop[0].egressFifo/buffer_fifo/infer_fifo.empty_reg_i_1__7/O
                         net (fo=1, routed)           0.000     3.162    egressLoop[0].egressFifo/buffer_fifo/infer_fifo.empty_reg_reg0
    SLICE_X53Y50         FDPE                                         r  egressLoop[0].egressFifo/buffer_fifo/infer_fifo.empty_reg_reg/D
  -------------------------------------------------------------------    -------------------

                         (clock wbClk rise edge)      0.000     0.000 r  
    H16                                               0.000     0.000 r  wbClk (IN)
                         net (fo=0)                   0.000     0.000    wbClk
    H16                  IBUF (Prop_ibuf_I_O)         0.406     0.406 r  wbClk_IBUF_inst/O
                         net (fo=1, routed)           0.907     1.313    wbClk_IBUF
    BUFGCTRL_X0Y16       BUFG (Prop_bufg_I_O)         0.029     1.342 r  wbClk_IBUF_BUFG_inst/O
                         net (fo=704, routed)         0.821     2.163    egressLoop[0].egressFifo/buffer_fifo/rd_clk
    SLICE_X53Y50         FDPE                                         r  egressLoop[0].egressFifo/buffer_fifo/infer_fifo.empty_reg_reg/C

Slack:                    inf
  Source:                 ingressLoop[2].ingressFifo/buffer_fifo/infer_fifo.rd_addr_reg[6]/C
                            (rising edge-triggered cell FDCE clocked by bftClk  {rise@0.000ns fall@2.500ns period=5.000ns})
  Destination:            ingressLoop[2].ingressFifo/buffer_fifo/infer_fifo.full_reg_reg/D
                            (rising edge-triggered cell FDCE clocked by wbClk  {rise@0.000ns fall@5.000ns period=10.000ns})
  Path Group:             (none)
  Path Type:              Hold (Min at Fast Process Corner)
  Data Path Delay:        0.825ns  (logic 0.402ns (48.731%)  route 0.423ns (51.269%))
  Logic Levels:           3  (CARRY4=1 LUT4=1 LUT6=1)
  Clock Path Skew:        -0.205ns (DCD - SCD - CPR)
    Destination Clock Delay (DCD):    2.156ns
    Source Clock Delay      (SCD):    2.362ns
    Clock Pessimism Removal (CPR):    -0.000ns
  Clock Uncertainty:      0.035ns  ((TSJ^2 + TIJ^2)^1/2 + DJ) / 2 + PE
    Total System Jitter     (TSJ):    0.071ns
    Total Input Jitter      (TIJ):    0.000ns
    Discrete Jitter          (DJ):    0.000ns
    Phase Error              (PE):    0.000ns
  Timing Exception:       False Path

    Location             Delay type                Incr(ns)  Path(ns)    Netlist Resource(s)
  -------------------------------------------------------------------    -------------------
                         (clock bftClk rise edge)     0.000     0.000 r  
    H15                                               0.000     0.000 r  bftClk (IN)
                         net (fo=0)                   0.000     0.000    bftClk
    H15                  IBUF (Prop_ibuf_I_O)         0.268     0.268 r  bftClk_IBUF_inst/O
                         net (fo=1, routed)           1.516     1.784    bftClk_IBUF
    BUFGCTRL_X0Y0        BUFG (Prop_bufg_I_O)         0.026     1.810 r  bftClk_IBUF_BUFG_inst/O
                         net (fo=730, routed)         0.552     2.362    ingressLoop[2].ingressFifo/buffer_fifo/clk
    SLICE_X34Y69         FDCE                                         r  ingressLoop[2].ingressFifo/buffer_fifo/infer_fifo.rd_addr_reg[6]/C
  -------------------------------------------------------------------    -------------------
    SLICE_X34Y69         FDCE (Prop_fdce_C_Q)         0.148     2.510 r  ingressLoop[2].ingressFifo/buffer_fifo/infer_fifo.rd_addr_reg[6]/Q
                         net (fo=3, routed)           0.174     2.684    ingressLoop[2].ingressFifo/buffer_fifo/infer_fifo.rd_addr[6]
    SLICE_X32Y69         LUT6 (Prop_lut6_I1_O)        0.098     2.782 r  ingressLoop[2].ingressFifo/buffer_fifo/infer_fifo.full_reg_reg2_carry_i_2__1/O
                         net (fo=1, routed)           0.000     2.782    ingressLoop[2].ingressFifo/buffer_fifo/infer_fifo.full_reg_reg2_carry_i_2__1_n_0
    SLICE_X32Y69         CARRY4 (Prop_carry4_S[2]_CO[3])
                                                      0.111     2.893 r  ingressLoop[2].ingressFifo/buffer_fifo/infer_fifo.full_reg_reg2_carry/CO[3]
                         net (fo=1, routed)           0.249     3.142    ingressLoop[2].ingressFifo/buffer_fifo/infer_fifo.full_reg_reg2
    SLICE_X32Y70         LUT4 (Prop_lut4_I0_O)        0.045     3.187 r  ingressLoop[2].ingressFifo/buffer_fifo/infer_fifo.full_reg_i_1__4/O
                         net (fo=1, routed)           0.000     3.187    ingressLoop[2].ingressFifo/buffer_fifo/infer_fifo.full_reg_reg0
    SLICE_X32Y70         FDCE                                         r  ingressLoop[2].ingressFifo/buffer_fifo/infer_fifo.full_reg_reg/D
  -------------------------------------------------------------------    -------------------

                         (clock wbClk rise edge)      0.000     0.000 r  
    H16                                               0.000     0.000 r  wbClk (IN)
                         net (fo=0)                   0.000     0.000    wbClk
    H16                  IBUF (Prop_ibuf_I_O)         0.406     0.406 r  wbClk_IBUF_inst/O
                         net (fo=1, routed)           0.907     1.313    wbClk_IBUF
    BUFGCTRL_X0Y16       BUFG (Prop_bufg_I_O)         0.029     1.342 r  wbClk_IBUF_BUFG_inst/O
                         net (fo=704, routed)         0.814     2.156    ingressLoop[2].ingressFifo/buffer_fifo/rd_clk
    SLICE_X32Y70         FDCE                                         r  ingressLoop[2].ingressFifo/buffer_fifo/infer_fifo.full_reg_reg/C

Slack:                    inf
  Source:                 ingressLoop[4].ingressFifo/buffer_fifo/infer_fifo.rd_addr_reg[6]/C
                            (rising edge-triggered cell FDCE clocked by bftClk  {rise@0.000ns fall@2.500ns period=5.000ns})
  Destination:            ingressLoop[4].ingressFifo/buffer_fifo/infer_fifo.full_reg_reg/D
                            (rising edge-triggered cell FDCE clocked by wbClk  {rise@0.000ns fall@5.000ns period=10.000ns})
  Path Group:             (none)
  Path Type:              Hold (Min at Fast Process Corner)
  Data Path Delay:        0.773ns  (logic 0.342ns (44.217%)  route 0.431ns (55.783%))
  Logic Levels:           3  (CARRY4=1 LUT4=1 LUT6=1)
  Clock Path Skew:        -0.196ns (DCD - SCD - CPR)
    Destination Clock Delay (DCD):    2.219ns
    Source Clock Delay      (SCD):    2.416ns
    Clock Pessimism Removal (CPR):    -0.000ns
  Clock Uncertainty:      0.035ns  ((TSJ^2 + TIJ^2)^1/2 + DJ) / 2 + PE
    Total System Jitter     (TSJ):    0.071ns
    Total Input Jitter      (TIJ):    0.000ns
    Discrete Jitter          (DJ):    0.000ns
    Phase Error              (PE):    0.000ns
  Timing Exception:       False Path

    Location             Delay type                Incr(ns)  Path(ns)    Netlist Resource(s)
  -------------------------------------------------------------------    -------------------
                         (clock bftClk rise edge)     0.000     0.000 r  
    H15                                               0.000     0.000 r  bftClk (IN)
                         net (fo=0)                   0.000     0.000    bftClk
    H15                  IBUF (Prop_ibuf_I_O)         0.268     0.268 r  bftClk_IBUF_inst/O
                         net (fo=1, routed)           1.516     1.784    bftClk_IBUF
    BUFGCTRL_X0Y0        BUFG (Prop_bufg_I_O)         0.026     1.810 r  bftClk_IBUF_BUFG_inst/O
                         net (fo=730, routed)         0.606     2.416    ingressLoop[4].ingressFifo/buffer_fifo/clk
    SLICE_X91Y34         FDCE                                         r  ingressLoop[4].ingressFifo/buffer_fifo/infer_fifo.rd_addr_reg[6]/C
  -------------------------------------------------------------------    -------------------
    SLICE_X91Y34         FDCE (Prop_fdce_C_Q)         0.141     2.557 r  ingressLoop[4].ingressFifo/buffer_fifo/infer_fifo.rd_addr_reg[6]/Q
                         net (fo=3, routed)           0.112     2.669    ingressLoop[4].ingressFifo/buffer_fifo/infer_fifo.rd_addr[6]
    SLICE_X90Y34         LUT6 (Prop_lut6_I1_O)        0.045     2.714 r  ingressLoop[4].ingressFifo/buffer_fifo/infer_fifo.empty_reg_reg2_carry_i_2__3/O
                         net (fo=1, routed)           0.000     2.714    ingressLoop[4].ingressFifo/buffer_fifo/infer_fifo.empty_reg_reg2_carry_i_2__3_n_0
    SLICE_X90Y34         CARRY4 (Prop_carry4_S[2]_CO[3])
                                                      0.111     2.825 r  ingressLoop[4].ingressFifo/buffer_fifo/infer_fifo.empty_reg_reg2_carry/CO[3]
                         net (fo=2, routed)           0.319     3.144    ingressLoop[4].ingressFifo/buffer_fifo/infer_fifo.empty_reg_reg2
    SLICE_X90Y37         LUT4 (Prop_lut4_I2_O)        0.045     3.189 r  ingressLoop[4].ingressFifo/buffer_fifo/infer_fifo.full_reg_i_1__5/O
                         net (fo=1, routed)           0.000     3.189    ingressLoop[4].ingressFifo/buffer_fifo/infer_fifo.full_reg_reg0
    SLICE_X90Y37         FDCE                                         r  ingressLoop[4].ingressFifo/buffer_fifo/infer_fifo.full_reg_reg/D
  -------------------------------------------------------------------    -------------------

                         (clock wbClk rise edge)      0.000     0.000 r  
    H16                                               0.000     0.000 r  wbClk (IN)
                         net (fo=0)                   0.000     0.000    wbClk
    H16                  IBUF (Prop_ibuf_I_O)         0.406     0.406 r  wbClk_IBUF_inst/O
                         net (fo=1, routed)           0.907     1.313    wbClk_IBUF
    BUFGCTRL_X0Y16       BUFG (Prop_bufg_I_O)         0.029     1.342 r  wbClk_IBUF_BUFG_inst/O
                         net (fo=704, routed)         0.877     2.219    ingressLoop[4].ingressFifo/buffer_fifo/rd_clk
    SLICE_X90Y37         FDCE                                         r  ingressLoop[4].ingressFifo/buffer_fifo/infer_fifo.full_reg_reg/C

Slack:                    inf
  Source:                 ingressLoop[3].ingressFifo/buffer_fifo/infer_fifo.rd_addr_reg[0]/C
                            (rising edge-triggered cell FDCE clocked by bftClk  {rise@0.000ns fall@2.500ns period=5.000ns})
  Destination:            ingressLoop[3].ingressFifo/buffer_fifo/infer_fifo.full_reg_reg/D
                            (rising edge-triggered cell FDCE clocked by wbClk  {rise@0.000ns fall@5.000ns period=10.000ns})
  Path Group:             (none)
  Path Type:              Hold (Min at Fast Process Corner)
  Data Path Delay:        0.828ns  (logic 0.383ns (46.231%)  route 0.445ns (53.769%))
  Logic Levels:           3  (CARRY4=1 LUT4=1 LUT6=1)
  Clock Path Skew:        -0.202ns (DCD - SCD - CPR)
    Destination Clock Delay (DCD):    2.161ns
    Source Clock Delay      (SCD):    2.364ns
    Clock Pessimism Removal (CPR):    -0.000ns
  Clock Uncertainty:      0.035ns  ((TSJ^2 + TIJ^2)^1/2 + DJ) / 2 + PE
    Total System Jitter     (TSJ):    0.071ns
    Total Input Jitter      (TIJ):    0.000ns
    Discrete Jitter          (DJ):    0.000ns
    Phase Error              (PE):    0.000ns
  Timing Exception:       False Path

    Location             Delay type                Incr(ns)  Path(ns)    Netlist Resource(s)
  -------------------------------------------------------------------    -------------------
                         (clock bftClk rise edge)     0.000     0.000 r  
    H15                                               0.000     0.000 r  bftClk (IN)
                         net (fo=0)                   0.000     0.000    bftClk
    H15                  IBUF (Prop_ibuf_I_O)         0.268     0.268 r  bftClk_IBUF_inst/O
                         net (fo=1, routed)           1.516     1.784    bftClk_IBUF
    BUFGCTRL_X0Y0        BUFG (Prop_bufg_I_O)         0.026     1.810 r  bftClk_IBUF_BUFG_inst/O
                         net (fo=730, routed)         0.554     2.364    ingressLoop[3].ingressFifo/buffer_fifo/clk
    SLICE_X40Y65         FDCE                                         r  ingressLoop[3].ingressFifo/buffer_fifo/infer_fifo.rd_addr_reg[0]/C
  -------------------------------------------------------------------    -------------------
    SLICE_X40Y65         FDCE (Prop_fdce_C_Q)         0.141     2.505 r  ingressLoop[3].ingressFifo/buffer_fifo/infer_fifo.rd_addr_reg[0]/Q
                         net (fo=3, routed)           0.170     2.675    ingressLoop[3].ingressFifo/buffer_fifo/infer_fifo.rd_addr[0]
    SLICE_X37Y65         LUT6 (Prop_lut6_I1_O)        0.045     2.720 r  ingressLoop[3].ingressFifo/buffer_fifo/infer_fifo.empty_reg_reg2_carry_i_4__2/O
                         net (fo=1, routed)           0.000     2.720    ingressLoop[3].ingressFifo/buffer_fifo/infer_fifo.empty_reg_reg2_carry_i_4__2_n_0
    SLICE_X37Y65         CARRY4 (Prop_carry4_S[0]_CO[3])
                                                      0.152     2.872 r  ingressLoop[3].ingressFifo/buffer_fifo/infer_fifo.empty_reg_reg2_carry/CO[3]
                         net (fo=2, routed)           0.276     3.147    ingressLoop[3].ingressFifo/buffer_fifo/infer_fifo.empty_reg_reg2
    SLICE_X38Y63         LUT4 (Prop_lut4_I2_O)        0.045     3.192 r  ingressLoop[3].ingressFifo/buffer_fifo/infer_fifo.full_reg_i_1__1/O
                         net (fo=1, routed)           0.000     3.192    ingressLoop[3].ingressFifo/buffer_fifo/infer_fifo.full_reg_reg0
    SLICE_X38Y63         FDCE                                         r  ingressLoop[3].ingressFifo/buffer_fifo/infer_fifo.full_reg_reg/D
  -------------------------------------------------------------------    -------------------

                         (clock wbClk rise edge)      0.000     0.000 r  
    H16                                               0.000     0.000 r  wbClk (IN)
                         net (fo=0)                   0.000     0.000    wbClk
    H16                  IBUF (Prop_ibuf_I_O)         0.406     0.406 r  wbClk_IBUF_inst/O
                         net (fo=1, routed)           0.907     1.313    wbClk_IBUF
    BUFGCTRL_X0Y16       BUFG (Prop_bufg_I_O)         0.029     1.342 r  wbClk_IBUF_BUFG_inst/O
                         net (fo=704, routed)         0.819     2.161    ingressLoop[3].ingressFifo/buffer_fifo/rd_clk
    SLICE_X38Y63         FDCE                                         r  ingressLoop[3].ingressFifo/buffer_fifo/infer_fifo.full_reg_reg/C

Slack:                    inf
  Source:                 ingressLoop[5].ingressFifo/buffer_fifo/infer_fifo.rd_addr_reg[7]/C
                            (rising edge-triggered cell FDCE clocked by bftClk  {rise@0.000ns fall@2.500ns period=5.000ns})
  Destination:            ingressLoop[5].ingressFifo/buffer_fifo/infer_fifo.full_reg_reg/D
                            (rising edge-triggered cell FDCE clocked by wbClk  {rise@0.000ns fall@5.000ns period=10.000ns})
  Path Group:             (none)
  Path Type:              Hold (Min at Fast Process Corner)
  Data Path Delay:        0.780ns  (logic 0.346ns (44.340%)  route 0.434ns (55.660%))
  Logic Levels:           3  (CARRY4=1 LUT4=1 LUT6=1)
  Clock Path Skew:        -0.195ns (DCD - SCD - CPR)
    Destination Clock Delay (DCD):    2.223ns
    Source Clock Delay      (SCD):    2.419ns
    Clock Pessimism Removal (CPR):    -0.000ns
  Clock Uncertainty:      0.035ns  ((TSJ^2 + TIJ^2)^1/2 + DJ) / 2 + PE
    Total System Jitter     (TSJ):    0.071ns
    Total Input Jitter      (TIJ):    0.000ns
    Discrete Jitter          (DJ):    0.000ns
    Phase Error              (PE):    0.000ns
  Timing Exception:       False Path

    Location             Delay type                Incr(ns)  Path(ns)    Netlist Resource(s)
  -------------------------------------------------------------------    -------------------
                         (clock bftClk rise edge)     0.000     0.000 r  
    H15                                               0.000     0.000 r  bftClk (IN)
                         net (fo=0)                   0.000     0.000    bftClk
    H15                  IBUF (Prop_ibuf_I_O)         0.268     0.268 r  bftClk_IBUF_inst/O
                         net (fo=1, routed)           1.516     1.784    bftClk_IBUF
    BUFGCTRL_X0Y0        BUFG (Prop_bufg_I_O)         0.026     1.810 r  bftClk_IBUF_BUFG_inst/O
                         net (fo=730, routed)         0.609     2.419    ingressLoop[5].ingressFifo/buffer_fifo/clk
    SLICE_X99Y37         FDCE                                         r  ingressLoop[5].ingressFifo/buffer_fifo/infer_fifo.rd_addr_reg[7]/C
  -------------------------------------------------------------------    -------------------
    SLICE_X99Y37         FDCE (Prop_fdce_C_Q)         0.141     2.560 r  ingressLoop[5].ingressFifo/buffer_fifo/infer_fifo.rd_addr_reg[7]/Q
                         net (fo=3, routed)           0.185     2.745    ingressLoop[5].ingressFifo/buffer_fifo/infer_fifo.rd_addr[7]
    SLICE_X99Y37         LUT6 (Prop_lut6_I4_O)        0.045     2.790 r  ingressLoop[5].ingressFifo/buffer_fifo/infer_fifo.full_reg_reg2_carry_i_2__4/O
                         net (fo=1, routed)           0.000     2.790    ingressLoop[5].ingressFifo/buffer_fifo/infer_fifo.full_reg_reg2_carry_i_2__4_n_0
    SLICE_X99Y37         CARRY4 (Prop_carry4_S[2]_CO[3])
                                                      0.115     2.905 r  ingressLoop[5].ingressFifo/buffer_fifo/infer_fifo.full_reg_reg2_carry/CO[3]
                         net (fo=1, routed)           0.250     3.154    ingressLoop[5].ingressFifo/buffer_fifo/infer_fifo.full_reg_reg2
    SLICE_X98Y38         LUT4 (Prop_lut4_I0_O)        0.045     3.199 r  ingressLoop[5].ingressFifo/buffer_fifo/infer_fifo.full_reg_i_1__0/O
                         net (fo=1, routed)           0.000     3.199    ingressLoop[5].ingressFifo/buffer_fifo/infer_fifo.full_reg_reg0
    SLICE_X98Y38         FDCE                                         r  ingressLoop[5].ingressFifo/buffer_fifo/infer_fifo.full_reg_reg/D
  -------------------------------------------------------------------    -------------------

                         (clock wbClk rise edge)      0.000     0.000 r  
    H16                                               0.000     0.000 r  wbClk (IN)
                         net (fo=0)                   0.000     0.000    wbClk
    H16                  IBUF (Prop_ibuf_I_O)         0.406     0.406 r  wbClk_IBUF_inst/O
                         net (fo=1, routed)           0.907     1.313    wbClk_IBUF
    BUFGCTRL_X0Y16       BUFG (Prop_bufg_I_O)         0.029     1.342 r  wbClk_IBUF_BUFG_inst/O
                         net (fo=704, routed)         0.881     2.223    ingressLoop[5].ingressFifo/buffer_fifo/rd_clk
    SLICE_X98Y38         FDCE                                         r  ingressLoop[5].ingressFifo/buffer_fifo/infer_fifo.full_reg_reg/C

Slack:                    inf
  Source:                 egressLoop[2].egressFifo/buffer_fifo/infer_fifo.wr_addr_reg[7]/C
                            (rising edge-triggered cell FDCE clocked by bftClk  {rise@0.000ns fall@2.500ns period=5.000ns})
  Destination:            egressLoop[2].egressFifo/buffer_fifo/infer_fifo.empty_reg_reg/D
                            (rising edge-triggered cell FDPE clocked by wbClk  {rise@0.000ns fall@5.000ns period=10.000ns})
  Path Group:             (none)
  Path Type:              Hold (Min at Fast Process Corner)
  Data Path Delay:        0.841ns  (logic 0.386ns (45.879%)  route 0.455ns (54.121%))
  Logic Levels:           3  (CARRY4=1 LUT4=1 LUT6=1)
  Clock Path Skew:        -0.198ns (DCD - SCD - CPR)
    Destination Clock Delay (DCD):    2.167ns
    Source Clock Delay      (SCD):    2.366ns
    Clock Pessimism Removal (CPR):    -0.000ns
  Clock Uncertainty:      0.035ns  ((TSJ^2 + TIJ^2)^1/2 + DJ) / 2 + PE
    Total System Jitter     (TSJ):    0.071ns
    Total Input Jitter      (TIJ):    0.000ns
    Discrete Jitter          (DJ):    0.000ns
    Phase Error              (PE):    0.000ns
  Timing Exception:       False Path

    Location             Delay type                Incr(ns)  Path(ns)    Netlist Resource(s)
  -------------------------------------------------------------------    -------------------
                         (clock bftClk rise edge)     0.000     0.000 r  
    H15                                               0.000     0.000 r  bftClk (IN)
                         net (fo=0)                   0.000     0.000    bftClk
    H15                  IBUF (Prop_ibuf_I_O)         0.268     0.268 r  bftClk_IBUF_inst/O
                         net (fo=1, routed)           1.516     1.784    bftClk_IBUF
    BUFGCTRL_X0Y0        BUFG (Prop_bufg_I_O)         0.026     1.810 r  bftClk_IBUF_BUFG_inst/O
                         net (fo=730, routed)         0.556     2.366    egressLoop[2].egressFifo/buffer_fifo/clk
    SLICE_X51Y45         FDCE                                         r  egressLoop[2].egressFifo/buffer_fifo/infer_fifo.wr_addr_reg[7]/C
  -------------------------------------------------------------------    -------------------
    SLICE_X51Y45         FDCE (Prop_fdce_C_Q)         0.128     2.494 r  egressLoop[2].egressFifo/buffer_fifo/infer_fifo.wr_addr_reg[7]/Q
                         net (fo=3, routed)           0.127     2.620    egressLoop[2].egressFifo/buffer_fifo/infer_fifo.wr_addr[7]
    SLICE_X52Y45         LUT6 (Prop_lut6_I5_O)        0.098     2.718 r  egressLoop[2].egressFifo/buffer_fifo/infer_fifo.empty_reg_reg2_carry_i_2__9/O
                         net (fo=1, routed)           0.000     2.718    egressLoop[2].egressFifo/buffer_fifo/infer_fifo.empty_reg_reg2_carry_i_2__9_n_0
    SLICE_X52Y45         CARRY4 (Prop_carry4_S[2]_CO[3])
                                                      0.115     2.833 r  egressLoop[2].egressFifo/buffer_fifo/infer_fifo.empty_reg_reg2_carry/CO[3]
                         net (fo=2, routed)           0.329     3.162    egressLoop[2].egressFifo/buffer_fifo/infer_fifo.empty_reg_reg2
    SLICE_X52Y46         LUT4 (Prop_lut4_I2_O)        0.045     3.207 r  egressLoop[2].egressFifo/buffer_fifo/infer_fifo.empty_reg_i_1__9/O
                         net (fo=1, routed)           0.000     3.207    egressLoop[2].egressFifo/buffer_fifo/infer_fifo.empty_reg_reg0
    SLICE_X52Y46         FDPE                                         r  egressLoop[2].egressFifo/buffer_fifo/infer_fifo.empty_reg_reg/D
  -------------------------------------------------------------------    -------------------

                         (clock wbClk rise edge)      0.000     0.000 r  
    H16                                               0.000     0.000 r  wbClk (IN)
                         net (fo=0)                   0.000     0.000    wbClk
    H16                  IBUF (Prop_ibuf_I_O)         0.406     0.406 r  wbClk_IBUF_inst/O
                         net (fo=1, routed)           0.907     1.313    wbClk_IBUF
    BUFGCTRL_X0Y16       BUFG (Prop_bufg_I_O)         0.029     1.342 r  wbClk_IBUF_BUFG_inst/O
                         net (fo=704, routed)         0.825     2.167    egressLoop[2].egressFifo/buffer_fifo/rd_clk
    SLICE_X52Y46         FDPE                                         r  egressLoop[2].egressFifo/buffer_fifo/infer_fifo.empty_reg_reg/C

Slack:                    inf
  Source:                 egressLoop[7].egressFifo/buffer_fifo/infer_fifo.wr_addr_reg[9]/C
                            (rising edge-triggered cell FDCE clocked by bftClk  {rise@0.000ns fall@2.500ns period=5.000ns})
  Destination:            egressLoop[7].egressFifo/buffer_fifo/infer_fifo.empty_reg_reg/D
                            (rising edge-triggered cell FDPE clocked by wbClk  {rise@0.000ns fall@5.000ns period=10.000ns})
  Path Group:             (none)
  Path Type:              Hold (Min at Fast Process Corner)
  Data Path Delay:        0.822ns  (logic 0.346ns (42.083%)  route 0.476ns (57.917%))
  Logic Levels:           3  (CARRY4=1 LUT2=1 LUT4=1)
  Clock Path Skew:        -0.199ns (DCD - SCD - CPR)
    Destination Clock Delay (DCD):    2.187ns
    Source Clock Delay      (SCD):    2.387ns
    Clock Pessimism Removal (CPR):    -0.000ns
  Clock Uncertainty:      0.035ns  ((TSJ^2 + TIJ^2)^1/2 + DJ) / 2 + PE
    Total System Jitter     (TSJ):    0.071ns
    Total Input Jitter      (TIJ):    0.000ns
    Discrete Jitter          (DJ):    0.000ns
    Phase Error              (PE):    0.000ns
  Timing Exception:       False Path

    Location             Delay type                Incr(ns)  Path(ns)    Netlist Resource(s)
  -------------------------------------------------------------------    -------------------
                         (clock bftClk rise edge)     0.000     0.000 r  
    H15                                               0.000     0.000 r  bftClk (IN)
                         net (fo=0)                   0.000     0.000    bftClk
    H15                  IBUF (Prop_ibuf_I_O)         0.268     0.268 r  bftClk_IBUF_inst/O
                         net (fo=1, routed)           1.516     1.784    bftClk_IBUF
    BUFGCTRL_X0Y0        BUFG (Prop_bufg_I_O)         0.026     1.810 r  bftClk_IBUF_BUFG_inst/O
                         net (fo=730, routed)         0.577     2.387    egressLoop[7].egressFifo/buffer_fifo/clk
    SLICE_X56Y34         FDCE                                         r  egressLoop[7].egressFifo/buffer_fifo/infer_fifo.wr_addr_reg[9]/C
  -------------------------------------------------------------------    -------------------
    SLICE_X56Y34         FDCE (Prop_fdce_C_Q)         0.141     2.528 r  egressLoop[7].egressFifo/buffer_fifo/infer_fifo.wr_addr_reg[9]/Q
                         net (fo=3, routed)           0.227     2.754    egressLoop[7].egressFifo/buffer_fifo/infer_fifo.wr_addr[9]
    SLICE_X55Y35         LUT2 (Prop_lut2_I0_O)        0.045     2.799 r  egressLoop[7].egressFifo/buffer_fifo/i__carry_i_1/O
                         net (fo=1, routed)           0.000     2.799    egressLoop[7].egressFifo/buffer_fifo/i__carry_i_1_n_0
    SLICE_X55Y35         CARRY4 (Prop_carry4_S[3]_CO[3])
                                                      0.115     2.914 r  egressLoop[7].egressFifo/buffer_fifo/infer_fifo.empty_reg_reg2_inferred__0/i__carry/CO[3]
                         net (fo=1, routed)           0.250     3.164    egressLoop[7].egressFifo/buffer_fifo/infer_fifo.empty_reg_reg20_out
    SLICE_X54Y36         LUT4 (Prop_lut4_I0_O)        0.045     3.209 r  egressLoop[7].egressFifo/buffer_fifo/infer_fifo.empty_reg_i_1__14/O
                         net (fo=1, routed)           0.000     3.209    egressLoop[7].egressFifo/buffer_fifo/infer_fifo.empty_reg_reg0
    SLICE_X54Y36         FDPE                                         r  egressLoop[7].egressFifo/buffer_fifo/infer_fifo.empty_reg_reg/D
  -------------------------------------------------------------------    -------------------

                         (clock wbClk rise edge)      0.000     0.000 r  
    H16                                               0.000     0.000 r  wbClk (IN)
                         net (fo=0)                   0.000     0.000    wbClk
    H16                  IBUF (Prop_ibuf_I_O)         0.406     0.406 r  wbClk_IBUF_inst/O
                         net (fo=1, routed)           0.907     1.313    wbClk_IBUF
    BUFGCTRL_X0Y16       BUFG (Prop_bufg_I_O)         0.029     1.342 r  wbClk_IBUF_BUFG_inst/O
                         net (fo=704, routed)         0.845     2.187    egressLoop[7].egressFifo/buffer_fifo/rd_clk
    SLICE_X54Y36         FDPE                                         r  egressLoop[7].egressFifo/buffer_fifo/infer_fifo.empty_reg_reg/C





--------------------------------------------------------------------------------------
Path Group:  (none)
From Clock:  wbClk
  To Clock:  

Max Delay            34 Endpoints
Min Delay            34 Endpoints
--------------------------------------------------------------------------------------


Max Delay Paths
--------------------------------------------------------------------------------------
Slack:                    inf
  Source:                 error_reg/C
                            (rising edge-triggered cell FDRE clocked by wbClk  {rise@0.000ns fall@5.000ns period=10.000ns})
  Destination:            error
                            (output port)
  Path Group:             (none)
  Path Type:              Max at Slow Process Corner
  Data Path Delay:        9.970ns  (logic 3.961ns (39.733%)  route 6.009ns (60.267%))
  Logic Levels:           1  (OBUF=1)
  Clock Uncertainty:      0.025ns  ((TSJ^2 + TIJ^2)^1/2 + DJ) / 2 + PE
    Total System Jitter     (TSJ):    0.050ns
    Total Input Jitter      (TIJ):    0.000ns
    Discrete Jitter          (DJ):    0.000ns
    Phase Error              (PE):    0.000ns

    Location             Delay type                Incr(ns)  Path(ns)    Netlist Resource(s)
  -------------------------------------------------------------------    -------------------
                         (clock wbClk rise edge)      0.000     0.000 r  
    H16                                               0.000     0.000 r  wbClk (IN)
                         net (fo=0)                   0.000     0.000    wbClk
    H16                  IBUF (Prop_ibuf_I_O)         1.451     1.451 r  wbClk_IBUF_inst/O
                         net (fo=1, routed)           2.522     3.973    wbClk_IBUF
    BUFGCTRL_X0Y16       BUFG (Prop_bufg_I_O)         0.101     4.074 r  wbClk_IBUF_BUFG_inst/O
                         net (fo=704, routed)         1.656     5.730    wbClk_IBUF_BUFG
    SLICE_X53Y43         FDRE                                         r  error_reg/C
  -------------------------------------------------------------------    -------------------
    SLICE_X53Y43         FDRE (Prop_fdre_C_Q)         0.456     6.186 r  error_reg/Q
                         net (fo=1, routed)           6.009    12.194    error_OBUF
    F16                  OBUF (Prop_obuf_I_O)         3.505    15.700 r  error_OBUF_inst/O
                         net (fo=0)                   0.000    15.700    error
    F16                                                               r  error (OUT)
  -------------------------------------------------------------------    -------------------

Slack:                    inf
  Source:                 wbDataForOutput_reg/C
                            (rising edge-triggered cell FDRE clocked by wbClk  {rise@0.000ns fall@5.000ns period=10.000ns})
  Destination:            wbDataForOutput
                            (output port)
  Path Group:             (none)
  Path Type:              Max at Slow Process Corner
  Data Path Delay:        9.226ns  (logic 4.105ns (44.496%)  route 5.121ns (55.504%))
  Logic Levels:           1  (OBUF=1)
  Clock Uncertainty:      0.025ns  ((TSJ^2 + TIJ^2)^1/2 + DJ) / 2 + PE
    Total System Jitter     (TSJ):    0.050ns
    Total Input Jitter      (TIJ):    0.000ns
    Discrete Jitter          (DJ):    0.000ns
    Phase Error              (PE):    0.000ns

    Location             Delay type                Incr(ns)  Path(ns)    Netlist Resource(s)
  -------------------------------------------------------------------    -------------------
                         (clock wbClk rise edge)      0.000     0.000 r  
    H16                                               0.000     0.000 r  wbClk (IN)
                         net (fo=0)                   0.000     0.000    wbClk
    H16                  IBUF (Prop_ibuf_I_O)         1.451     1.451 r  wbClk_IBUF_inst/O
                         net (fo=1, routed)           2.522     3.973    wbClk_IBUF
    BUFGCTRL_X0Y16       BUFG (Prop_bufg_I_O)         0.101     4.074 r  wbClk_IBUF_BUFG_inst/O
                         net (fo=704, routed)         1.729     5.803    wbClk_IBUF_BUFG
    SLICE_X58Y46         FDRE                                         r  wbDataForOutput_reg/C
  -------------------------------------------------------------------    -------------------
    SLICE_X58Y46         FDRE (Prop_fdre_C_Q)         0.518     6.321 r  wbDataForOutput_reg/Q
                         net (fo=1, routed)           5.121    11.442    wbDataForOutput_OBUF
    M19                  OBUF (Prop_obuf_I_O)         3.587    15.029 r  wbDataForOutput_OBUF_inst/O
                         net (fo=0)                   0.000    15.029    wbDataForOutput
    M19                                                               r  wbDataForOutput (OUT)
  -------------------------------------------------------------------    -------------------

Slack:                    inf
  Source:                 wbOutputData_reg[2]/C
                            (rising edge-triggered cell FDRE clocked by wbClk  {rise@0.000ns fall@5.000ns period=10.000ns})
  Destination:            wbOutputData[2]
                            (output port)
  Path Group:             (none)
  Path Type:              Max at Slow Process Corner
  Data Path Delay:        9.014ns  (logic 4.142ns (45.950%)  route 4.872ns (54.050%))
  Logic Levels:           1  (OBUF=1)
  Clock Uncertainty:      0.025ns  ((TSJ^2 + TIJ^2)^1/2 + DJ) / 2 + PE
    Total System Jitter     (TSJ):    0.050ns
    Total Input Jitter      (TIJ):    0.000ns
    Discrete Jitter          (DJ):    0.000ns
    Phase Error              (PE):    0.000ns

    Location             Delay type                Incr(ns)  Path(ns)    Netlist Resource(s)
  -------------------------------------------------------------------    -------------------
                         (clock wbClk rise edge)      0.000     0.000 r  
    H16                                               0.000     0.000 r  wbClk (IN)
                         net (fo=0)                   0.000     0.000    wbClk
    H16                  IBUF (Prop_ibuf_I_O)         1.451     1.451 r  wbClk_IBUF_inst/O
                         net (fo=1, routed)           2.522     3.973    wbClk_IBUF
    BUFGCTRL_X0Y16       BUFG (Prop_bufg_I_O)         0.101     4.074 r  wbClk_IBUF_BUFG_inst/O
                         net (fo=704, routed)         1.726     5.800    wbClk_IBUF_BUFG
    SLICE_X54Y39         FDRE                                         r  wbOutputData_reg[2]/C
  -------------------------------------------------------------------    -------------------
    SLICE_X54Y39         FDRE (Prop_fdre_C_Q)         0.518     6.318 r  wbOutputData_reg[2]/Q
                         net (fo=1, routed)           4.872    11.190    wbOutputData_OBUF[2]
    U13                  OBUF (Prop_obuf_I_O)         3.624    14.813 r  wbOutputData_OBUF[2]_inst/O
                         net (fo=0)                   0.000    14.813    wbOutputData[2]
    U13                                                               r  wbOutputData[2] (OUT)
  -------------------------------------------------------------------    -------------------

Slack:                    inf
  Source:                 wbOutputData_reg[0]/C
                            (rising edge-triggered cell FDRE clocked by wbClk  {rise@0.000ns fall@5.000ns period=10.000ns})
  Destination:            wbOutputData[0]
                            (output port)
  Path Group:             (none)
  Path Type:              Max at Slow Process Corner
  Data Path Delay:        8.986ns  (logic 4.137ns (46.040%)  route 4.849ns (53.960%))
  Logic Levels:           1  (OBUF=1)
  Clock Uncertainty:      0.025ns  ((TSJ^2 + TIJ^2)^1/2 + DJ) / 2 + PE
    Total System Jitter     (TSJ):    0.050ns
    Total Input Jitter      (TIJ):    0.000ns
    Discrete Jitter          (DJ):    0.000ns
    Phase Error              (PE):    0.000ns

    Location             Delay type                Incr(ns)  Path(ns)    Netlist Resource(s)
  -------------------------------------------------------------------    -------------------
                         (clock wbClk rise edge)      0.000     0.000 r  
    H16                                               0.000     0.000 r  wbClk (IN)
                         net (fo=0)                   0.000     0.000    wbClk
    H16                  IBUF (Prop_ibuf_I_O)         1.451     1.451 r  wbClk_IBUF_inst/O
                         net (fo=1, routed)           2.522     3.973    wbClk_IBUF
    BUFGCTRL_X0Y16       BUFG (Prop_bufg_I_O)         0.101     4.074 r  wbClk_IBUF_BUFG_inst/O
                         net (fo=704, routed)         1.726     5.800    wbClk_IBUF_BUFG
    SLICE_X54Y39         FDRE                                         r  wbOutputData_reg[0]/C
  -------------------------------------------------------------------    -------------------
    SLICE_X54Y39         FDRE (Prop_fdre_C_Q)         0.518     6.318 r  wbOutputData_reg[0]/Q
                         net (fo=1, routed)           4.849    11.166    wbOutputData_OBUF[0]
    T12                  OBUF (Prop_obuf_I_O)         3.619    14.786 r  wbOutputData_OBUF[0]_inst/O
                         net (fo=0)                   0.000    14.786    wbOutputData[0]
    T12                                                               r  wbOutputData[0] (OUT)
  -------------------------------------------------------------------    -------------------

Slack:                    inf
  Source:                 wbOutputData_reg[1]/C
                            (rising edge-triggered cell FDRE clocked by wbClk  {rise@0.000ns fall@5.000ns period=10.000ns})
  Destination:            wbOutputData[1]
                            (output port)
  Path Group:             (none)
  Path Type:              Max at Slow Process Corner
  Data Path Delay:        8.955ns  (logic 4.143ns (46.263%)  route 4.812ns (53.737%))
  Logic Levels:           1  (OBUF=1)
  Clock Uncertainty:      0.025ns  ((TSJ^2 + TIJ^2)^1/2 + DJ) / 2 + PE
    Total System Jitter     (TSJ):    0.050ns
    Total Input Jitter      (TIJ):    0.000ns
    Discrete Jitter          (DJ):    0.000ns
    Phase Error              (PE):    0.000ns

    Location             Delay type                Incr(ns)  Path(ns)    Netlist Resource(s)
  -------------------------------------------------------------------    -------------------
                         (clock wbClk rise edge)      0.000     0.000 r  
    H16                                               0.000     0.000 r  wbClk (IN)
                         net (fo=0)                   0.000     0.000    wbClk
    H16                  IBUF (Prop_ibuf_I_O)         1.451     1.451 r  wbClk_IBUF_inst/O
                         net (fo=1, routed)           2.522     3.973    wbClk_IBUF
    BUFGCTRL_X0Y16       BUFG (Prop_bufg_I_O)         0.101     4.074 r  wbClk_IBUF_BUFG_inst/O
                         net (fo=704, routed)         1.727     5.801    wbClk_IBUF_BUFG
    SLICE_X54Y41         FDRE                                         r  wbOutputData_reg[1]/C
  -------------------------------------------------------------------    -------------------
    SLICE_X54Y41         FDRE (Prop_fdre_C_Q)         0.518     6.319 r  wbOutputData_reg[1]/Q
                         net (fo=1, routed)           4.812    11.131    wbOutputData_OBUF[1]
    V13                  OBUF (Prop_obuf_I_O)         3.625    14.756 r  wbOutputData_OBUF[1]_inst/O
                         net (fo=0)                   0.000    14.756    wbOutputData[1]
    V13                                                               r  wbOutputData[1] (OUT)
  -------------------------------------------------------------------    -------------------

Slack:                    inf
  Source:                 wbOutputData_reg[12]/C
                            (rising edge-triggered cell FDRE clocked by wbClk  {rise@0.000ns fall@5.000ns period=10.000ns})
  Destination:            wbOutputData[12]
                            (output port)
  Path Group:             (none)
  Path Type:              Max at Slow Process Corner
  Data Path Delay:        8.897ns  (logic 4.173ns (46.902%)  route 4.724ns (53.098%))
  Logic Levels:           1  (OBUF=1)
  Clock Uncertainty:      0.025ns  ((TSJ^2 + TIJ^2)^1/2 + DJ) / 2 + PE
    Total System Jitter     (TSJ):    0.050ns
    Total Input Jitter      (TIJ):    0.000ns
    Discrete Jitter          (DJ):    0.000ns
    Phase Error              (PE):    0.000ns

    Location             Delay type                Incr(ns)  Path(ns)    Netlist Resource(s)
  -------------------------------------------------------------------    -------------------
                         (clock wbClk rise edge)      0.000     0.000 r  
    H16                                               0.000     0.000 r  wbClk (IN)
                         net (fo=0)                   0.000     0.000    wbClk
    H16                  IBUF (Prop_ibuf_I_O)         1.451     1.451 r  wbClk_IBUF_inst/O
                         net (fo=1, routed)           2.522     3.973    wbClk_IBUF
    BUFGCTRL_X0Y16       BUFG (Prop_bufg_I_O)         0.101     4.074 r  wbClk_IBUF_BUFG_inst/O
                         net (fo=704, routed)         1.727     5.801    wbClk_IBUF_BUFG
    SLICE_X54Y41         FDRE                                         r  wbOutputData_reg[12]/C
  -------------------------------------------------------------------    -------------------
    SLICE_X54Y41         FDRE (Prop_fdre_C_Q)         0.518     6.319 r  wbOutputData_reg[12]/Q
                         net (fo=1, routed)           4.724    11.043    wbOutputData_OBUF[12]
    W14                  OBUF (Prop_obuf_I_O)         3.655    14.698 r  wbOutputData_OBUF[12]_inst/O
                         net (fo=0)                   0.000    14.698    wbOutputData[12]
    W14                                                               r  wbOutputData[12] (OUT)
  -------------------------------------------------------------------    -------------------

Slack:                    inf
  Source:                 wbOutputData_reg[3]/C
                            (rising edge-triggered cell FDRE clocked by wbClk  {rise@0.000ns fall@5.000ns period=10.000ns})
  Destination:            wbOutputData[3]
                            (output port)
  Path Group:             (none)
  Path Type:              Max at Slow Process Corner
  Data Path Delay:        8.841ns  (logic 4.042ns (45.722%)  route 4.799ns (54.278%))
  Logic Levels:           1  (OBUF=1)
  Clock Uncertainty:      0.025ns  ((TSJ^2 + TIJ^2)^1/2 + DJ) / 2 + PE
    Total System Jitter     (TSJ):    0.050ns
    Total Input Jitter      (TIJ):    0.000ns
    Discrete Jitter          (DJ):    0.000ns
    Phase Error              (PE):    0.000ns

    Location             Delay type                Incr(ns)  Path(ns)    Netlist Resource(s)
  -------------------------------------------------------------------    -------------------
                         (clock wbClk rise edge)      0.000     0.000 r  
    H16                                               0.000     0.000 r  wbClk (IN)
                         net (fo=0)                   0.000     0.000    wbClk
    H16                  IBUF (Prop_ibuf_I_O)         1.451     1.451 r  wbClk_IBUF_inst/O
                         net (fo=1, routed)           2.522     3.973    wbClk_IBUF
    BUFGCTRL_X0Y16       BUFG (Prop_bufg_I_O)         0.101     4.074 r  wbClk_IBUF_BUFG_inst/O
                         net (fo=704, routed)         1.729     5.803    wbClk_IBUF_BUFG
    SLICE_X56Y43         FDRE                                         r  wbOutputData_reg[3]/C
  -------------------------------------------------------------------    -------------------
    SLICE_X56Y43         FDRE (Prop_fdre_C_Q)         0.456     6.259 r  wbOutputData_reg[3]/Q
                         net (fo=1, routed)           4.799    11.057    wbOutputData_OBUF[3]
    W13                  OBUF (Prop_obuf_I_O)         3.586    14.644 r  wbOutputData_OBUF[3]_inst/O
                         net (fo=0)                   0.000    14.644    wbOutputData[3]
    W13                                                               r  wbOutputData[3] (OUT)
  -------------------------------------------------------------------    -------------------

Slack:                    inf
  Source:                 wbOutputData_reg[4]/C
                            (rising edge-triggered cell FDRE clocked by wbClk  {rise@0.000ns fall@5.000ns period=10.000ns})
  Destination:            wbOutputData[4]
                            (output port)
  Path Group:             (none)
  Path Type:              Max at Slow Process Corner
  Data Path Delay:        8.717ns  (logic 4.057ns (46.541%)  route 4.660ns (53.459%))
  Logic Levels:           1  (OBUF=1)
  Clock Uncertainty:      0.025ns  ((TSJ^2 + TIJ^2)^1/2 + DJ) / 2 + PE
    Total System Jitter     (TSJ):    0.050ns
    Total Input Jitter      (TIJ):    0.000ns
    Discrete Jitter          (DJ):    0.000ns
    Phase Error              (PE):    0.000ns

    Location             Delay type                Incr(ns)  Path(ns)    Netlist Resource(s)
  -------------------------------------------------------------------    -------------------
                         (clock wbClk rise edge)      0.000     0.000 r  
    H16                                               0.000     0.000 r  wbClk (IN)
                         net (fo=0)                   0.000     0.000    wbClk
    H16                  IBUF (Prop_ibuf_I_O)         1.451     1.451 r  wbClk_IBUF_inst/O
                         net (fo=1, routed)           2.522     3.973    wbClk_IBUF
    BUFGCTRL_X0Y16       BUFG (Prop_bufg_I_O)         0.101     4.074 r  wbClk_IBUF_BUFG_inst/O
                         net (fo=704, routed)         1.727     5.801    wbClk_IBUF_BUFG
    SLICE_X56Y39         FDRE                                         r  wbOutputData_reg[4]/C
  -------------------------------------------------------------------    -------------------
    SLICE_X56Y39         FDRE (Prop_fdre_C_Q)         0.456     6.257 r  wbOutputData_reg[4]/Q
                         net (fo=1, routed)           4.660    10.917    wbOutputData_OBUF[4]
    V12                  OBUF (Prop_obuf_I_O)         3.601    14.518 r  wbOutputData_OBUF[4]_inst/O
                         net (fo=0)                   0.000    14.518    wbOutputData[4]
    V12                                                               r  wbOutputData[4] (OUT)
  -------------------------------------------------------------------    -------------------

Slack:                    inf
  Source:                 wbOutputData_reg[11]/C
                            (rising edge-triggered cell FDRE clocked by wbClk  {rise@0.000ns fall@5.000ns period=10.000ns})
  Destination:            wbOutputData[11]
                            (output port)
  Path Group:             (none)
  Path Type:              Max at Slow Process Corner
  Data Path Delay:        8.714ns  (logic 4.162ns (47.759%)  route 4.552ns (52.241%))
  Logic Levels:           1  (OBUF=1)
  Clock Uncertainty:      0.025ns  ((TSJ^2 + TIJ^2)^1/2 + DJ) / 2 + PE
    Total System Jitter     (TSJ):    0.050ns
    Total Input Jitter      (TIJ):    0.000ns
    Discrete Jitter          (DJ):    0.000ns
    Phase Error              (PE):    0.000ns

    Location             Delay type                Incr(ns)  Path(ns)    Netlist Resource(s)
  -------------------------------------------------------------------    -------------------
                         (clock wbClk rise edge)      0.000     0.000 r  
    H16                                               0.000     0.000 r  wbClk (IN)
                         net (fo=0)                   0.000     0.000    wbClk
    H16                  IBUF (Prop_ibuf_I_O)         1.451     1.451 r  wbClk_IBUF_inst/O
                         net (fo=1, routed)           2.522     3.973    wbClk_IBUF
    BUFGCTRL_X0Y16       BUFG (Prop_bufg_I_O)         0.101     4.074 r  wbClk_IBUF_BUFG_inst/O
                         net (fo=704, routed)         1.728     5.802    wbClk_IBUF_BUFG
    SLICE_X54Y44         FDRE                                         r  wbOutputData_reg[11]/C
  -------------------------------------------------------------------    -------------------
    SLICE_X54Y44         FDRE (Prop_fdre_C_Q)         0.518     6.320 r  wbOutputData_reg[11]/Q
                         net (fo=1, routed)           4.552    10.872    wbOutputData_OBUF[11]
    Y14                  OBUF (Prop_obuf_I_O)         3.644    14.515 r  wbOutputData_OBUF[11]_inst/O
                         net (fo=0)                   0.000    14.515    wbOutputData[11]
    Y14                                                               r  wbOutputData[11] (OUT)
  -------------------------------------------------------------------    -------------------

Slack:                    inf
  Source:                 wbOutputData_reg[10]/C
                            (rising edge-triggered cell FDRE clocked by wbClk  {rise@0.000ns fall@5.000ns period=10.000ns})
  Destination:            wbOutputData[10]
                            (output port)
  Path Group:             (none)
  Path Type:              Max at Slow Process Corner
  Data Path Delay:        8.715ns  (logic 4.080ns (46.818%)  route 4.635ns (53.182%))
  Logic Levels:           1  (OBUF=1)
  Clock Uncertainty:      0.025ns  ((TSJ^2 + TIJ^2)^1/2 + DJ) / 2 + PE
    Total System Jitter     (TSJ):    0.050ns
    Total Input Jitter      (TIJ):    0.000ns
    Discrete Jitter          (DJ):    0.000ns
    Phase Error              (PE):    0.000ns

    Location             Delay type                Incr(ns)  Path(ns)    Netlist Resource(s)
  -------------------------------------------------------------------    -------------------
                         (clock wbClk rise edge)      0.000     0.000 r  
    H16                                               0.000     0.000 r  wbClk (IN)
                         net (fo=0)                   0.000     0.000    wbClk
    H16                  IBUF (Prop_ibuf_I_O)         1.451     1.451 r  wbClk_IBUF_inst/O
                         net (fo=1, routed)           2.522     3.973    wbClk_IBUF
    BUFGCTRL_X0Y16       BUFG (Prop_bufg_I_O)         0.101     4.074 r  wbClk_IBUF_BUFG_inst/O
                         net (fo=704, routed)         1.727     5.801    wbClk_IBUF_BUFG
    SLICE_X55Y41         FDRE                                         r  wbOutputData_reg[10]/C
  -------------------------------------------------------------------    -------------------
    SLICE_X55Y41         FDRE (Prop_fdre_C_Q)         0.456     6.257 r  wbOutputData_reg[10]/Q
                         net (fo=1, routed)           4.635    10.891    wbOutputData_OBUF[10]
    Y16                  OBUF (Prop_obuf_I_O)         3.624    14.515 r  wbOutputData_OBUF[10]_inst/O
                         net (fo=0)                   0.000    14.515    wbOutputData[10]
    Y16                                                               r  wbOutputData[10] (OUT)
  -------------------------------------------------------------------    -------------------





Min Delay Paths
--------------------------------------------------------------------------------------
Slack:                    inf
  Source:                 wbOutputData_reg[28]/C
                            (rising edge-triggered cell FDRE clocked by wbClk  {rise@0.000ns fall@5.000ns period=10.000ns})
  Destination:            wbOutputData[28]
                            (output port)
  Path Group:             (none)
  Path Type:              Min at Fast Process Corner
  Data Path Delay:        2.604ns  (logic 1.442ns (55.359%)  route 1.163ns (44.641%))
  Logic Levels:           1  (OBUF=1)
  Clock Uncertainty:      0.025ns  ((TSJ^2 + TIJ^2)^1/2 + DJ) / 2 + PE
    Total System Jitter     (TSJ):    0.050ns
    Total Input Jitter      (TIJ):    0.000ns
    Discrete Jitter          (DJ):    0.000ns
    Phase Error              (PE):    0.000ns

    Location             Delay type                Incr(ns)  Path(ns)    Netlist Resource(s)
  -------------------------------------------------------------------    -------------------
                         (clock wbClk rise edge)      0.000     0.000 r  
    H16                                               0.000     0.000 r  wbClk (IN)
                         net (fo=0)                   0.000     0.000    wbClk
    H16                  IBUF (Prop_ibuf_I_O)         0.219     0.219 r  wbClk_IBUF_inst/O
                         net (fo=1, routed)           0.842     1.060    wbClk_IBUF
    BUFGCTRL_X0Y16       BUFG (Prop_bufg_I_O)         0.026     1.086 r  wbClk_IBUF_BUFG_inst/O
                         net (fo=704, routed)         0.581     1.667    wbClk_IBUF_BUFG
    SLICE_X54Y41         FDRE                                         r  wbOutputData_reg[28]/C
  -------------------------------------------------------------------    -------------------
    SLICE_X54Y41         FDRE (Prop_fdre_C_Q)         0.164     1.831 r  wbOutputData_reg[28]/Q
                         net (fo=1, routed)           1.163     2.994    wbOutputData_OBUF[28]
    V20                  OBUF (Prop_obuf_I_O)         1.278     4.271 r  wbOutputData_OBUF[28]_inst/O
                         net (fo=0)                   0.000     4.271    wbOutputData[28]
    V20                                                               r  wbOutputData[28] (OUT)
  -------------------------------------------------------------------    -------------------

Slack:                    inf
  Source:                 wbOutputData_reg[31]/C
                            (rising edge-triggered cell FDRE clocked by wbClk  {rise@0.000ns fall@5.000ns period=10.000ns})
  Destination:            wbOutputData[31]
                            (output port)
  Path Group:             (none)
  Path Type:              Min at Fast Process Corner
  Data Path Delay:        2.714ns  (logic 1.395ns (51.398%)  route 1.319ns (48.602%))
  Logic Levels:           1  (OBUF=1)
  Clock Uncertainty:      0.025ns  ((TSJ^2 + TIJ^2)^1/2 + DJ) / 2 + PE
    Total System Jitter     (TSJ):    0.050ns
    Total Input Jitter      (TIJ):    0.000ns
    Discrete Jitter          (DJ):    0.000ns
    Phase Error              (PE):    0.000ns

    Location             Delay type                Incr(ns)  Path(ns)    Netlist Resource(s)
  -------------------------------------------------------------------    -------------------
                         (clock wbClk rise edge)      0.000     0.000 r  
    H16                                               0.000     0.000 r  wbClk (IN)
                         net (fo=0)                   0.000     0.000    wbClk
    H16                  IBUF (Prop_ibuf_I_O)         0.219     0.219 r  wbClk_IBUF_inst/O
                         net (fo=1, routed)           0.842     1.060    wbClk_IBUF
    BUFGCTRL_X0Y16       BUFG (Prop_bufg_I_O)         0.026     1.086 r  wbClk_IBUF_BUFG_inst/O
                         net (fo=704, routed)         0.582     1.668    wbClk_IBUF_BUFG
    SLICE_X55Y44         FDRE                                         r  wbOutputData_reg[31]/C
  -------------------------------------------------------------------    -------------------
    SLICE_X55Y44         FDRE (Prop_fdre_C_Q)         0.141     1.809 r  wbOutputData_reg[31]/Q
                         net (fo=1, routed)           1.319     3.128    wbOutputData_OBUF[31]
    W16                  OBUF (Prop_obuf_I_O)         1.254     4.383 r  wbOutputData_OBUF[31]_inst/O
                         net (fo=0)                   0.000     4.383    wbOutputData[31]
    W16                                                               r  wbOutputData[31] (OUT)
  -------------------------------------------------------------------    -------------------

Slack:                    inf
  Source:                 wbOutputData_reg[29]/C
                            (rising edge-triggered cell FDRE clocked by wbClk  {rise@0.000ns fall@5.000ns period=10.000ns})
  Destination:            wbOutputData[29]
                            (output port)
  Path Group:             (none)
  Path Type:              Min at Fast Process Corner
  Data Path Delay:        2.795ns  (logic 1.415ns (50.615%)  route 1.380ns (49.385%))
  Logic Levels:           1  (OBUF=1)
  Clock Uncertainty:      0.025ns  ((TSJ^2 + TIJ^2)^1/2 + DJ) / 2 + PE
    Total System Jitter     (TSJ):    0.050ns
    Total Input Jitter      (TIJ):    0.000ns
    Discrete Jitter          (DJ):    0.000ns
    Phase Error              (PE):    0.000ns

    Location             Delay type                Incr(ns)  Path(ns)    Netlist Resource(s)
  -------------------------------------------------------------------    -------------------
                         (clock wbClk rise edge)      0.000     0.000 r  
    H16                                               0.000     0.000 r  wbClk (IN)
                         net (fo=0)                   0.000     0.000    wbClk
    H16                  IBUF (Prop_ibuf_I_O)         0.219     0.219 r  wbClk_IBUF_inst/O
                         net (fo=1, routed)           0.842     1.060    wbClk_IBUF
    BUFGCTRL_X0Y16       BUFG (Prop_bufg_I_O)         0.026     1.086 r  wbClk_IBUF_BUFG_inst/O
                         net (fo=704, routed)         0.582     1.668    wbClk_IBUF_BUFG
    SLICE_X55Y44         FDRE                                         r  wbOutputData_reg[29]/C
  -------------------------------------------------------------------    -------------------
    SLICE_X55Y44         FDRE (Prop_fdre_C_Q)         0.141     1.809 r  wbOutputData_reg[29]/Q
                         net (fo=1, routed)           1.380     3.190    wbOutputData_OBUF[29]
    Y19                  OBUF (Prop_obuf_I_O)         1.274     4.463 r  wbOutputData_OBUF[29]_inst/O
                         net (fo=0)                   0.000     4.463    wbOutputData[29]
    Y19                                                               r  wbOutputData[29] (OUT)
  -------------------------------------------------------------------    -------------------

Slack:                    inf
  Source:                 wbOutputData_reg[25]/C
                            (rising edge-triggered cell FDRE clocked by wbClk  {rise@0.000ns fall@5.000ns period=10.000ns})
  Destination:            wbOutputData[25]
                            (output port)
  Path Group:             (none)
  Path Type:              Min at Fast Process Corner
  Data Path Delay:        2.804ns  (logic 1.405ns (50.100%)  route 1.399ns (49.900%))
  Logic Levels:           1  (OBUF=1)
  Clock Uncertainty:      0.025ns  ((TSJ^2 + TIJ^2)^1/2 + DJ) / 2 + PE
    Total System Jitter     (TSJ):    0.050ns
    Total Input Jitter      (TIJ):    0.000ns
    Discrete Jitter          (DJ):    0.000ns
    Phase Error              (PE):    0.000ns

    Location             Delay type                Incr(ns)  Path(ns)    Netlist Resource(s)
  -------------------------------------------------------------------    -------------------
                         (clock wbClk rise edge)      0.000     0.000 r  
    H16                                               0.000     0.000 r  wbClk (IN)
                         net (fo=0)                   0.000     0.000    wbClk
    H16                  IBUF (Prop_ibuf_I_O)         0.219     0.219 r  wbClk_IBUF_inst/O
                         net (fo=1, routed)           0.842     1.060    wbClk_IBUF
    BUFGCTRL_X0Y16       BUFG (Prop_bufg_I_O)         0.026     1.086 r  wbClk_IBUF_BUFG_inst/O
                         net (fo=704, routed)         0.582     1.668    wbClk_IBUF_BUFG
    SLICE_X54Y44         FDRE                                         r  wbOutputData_reg[25]/C
  -------------------------------------------------------------------    -------------------
    SLICE_X54Y44         FDRE (Prop_fdre_C_Q)         0.164     1.832 r  wbOutputData_reg[25]/Q
                         net (fo=1, routed)           1.399     3.231    wbOutputData_OBUF[25]
    U20                  OBUF (Prop_obuf_I_O)         1.241     4.472 r  wbOutputData_OBUF[25]_inst/O
                         net (fo=0)                   0.000     4.472    wbOutputData[25]
    U20                                                               r  wbOutputData[25] (OUT)
  -------------------------------------------------------------------    -------------------

Slack:                    inf
  Source:                 wbOutputData_reg[26]/C
                            (rising edge-triggered cell FDRE clocked by wbClk  {rise@0.000ns fall@5.000ns period=10.000ns})
  Destination:            wbOutputData[26]
                            (output port)
  Path Group:             (none)
  Path Type:              Min at Fast Process Corner
  Data Path Delay:        2.838ns  (logic 1.381ns (48.664%)  route 1.457ns (51.336%))
  Logic Levels:           1  (OBUF=1)
  Clock Uncertainty:      0.025ns  ((TSJ^2 + TIJ^2)^1/2 + DJ) / 2 + PE
    Total System Jitter     (TSJ):    0.050ns
    Total Input Jitter      (TIJ):    0.000ns
    Discrete Jitter          (DJ):    0.000ns
    Phase Error              (PE):    0.000ns

    Location             Delay type                Incr(ns)  Path(ns)    Netlist Resource(s)
  -------------------------------------------------------------------    -------------------
                         (clock wbClk rise edge)      0.000     0.000 r  
    H16                                               0.000     0.000 r  wbClk (IN)
                         net (fo=0)                   0.000     0.000    wbClk
    H16                  IBUF (Prop_ibuf_I_O)         0.219     0.219 r  wbClk_IBUF_inst/O
                         net (fo=1, routed)           0.842     1.060    wbClk_IBUF
    BUFGCTRL_X0Y16       BUFG (Prop_bufg_I_O)         0.026     1.086 r  wbClk_IBUF_BUFG_inst/O
                         net (fo=704, routed)         0.581     1.667    wbClk_IBUF_BUFG
    SLICE_X55Y41         FDRE                                         r  wbOutputData_reg[26]/C
  -------------------------------------------------------------------    -------------------
    SLICE_X55Y41         FDRE (Prop_fdre_C_Q)         0.141     1.808 r  wbOutputData_reg[26]/Q
                         net (fo=1, routed)           1.457     3.265    wbOutputData_OBUF[26]
    T20                  OBUF (Prop_obuf_I_O)         1.240     4.505 r  wbOutputData_OBUF[26]_inst/O
                         net (fo=0)                   0.000     4.505    wbOutputData[26]
    T20                                                               r  wbOutputData[26] (OUT)
  -------------------------------------------------------------------    -------------------

Slack:                    inf
  Source:                 wbOutputData_reg[27]/C
                            (rising edge-triggered cell FDRE clocked by wbClk  {rise@0.000ns fall@5.000ns period=10.000ns})
  Destination:            wbOutputData[27]
                            (output port)
  Path Group:             (none)
  Path Type:              Min at Fast Process Corner
  Data Path Delay:        2.855ns  (logic 1.448ns (50.714%)  route 1.407ns (49.286%))
  Logic Levels:           1  (OBUF=1)
  Clock Uncertainty:      0.025ns  ((TSJ^2 + TIJ^2)^1/2 + DJ) / 2 + PE
    Total System Jitter     (TSJ):    0.050ns
    Total Input Jitter      (TIJ):    0.000ns
    Discrete Jitter          (DJ):    0.000ns
    Phase Error              (PE):    0.000ns

    Location             Delay type                Incr(ns)  Path(ns)    Netlist Resource(s)
  -------------------------------------------------------------------    -------------------
                         (clock wbClk rise edge)      0.000     0.000 r  
    H16                                               0.000     0.000 r  wbClk (IN)
                         net (fo=0)                   0.000     0.000    wbClk
    H16                  IBUF (Prop_ibuf_I_O)         0.219     0.219 r  wbClk_IBUF_inst/O
                         net (fo=1, routed)           0.842     1.060    wbClk_IBUF
    BUFGCTRL_X0Y16       BUFG (Prop_bufg_I_O)         0.026     1.086 r  wbClk_IBUF_BUFG_inst/O
                         net (fo=704, routed)         0.582     1.668    wbClk_IBUF_BUFG
    SLICE_X54Y44         FDRE                                         r  wbOutputData_reg[27]/C
  -------------------------------------------------------------------    -------------------
    SLICE_X54Y44         FDRE (Prop_fdre_C_Q)         0.164     1.832 r  wbOutputData_reg[27]/Q
                         net (fo=1, routed)           1.407     3.239    wbOutputData_OBUF[27]
    W20                  OBUF (Prop_obuf_I_O)         1.284     4.523 r  wbOutputData_OBUF[27]_inst/O
                         net (fo=0)                   0.000     4.523    wbOutputData[27]
    W20                                                               r  wbOutputData[27] (OUT)
  -------------------------------------------------------------------    -------------------

Slack:                    inf
  Source:                 wbOutputData_reg[23]/C
                            (rising edge-triggered cell FDRE clocked by wbClk  {rise@0.000ns fall@5.000ns period=10.000ns})
  Destination:            wbOutputData[23]
                            (output port)
  Path Group:             (none)
  Path Type:              Min at Fast Process Corner
  Data Path Delay:        2.862ns  (logic 1.383ns (48.302%)  route 1.480ns (51.698%))
  Logic Levels:           1  (OBUF=1)
  Clock Uncertainty:      0.025ns  ((TSJ^2 + TIJ^2)^1/2 + DJ) / 2 + PE
    Total System Jitter     (TSJ):    0.050ns
    Total Input Jitter      (TIJ):    0.000ns
    Discrete Jitter          (DJ):    0.000ns
    Phase Error              (PE):    0.000ns

    Location             Delay type                Incr(ns)  Path(ns)    Netlist Resource(s)
  -------------------------------------------------------------------    -------------------
                         (clock wbClk rise edge)      0.000     0.000 r  
    H16                                               0.000     0.000 r  wbClk (IN)
                         net (fo=0)                   0.000     0.000    wbClk
    H16                  IBUF (Prop_ibuf_I_O)         0.219     0.219 r  wbClk_IBUF_inst/O
                         net (fo=1, routed)           0.842     1.060    wbClk_IBUF
    BUFGCTRL_X0Y16       BUFG (Prop_bufg_I_O)         0.026     1.086 r  wbClk_IBUF_BUFG_inst/O
                         net (fo=704, routed)         0.582     1.668    wbClk_IBUF_BUFG
    SLICE_X54Y43         FDRE                                         r  wbOutputData_reg[23]/C
  -------------------------------------------------------------------    -------------------
    SLICE_X54Y43         FDRE (Prop_fdre_C_Q)         0.164     1.832 r  wbOutputData_reg[23]/Q
                         net (fo=1, routed)           1.480     3.312    wbOutputData_OBUF[23]
    P20                  OBUF (Prop_obuf_I_O)         1.219     4.530 r  wbOutputData_OBUF[23]_inst/O
                         net (fo=0)                   0.000     4.530    wbOutputData[23]
    P20                                                               r  wbOutputData[23] (OUT)
  -------------------------------------------------------------------    -------------------

Slack:                    inf
  Source:                 wbOutputData_reg[21]/C
                            (rising edge-triggered cell FDRE clocked by wbClk  {rise@0.000ns fall@5.000ns period=10.000ns})
  Destination:            wbOutputData[21]
                            (output port)
  Path Group:             (none)
  Path Type:              Min at Fast Process Corner
  Data Path Delay:        2.866ns  (logic 1.396ns (48.708%)  route 1.470ns (51.292%))
  Logic Levels:           1  (OBUF=1)
  Clock Uncertainty:      0.025ns  ((TSJ^2 + TIJ^2)^1/2 + DJ) / 2 + PE
    Total System Jitter     (TSJ):    0.050ns
    Total Input Jitter      (TIJ):    0.000ns
    Discrete Jitter          (DJ):    0.000ns
    Phase Error              (PE):    0.000ns

    Location             Delay type                Incr(ns)  Path(ns)    Netlist Resource(s)
  -------------------------------------------------------------------    -------------------
                         (clock wbClk rise edge)      0.000     0.000 r  
    H16                                               0.000     0.000 r  wbClk (IN)
                         net (fo=0)                   0.000     0.000    wbClk
    H16                  IBUF (Prop_ibuf_I_O)         0.219     0.219 r  wbClk_IBUF_inst/O
                         net (fo=1, routed)           0.842     1.060    wbClk_IBUF
    BUFGCTRL_X0Y16       BUFG (Prop_bufg_I_O)         0.026     1.086 r  wbClk_IBUF_BUFG_inst/O
                         net (fo=704, routed)         0.582     1.668    wbClk_IBUF_BUFG
    SLICE_X54Y43         FDRE                                         r  wbOutputData_reg[21]/C
  -------------------------------------------------------------------    -------------------
    SLICE_X54Y43         FDRE (Prop_fdre_C_Q)         0.164     1.832 r  wbOutputData_reg[21]/Q
                         net (fo=1, routed)           1.470     3.302    wbOutputData_OBUF[21]
    P19                  OBUF (Prop_obuf_I_O)         1.232     4.534 r  wbOutputData_OBUF[21]_inst/O
                         net (fo=0)                   0.000     4.534    wbOutputData[21]
    P19                                                               r  wbOutputData[21] (OUT)
  -------------------------------------------------------------------    -------------------

Slack:                    inf
  Source:                 wbOutputData_reg[24]/C
                            (rising edge-triggered cell FDRE clocked by wbClk  {rise@0.000ns fall@5.000ns period=10.000ns})
  Destination:            wbOutputData[24]
                            (output port)
  Path Group:             (none)
  Path Type:              Min at Fast Process Corner
  Data Path Delay:        2.866ns  (logic 1.351ns (47.152%)  route 1.515ns (52.848%))
  Logic Levels:           1  (OBUF=1)
  Clock Uncertainty:      0.025ns  ((TSJ^2 + TIJ^2)^1/2 + DJ) / 2 + PE
    Total System Jitter     (TSJ):    0.050ns
    Total Input Jitter      (TIJ):    0.000ns
    Discrete Jitter          (DJ):    0.000ns
    Phase Error              (PE):    0.000ns

    Location             Delay type                Incr(ns)  Path(ns)    Netlist Resource(s)
  -------------------------------------------------------------------    -------------------
                         (clock wbClk rise edge)      0.000     0.000 r  
    H16                                               0.000     0.000 r  wbClk (IN)
                         net (fo=0)                   0.000     0.000    wbClk
    H16                  IBUF (Prop_ibuf_I_O)         0.219     0.219 r  wbClk_IBUF_inst/O
                         net (fo=1, routed)           0.842     1.060    wbClk_IBUF
    BUFGCTRL_X0Y16       BUFG (Prop_bufg_I_O)         0.026     1.086 r  wbClk_IBUF_BUFG_inst/O
                         net (fo=704, routed)         0.582     1.668    wbClk_IBUF_BUFG
    SLICE_X57Y41         FDRE                                         r  wbOutputData_reg[24]/C
  -------------------------------------------------------------------    -------------------
    SLICE_X57Y41         FDRE (Prop_fdre_C_Q)         0.141     1.809 r  wbOutputData_reg[24]/Q
                         net (fo=1, routed)           1.515     3.324    wbOutputData_OBUF[24]
    N20                  OBUF (Prop_obuf_I_O)         1.210     4.534 r  wbOutputData_OBUF[24]_inst/O
                         net (fo=0)                   0.000     4.534    wbOutputData[24]
    N20                                                               r  wbOutputData[24] (OUT)
  -------------------------------------------------------------------    -------------------

Slack:                    inf
  Source:                 wbOutputData_reg[30]/C
                            (rising edge-triggered cell FDRE clocked by wbClk  {rise@0.000ns fall@5.000ns period=10.000ns})
  Destination:            wbOutputData[30]
                            (output port)
  Path Group:             (none)
  Path Type:              Min at Fast Process Corner
  Data Path Delay:        2.874ns  (logic 1.421ns (49.443%)  route 1.453ns (50.557%))
  Logic Levels:           1  (OBUF=1)
  Clock Uncertainty:      0.025ns  ((TSJ^2 + TIJ^2)^1/2 + DJ) / 2 + PE
    Total System Jitter     (TSJ):    0.050ns
    Total Input Jitter      (TIJ):    0.000ns
    Discrete Jitter          (DJ):    0.000ns
    Phase Error              (PE):    0.000ns

    Location             Delay type                Incr(ns)  Path(ns)    Netlist Resource(s)
  -------------------------------------------------------------------    -------------------
                         (clock wbClk rise edge)      0.000     0.000 r  
    H16                                               0.000     0.000 r  wbClk (IN)
                         net (fo=0)                   0.000     0.000    wbClk
    H16                  IBUF (Prop_ibuf_I_O)         0.219     0.219 r  wbClk_IBUF_inst/O
                         net (fo=1, routed)           0.842     1.060    wbClk_IBUF
    BUFGCTRL_X0Y16       BUFG (Prop_bufg_I_O)         0.026     1.086 r  wbClk_IBUF_BUFG_inst/O
                         net (fo=704, routed)         0.581     1.667    wbClk_IBUF_BUFG
    SLICE_X55Y42         FDRE                                         r  wbOutputData_reg[30]/C
  -------------------------------------------------------------------    -------------------
    SLICE_X55Y42         FDRE (Prop_fdre_C_Q)         0.141     1.808 r  wbOutputData_reg[30]/Q
                         net (fo=1, routed)           1.453     3.261    wbOutputData_OBUF[30]
    Y18                  OBUF (Prop_obuf_I_O)         1.280     4.541 r  wbOutputData_OBUF[30]_inst/O
                         net (fo=0)                   0.000     4.541    wbOutputData[30]
    Y18                                                               r  wbOutputData[30] (OUT)
  -------------------------------------------------------------------    -------------------





--------------------------------------------------------------------------------------
Path Group:  (none)
From Clock:  
  To Clock:  bftClk

Max Delay           667 Endpoints
Min Delay           667 Endpoints
--------------------------------------------------------------------------------------


Max Delay Paths
--------------------------------------------------------------------------------------
Slack:                    inf
  Source:                 reset
                            (input port)
  Destination:            ingressLoop[2].ingressFifo/buffer_fifo/infer_fifo.block_ram_performance.fifo_ram_reg/ENBWREN
                            (rising edge-triggered cell RAMB36E1 clocked by bftClk  {rise@0.000ns fall@2.500ns period=5.000ns})
  Path Group:             (none)
  Path Type:              Setup (Max at Slow Process Corner)
  Data Path Delay:        16.718ns  (logic 1.694ns (10.134%)  route 15.024ns (89.866%))
  Logic Levels:           2  (IBUF=1 LUT3=1)
  Clock Path Skew:        6.153ns (DCD - SCD + CPR)
    Destination Clock Delay (DCD):    6.153ns
    Source Clock Delay      (SCD):    0.000ns
    Clock Pessimism Removal (CPR):    0.000ns
  Clock Uncertainty:      0.025ns  ((TSJ^2 + TIJ^2)^1/2 + DJ) / 2 + PE
    Total System Jitter     (TSJ):    0.050ns
    Total Input Jitter      (TIJ):    0.000ns
    Discrete Jitter          (DJ):    0.000ns
    Phase Error              (PE):    0.000ns

    Location             Delay type                Incr(ns)  Path(ns)    Netlist Resource(s)
  -------------------------------------------------------------------    -------------------
    M20                                               0.000     0.000 r  reset (IN)
                         net (fo=0)                   0.000     0.000    reset
    M20                  IBUF (Prop_ibuf_I_O)         1.542     1.542 r  reset_IBUF_inst/O
                         net (fo=1331, routed)       14.098    15.640    ingressLoop[2].ingressFifo/buffer_fifo/reset_IBUF
    SLICE_X33Y68         LUT3 (Prop_lut3_I0_O)        0.152    15.792 r  ingressLoop[2].ingressFifo/buffer_fifo/infer_fifo.block_ram_performance.fifo_ram_reg_i_2__1/O
                         net (fo=1, routed)           0.926    16.718    ingressLoop[2].ingressFifo/buffer_fifo/infer_fifo.block_ram_performance.fifo_ram_reg_i_2__1_n_0
    RAMB36_X2Y14         RAMB36E1                                     r  ingressLoop[2].ingressFifo/buffer_fifo/infer_fifo.block_ram_performance.fifo_ram_reg/ENBWREN
  -------------------------------------------------------------------    -------------------

                         (clock bftClk rise edge)     0.000     0.000 r  
    H15                                               0.000     0.000 r  bftClk (IN)
                         net (fo=0)                   0.000     0.000    bftClk
    H15                  IBUF (Prop_ibuf_I_O)         1.430     1.430 r  bftClk_IBUF_inst/O
                         net (fo=1, routed)           3.120     4.550    bftClk_IBUF
    BUFGCTRL_X0Y0        BUFG (Prop_bufg_I_O)         0.091     4.641 r  bftClk_IBUF_BUFG_inst/O
                         net (fo=730, routed)         1.512     6.153    ingressLoop[2].ingressFifo/buffer_fifo/clk
    RAMB36_X2Y14         RAMB36E1                                     r  ingressLoop[2].ingressFifo/buffer_fifo/infer_fifo.block_ram_performance.fifo_ram_reg/CLKBWRCLK

Slack:                    inf
  Source:                 reset
                            (input port)
  Destination:            ingressLoop[2].ingressFifo/buffer_fifo/infer_fifo.block_ram_performance.fifo_ram_reg/RSTRAMB
                            (rising edge-triggered cell RAMB36E1 clocked by bftClk  {rise@0.000ns fall@2.500ns period=5.000ns})
  Path Group:             (none)
  Path Type:              Setup (Max at Slow Process Corner)
  Data Path Delay:        15.994ns  (logic 1.542ns (9.643%)  route 14.451ns (90.357%))
  Logic Levels:           1  (IBUF=1)
  Clock Path Skew:        6.153ns (DCD - SCD + CPR)
    Destination Clock Delay (DCD):    6.153ns
    Source Clock Delay      (SCD):    0.000ns
    Clock Pessimism Removal (CPR):    0.000ns
  Clock Uncertainty:      0.025ns  ((TSJ^2 + TIJ^2)^1/2 + DJ) / 2 + PE
    Total System Jitter     (TSJ):    0.050ns
    Total Input Jitter      (TIJ):    0.000ns
    Discrete Jitter          (DJ):    0.000ns
    Phase Error              (PE):    0.000ns

    Location             Delay type                Incr(ns)  Path(ns)    Netlist Resource(s)
  -------------------------------------------------------------------    -------------------
    M20                                               0.000     0.000 r  reset (IN)
                         net (fo=0)                   0.000     0.000    reset
    M20                  IBUF (Prop_ibuf_I_O)         1.542     1.542 r  reset_IBUF_inst/O
                         net (fo=1331, routed)       14.451    15.994    ingressLoop[2].ingressFifo/buffer_fifo/reset_IBUF
    RAMB36_X2Y14         RAMB36E1                                     r  ingressLoop[2].ingressFifo/buffer_fifo/infer_fifo.block_ram_performance.fifo_ram_reg/RSTRAMB
  -------------------------------------------------------------------    -------------------

                         (clock bftClk rise edge)     0.000     0.000 r  
    H15                                               0.000     0.000 r  bftClk (IN)
                         net (fo=0)                   0.000     0.000    bftClk
    H15                  IBUF (Prop_ibuf_I_O)         1.430     1.430 r  bftClk_IBUF_inst/O
                         net (fo=1, routed)           3.120     4.550    bftClk_IBUF
    BUFGCTRL_X0Y0        BUFG (Prop_bufg_I_O)         0.091     4.641 r  bftClk_IBUF_BUFG_inst/O
                         net (fo=730, routed)         1.512     6.153    ingressLoop[2].ingressFifo/buffer_fifo/clk
    RAMB36_X2Y14         RAMB36E1                                     r  ingressLoop[2].ingressFifo/buffer_fifo/infer_fifo.block_ram_performance.fifo_ram_reg/CLKBWRCLK

Slack:                    inf
  Source:                 reset
                            (input port)
  Destination:            ingressLoop[3].ingressFifo/buffer_fifo/infer_fifo.block_ram_performance.fifo_ram_reg/ENBWREN
                            (rising edge-triggered cell RAMB36E1 clocked by bftClk  {rise@0.000ns fall@2.500ns period=5.000ns})
  Path Group:             (none)
  Path Type:              Setup (Max at Slow Process Corner)
  Data Path Delay:        15.516ns  (logic 1.694ns (10.919%)  route 13.822ns (89.081%))
  Logic Levels:           2  (IBUF=1 LUT3=1)
  Clock Path Skew:        6.158ns (DCD - SCD + CPR)
    Destination Clock Delay (DCD):    6.158ns
    Source Clock Delay      (SCD):    0.000ns
    Clock Pessimism Removal (CPR):    0.000ns
  Clock Uncertainty:      0.025ns  ((TSJ^2 + TIJ^2)^1/2 + DJ) / 2 + PE
    Total System Jitter     (TSJ):    0.050ns
    Total Input Jitter      (TIJ):    0.000ns
    Discrete Jitter          (DJ):    0.000ns
    Phase Error              (PE):    0.000ns

    Location             Delay type                Incr(ns)  Path(ns)    Netlist Resource(s)
  -------------------------------------------------------------------    -------------------
    M20                                               0.000     0.000 r  reset (IN)
                         net (fo=0)                   0.000     0.000    reset
    M20                  IBUF (Prop_ibuf_I_O)         1.542     1.542 r  reset_IBUF_inst/O
                         net (fo=1331, routed)       13.103    14.646    ingressLoop[3].ingressFifo/buffer_fifo/reset_IBUF
    SLICE_X36Y64         LUT3 (Prop_lut3_I0_O)        0.152    14.798 r  ingressLoop[3].ingressFifo/buffer_fifo/infer_fifo.block_ram_performance.fifo_ram_reg_i_2__2/O
                         net (fo=1, routed)           0.718    15.516    ingressLoop[3].ingressFifo/buffer_fifo/infer_fifo.block_ram_performance.fifo_ram_reg_i_2__2_n_0
    RAMB36_X2Y13         RAMB36E1                                     r  ingressLoop[3].ingressFifo/buffer_fifo/infer_fifo.block_ram_performance.fifo_ram_reg/ENBWREN
  -------------------------------------------------------------------    -------------------

                         (clock bftClk rise edge)     0.000     0.000 r  
    H15                                               0.000     0.000 r  bftClk (IN)
                         net (fo=0)                   0.000     0.000    bftClk
    H15                  IBUF (Prop_ibuf_I_O)         1.430     1.430 r  bftClk_IBUF_inst/O
                         net (fo=1, routed)           3.120     4.550    bftClk_IBUF
    BUFGCTRL_X0Y0        BUFG (Prop_bufg_I_O)         0.091     4.641 r  bftClk_IBUF_BUFG_inst/O
                         net (fo=730, routed)         1.517     6.158    ingressLoop[3].ingressFifo/buffer_fifo/clk
    RAMB36_X2Y13         RAMB36E1                                     r  ingressLoop[3].ingressFifo/buffer_fifo/infer_fifo.block_ram_performance.fifo_ram_reg/CLKBWRCLK

Slack:                    inf
  Source:                 reset
                            (input port)
  Destination:            ingressLoop[2].ingressFifo/buffer_fifo/infer_fifo.next_rd_addr_reg[1]/CLR
                            (recovery check against rising-edge clock bftClk  {rise@0.000ns fall@2.500ns period=5.000ns})
  Path Group:             (none)
  Path Type:              Recovery (Max at Slow Process Corner)
  Data Path Delay:        15.504ns  (logic 1.542ns (9.948%)  route 13.962ns (90.052%))
  Logic Levels:           1  (IBUF=1)
  Clock Path Skew:        6.112ns (DCD - SCD + CPR)
    Destination Clock Delay (DCD):    6.112ns
    Source Clock Delay      (SCD):    0.000ns
    Clock Pessimism Removal (CPR):    0.000ns
  Clock Uncertainty:      0.025ns  ((TSJ^2 + TIJ^2)^1/2 + DJ) / 2 + PE
    Total System Jitter     (TSJ):    0.050ns
    Total Input Jitter      (TIJ):    0.000ns
    Discrete Jitter          (DJ):    0.000ns
    Phase Error              (PE):    0.000ns

    Location             Delay type                Incr(ns)  Path(ns)    Netlist Resource(s)
  -------------------------------------------------------------------    -------------------
    M20                                               0.000     0.000 f  reset (IN)
                         net (fo=0)                   0.000     0.000    reset
    M20                  IBUF (Prop_ibuf_I_O)         1.542     1.542 f  reset_IBUF_inst/O
                         net (fo=1331, routed)       13.962    15.504    ingressLoop[2].ingressFifo/buffer_fifo/reset_IBUF
    SLICE_X35Y69         FDCE                                         f  ingressLoop[2].ingressFifo/buffer_fifo/infer_fifo.next_rd_addr_reg[1]/CLR
  -------------------------------------------------------------------    -------------------

                         (clock bftClk rise edge)     0.000     0.000 r  
    H15                                               0.000     0.000 r  bftClk (IN)
                         net (fo=0)                   0.000     0.000    bftClk
    H15                  IBUF (Prop_ibuf_I_O)         1.430     1.430 r  bftClk_IBUF_inst/O
                         net (fo=1, routed)           3.120     4.550    bftClk_IBUF
    BUFGCTRL_X0Y0        BUFG (Prop_bufg_I_O)         0.091     4.641 r  bftClk_IBUF_BUFG_inst/O
                         net (fo=730, routed)         1.472     6.112    ingressLoop[2].ingressFifo/buffer_fifo/clk
    SLICE_X35Y69         FDCE                                         r  ingressLoop[2].ingressFifo/buffer_fifo/infer_fifo.next_rd_addr_reg[1]/C

Slack:                    inf
  Source:                 reset
                            (input port)
  Destination:            ingressLoop[2].ingressFifo/buffer_fifo/infer_fifo.next_rd_addr_reg[2]/CLR
                            (recovery check against rising-edge clock bftClk  {rise@0.000ns fall@2.500ns period=5.000ns})
  Path Group:             (none)
  Path Type:              Recovery (Max at Slow Process Corner)
  Data Path Delay:        15.504ns  (logic 1.542ns (9.948%)  route 13.962ns (90.052%))
  Logic Levels:           1  (IBUF=1)
  Clock Path Skew:        6.112ns (DCD - SCD + CPR)
    Destination Clock Delay (DCD):    6.112ns
    Source Clock Delay      (SCD):    0.000ns
    Clock Pessimism Removal (CPR):    0.000ns
  Clock Uncertainty:      0.025ns  ((TSJ^2 + TIJ^2)^1/2 + DJ) / 2 + PE
    Total System Jitter     (TSJ):    0.050ns
    Total Input Jitter      (TIJ):    0.000ns
    Discrete Jitter          (DJ):    0.000ns
    Phase Error              (PE):    0.000ns

    Location             Delay type                Incr(ns)  Path(ns)    Netlist Resource(s)
  -------------------------------------------------------------------    -------------------
    M20                                               0.000     0.000 f  reset (IN)
                         net (fo=0)                   0.000     0.000    reset
    M20                  IBUF (Prop_ibuf_I_O)         1.542     1.542 f  reset_IBUF_inst/O
                         net (fo=1331, routed)       13.962    15.504    ingressLoop[2].ingressFifo/buffer_fifo/reset_IBUF
    SLICE_X35Y69         FDCE                                         f  ingressLoop[2].ingressFifo/buffer_fifo/infer_fifo.next_rd_addr_reg[2]/CLR
  -------------------------------------------------------------------    -------------------

                         (clock bftClk rise edge)     0.000     0.000 r  
    H15                                               0.000     0.000 r  bftClk (IN)
                         net (fo=0)                   0.000     0.000    bftClk
    H15                  IBUF (Prop_ibuf_I_O)         1.430     1.430 r  bftClk_IBUF_inst/O
                         net (fo=1, routed)           3.120     4.550    bftClk_IBUF
    BUFGCTRL_X0Y0        BUFG (Prop_bufg_I_O)         0.091     4.641 r  bftClk_IBUF_BUFG_inst/O
                         net (fo=730, routed)         1.472     6.112    ingressLoop[2].ingressFifo/buffer_fifo/clk
    SLICE_X35Y69         FDCE                                         r  ingressLoop[2].ingressFifo/buffer_fifo/infer_fifo.next_rd_addr_reg[2]/C

Slack:                    inf
  Source:                 reset
                            (input port)
  Destination:            ingressLoop[2].ingressFifo/buffer_fifo/infer_fifo.next_rd_addr_reg[6]/CLR
                            (recovery check against rising-edge clock bftClk  {rise@0.000ns fall@2.500ns period=5.000ns})
  Path Group:             (none)
  Path Type:              Recovery (Max at Slow Process Corner)
  Data Path Delay:        15.504ns  (logic 1.542ns (9.948%)  route 13.962ns (90.052%))
  Logic Levels:           1  (IBUF=1)
  Clock Path Skew:        6.112ns (DCD - SCD + CPR)
    Destination Clock Delay (DCD):    6.112ns
    Source Clock Delay      (SCD):    0.000ns
    Clock Pessimism Removal (CPR):    0.000ns
  Clock Uncertainty:      0.025ns  ((TSJ^2 + TIJ^2)^1/2 + DJ) / 2 + PE
    Total System Jitter     (TSJ):    0.050ns
    Total Input Jitter      (TIJ):    0.000ns
    Discrete Jitter          (DJ):    0.000ns
    Phase Error              (PE):    0.000ns

    Location             Delay type                Incr(ns)  Path(ns)    Netlist Resource(s)
  -------------------------------------------------------------------    -------------------
    M20                                               0.000     0.000 f  reset (IN)
                         net (fo=0)                   0.000     0.000    reset
    M20                  IBUF (Prop_ibuf_I_O)         1.542     1.542 f  reset_IBUF_inst/O
                         net (fo=1331, routed)       13.962    15.504    ingressLoop[2].ingressFifo/buffer_fifo/reset_IBUF
    SLICE_X35Y69         FDCE                                         f  ingressLoop[2].ingressFifo/buffer_fifo/infer_fifo.next_rd_addr_reg[6]/CLR
  -------------------------------------------------------------------    -------------------

                         (clock bftClk rise edge)     0.000     0.000 r  
    H15                                               0.000     0.000 r  bftClk (IN)
                         net (fo=0)                   0.000     0.000    bftClk
    H15                  IBUF (Prop_ibuf_I_O)         1.430     1.430 r  bftClk_IBUF_inst/O
                         net (fo=1, routed)           3.120     4.550    bftClk_IBUF
    BUFGCTRL_X0Y0        BUFG (Prop_bufg_I_O)         0.091     4.641 r  bftClk_IBUF_BUFG_inst/O
                         net (fo=730, routed)         1.472     6.112    ingressLoop[2].ingressFifo/buffer_fifo/clk
    SLICE_X35Y69         FDCE                                         r  ingressLoop[2].ingressFifo/buffer_fifo/infer_fifo.next_rd_addr_reg[6]/C

Slack:                    inf
  Source:                 reset
                            (input port)
  Destination:            ingressLoop[2].ingressFifo/buffer_fifo/infer_fifo.next_rd_addr_reg[9]/CLR
                            (recovery check against rising-edge clock bftClk  {rise@0.000ns fall@2.500ns period=5.000ns})
  Path Group:             (none)
  Path Type:              Recovery (Max at Slow Process Corner)
  Data Path Delay:        15.504ns  (logic 1.542ns (9.948%)  route 13.962ns (90.052%))
  Logic Levels:           1  (IBUF=1)
  Clock Path Skew:        6.112ns (DCD - SCD + CPR)
    Destination Clock Delay (DCD):    6.112ns
    Source Clock Delay      (SCD):    0.000ns
    Clock Pessimism Removal (CPR):    0.000ns
  Clock Uncertainty:      0.025ns  ((TSJ^2 + TIJ^2)^1/2 + DJ) / 2 + PE
    Total System Jitter     (TSJ):    0.050ns
    Total Input Jitter      (TIJ):    0.000ns
    Discrete Jitter          (DJ):    0.000ns
    Phase Error              (PE):    0.000ns

    Location             Delay type                Incr(ns)  Path(ns)    Netlist Resource(s)
  -------------------------------------------------------------------    -------------------
    M20                                               0.000     0.000 f  reset (IN)
                         net (fo=0)                   0.000     0.000    reset
    M20                  IBUF (Prop_ibuf_I_O)         1.542     1.542 f  reset_IBUF_inst/O
                         net (fo=1331, routed)       13.962    15.504    ingressLoop[2].ingressFifo/buffer_fifo/reset_IBUF
    SLICE_X35Y69         FDCE                                         f  ingressLoop[2].ingressFifo/buffer_fifo/infer_fifo.next_rd_addr_reg[9]/CLR
  -------------------------------------------------------------------    -------------------

                         (clock bftClk rise edge)     0.000     0.000 r  
    H15                                               0.000     0.000 r  bftClk (IN)
                         net (fo=0)                   0.000     0.000    bftClk
    H15                  IBUF (Prop_ibuf_I_O)         1.430     1.430 r  bftClk_IBUF_inst/O
                         net (fo=1, routed)           3.120     4.550    bftClk_IBUF
    BUFGCTRL_X0Y0        BUFG (Prop_bufg_I_O)         0.091     4.641 r  bftClk_IBUF_BUFG_inst/O
                         net (fo=730, routed)         1.472     6.112    ingressLoop[2].ingressFifo/buffer_fifo/clk
    SLICE_X35Y69         FDCE                                         r  ingressLoop[2].ingressFifo/buffer_fifo/infer_fifo.next_rd_addr_reg[9]/C

Slack:                    inf
  Source:                 reset
                            (input port)
  Destination:            ingressLoop[2].ingressFifo/buffer_fifo/infer_fifo.rd_addr_reg[0]/CLR
                            (recovery check against rising-edge clock bftClk  {rise@0.000ns fall@2.500ns period=5.000ns})
  Path Group:             (none)
  Path Type:              Recovery (Max at Slow Process Corner)
  Data Path Delay:        15.504ns  (logic 1.542ns (9.948%)  route 13.962ns (90.052%))
  Logic Levels:           1  (IBUF=1)
  Clock Path Skew:        6.112ns (DCD - SCD + CPR)
    Destination Clock Delay (DCD):    6.112ns
    Source Clock Delay      (SCD):    0.000ns
    Clock Pessimism Removal (CPR):    0.000ns
  Clock Uncertainty:      0.025ns  ((TSJ^2 + TIJ^2)^1/2 + DJ) / 2 + PE
    Total System Jitter     (TSJ):    0.050ns
    Total Input Jitter      (TIJ):    0.000ns
    Discrete Jitter          (DJ):    0.000ns
    Phase Error              (PE):    0.000ns

    Location             Delay type                Incr(ns)  Path(ns)    Netlist Resource(s)
  -------------------------------------------------------------------    -------------------
    M20                                               0.000     0.000 f  reset (IN)
                         net (fo=0)                   0.000     0.000    reset
    M20                  IBUF (Prop_ibuf_I_O)         1.542     1.542 f  reset_IBUF_inst/O
                         net (fo=1331, routed)       13.962    15.504    ingressLoop[2].ingressFifo/buffer_fifo/reset_IBUF
    SLICE_X34Y69         FDCE                                         f  ingressLoop[2].ingressFifo/buffer_fifo/infer_fifo.rd_addr_reg[0]/CLR
  -------------------------------------------------------------------    -------------------

                         (clock bftClk rise edge)     0.000     0.000 r  
    H15                                               0.000     0.000 r  bftClk (IN)
                         net (fo=0)                   0.000     0.000    bftClk
    H15                  IBUF (Prop_ibuf_I_O)         1.430     1.430 r  bftClk_IBUF_inst/O
                         net (fo=1, routed)           3.120     4.550    bftClk_IBUF
    BUFGCTRL_X0Y0        BUFG (Prop_bufg_I_O)         0.091     4.641 r  bftClk_IBUF_BUFG_inst/O
                         net (fo=730, routed)         1.472     6.112    ingressLoop[2].ingressFifo/buffer_fifo/clk
    SLICE_X34Y69         FDCE                                         r  ingressLoop[2].ingressFifo/buffer_fifo/infer_fifo.rd_addr_reg[0]/C

Slack:                    inf
  Source:                 reset
                            (input port)
  Destination:            ingressLoop[2].ingressFifo/buffer_fifo/infer_fifo.rd_addr_reg[1]/CLR
                            (recovery check against rising-edge clock bftClk  {rise@0.000ns fall@2.500ns period=5.000ns})
  Path Group:             (none)
  Path Type:              Recovery (Max at Slow Process Corner)
  Data Path Delay:        15.504ns  (logic 1.542ns (9.948%)  route 13.962ns (90.052%))
  Logic Levels:           1  (IBUF=1)
  Clock Path Skew:        6.112ns (DCD - SCD + CPR)
    Destination Clock Delay (DCD):    6.112ns
    Source Clock Delay      (SCD):    0.000ns
    Clock Pessimism Removal (CPR):    0.000ns
  Clock Uncertainty:      0.025ns  ((TSJ^2 + TIJ^2)^1/2 + DJ) / 2 + PE
    Total System Jitter     (TSJ):    0.050ns
    Total Input Jitter      (TIJ):    0.000ns
    Discrete Jitter          (DJ):    0.000ns
    Phase Error              (PE):    0.000ns

    Location             Delay type                Incr(ns)  Path(ns)    Netlist Resource(s)
  -------------------------------------------------------------------    -------------------
    M20                                               0.000     0.000 f  reset (IN)
                         net (fo=0)                   0.000     0.000    reset
    M20                  IBUF (Prop_ibuf_I_O)         1.542     1.542 f  reset_IBUF_inst/O
                         net (fo=1331, routed)       13.962    15.504    ingressLoop[2].ingressFifo/buffer_fifo/reset_IBUF
    SLICE_X34Y69         FDCE                                         f  ingressLoop[2].ingressFifo/buffer_fifo/infer_fifo.rd_addr_reg[1]/CLR
  -------------------------------------------------------------------    -------------------

                         (clock bftClk rise edge)     0.000     0.000 r  
    H15                                               0.000     0.000 r  bftClk (IN)
                         net (fo=0)                   0.000     0.000    bftClk
    H15                  IBUF (Prop_ibuf_I_O)         1.430     1.430 r  bftClk_IBUF_inst/O
                         net (fo=1, routed)           3.120     4.550    bftClk_IBUF
    BUFGCTRL_X0Y0        BUFG (Prop_bufg_I_O)         0.091     4.641 r  bftClk_IBUF_BUFG_inst/O
                         net (fo=730, routed)         1.472     6.112    ingressLoop[2].ingressFifo/buffer_fifo/clk
    SLICE_X34Y69         FDCE                                         r  ingressLoop[2].ingressFifo/buffer_fifo/infer_fifo.rd_addr_reg[1]/C

Slack:                    inf
  Source:                 reset
                            (input port)
  Destination:            ingressLoop[2].ingressFifo/buffer_fifo/infer_fifo.rd_addr_reg[2]/CLR
                            (recovery check against rising-edge clock bftClk  {rise@0.000ns fall@2.500ns period=5.000ns})
  Path Group:             (none)
  Path Type:              Recovery (Max at Slow Process Corner)
  Data Path Delay:        15.504ns  (logic 1.542ns (9.948%)  route 13.962ns (90.052%))
  Logic Levels:           1  (IBUF=1)
  Clock Path Skew:        6.112ns (DCD - SCD + CPR)
    Destination Clock Delay (DCD):    6.112ns
    Source Clock Delay      (SCD):    0.000ns
    Clock Pessimism Removal (CPR):    0.000ns
  Clock Uncertainty:      0.025ns  ((TSJ^2 + TIJ^2)^1/2 + DJ) / 2 + PE
    Total System Jitter     (TSJ):    0.050ns
    Total Input Jitter      (TIJ):    0.000ns
    Discrete Jitter          (DJ):    0.000ns
    Phase Error              (PE):    0.000ns

    Location             Delay type                Incr(ns)  Path(ns)    Netlist Resource(s)
  -------------------------------------------------------------------    -------------------
    M20                                               0.000     0.000 f  reset (IN)
                         net (fo=0)                   0.000     0.000    reset
    M20                  IBUF (Prop_ibuf_I_O)         1.542     1.542 f  reset_IBUF_inst/O
                         net (fo=1331, routed)       13.962    15.504    ingressLoop[2].ingressFifo/buffer_fifo/reset_IBUF
    SLICE_X34Y69         FDCE                                         f  ingressLoop[2].ingressFifo/buffer_fifo/infer_fifo.rd_addr_reg[2]/CLR
  -------------------------------------------------------------------    -------------------

                         (clock bftClk rise edge)     0.000     0.000 r  
    H15                                               0.000     0.000 r  bftClk (IN)
                         net (fo=0)                   0.000     0.000    bftClk
    H15                  IBUF (Prop_ibuf_I_O)         1.430     1.430 r  bftClk_IBUF_inst/O
                         net (fo=1, routed)           3.120     4.550    bftClk_IBUF
    BUFGCTRL_X0Y0        BUFG (Prop_bufg_I_O)         0.091     4.641 r  bftClk_IBUF_BUFG_inst/O
                         net (fo=730, routed)         1.472     6.112    ingressLoop[2].ingressFifo/buffer_fifo/clk
    SLICE_X34Y69         FDCE                                         r  ingressLoop[2].ingressFifo/buffer_fifo/infer_fifo.rd_addr_reg[2]/C





Min Delay Paths
--------------------------------------------------------------------------------------
Slack:                    inf
  Source:                 reset
                            (input port)
  Destination:            ingressLoop[6].ingressFifo/buffer_fifo/infer_fifo.rd_addr_tmp_reg[6]/CLR
                            (removal check against rising-edge clock bftClk  {rise@0.000ns fall@2.500ns period=5.000ns})
  Path Group:             (none)
  Path Type:              Removal (Min at Fast Process Corner)
  Data Path Delay:        1.670ns  (logic 0.309ns (18.527%)  route 1.361ns (81.473%))
  Logic Levels:           1  (IBUF=1)
  Clock Path Skew:        3.123ns (DCD - SCD - CPR)
    Destination Clock Delay (DCD):    3.123ns
    Source Clock Delay      (SCD):    0.000ns
    Clock Pessimism Removal (CPR):    -0.000ns

    Location             Delay type                Incr(ns)  Path(ns)    Netlist Resource(s)
  -------------------------------------------------------------------    -------------------
    M20                                               0.000     0.000 f  reset (IN)
                         net (fo=0)                   0.000     0.000    reset
    M20                  IBUF (Prop_ibuf_I_O)         0.309     0.309 f  reset_IBUF_inst/O
                         net (fo=1331, routed)        1.361     1.670    ingressLoop[6].ingressFifo/buffer_fifo/reset_IBUF
    SLICE_X92Y61         FDCE                                         f  ingressLoop[6].ingressFifo/buffer_fifo/infer_fifo.rd_addr_tmp_reg[6]/CLR
  -------------------------------------------------------------------    -------------------

                         (clock bftClk rise edge)     0.000     0.000 r  
    H15                                               0.000     0.000 r  bftClk (IN)
                         net (fo=0)                   0.000     0.000    bftClk
    H15                  IBUF (Prop_ibuf_I_O)         0.456     0.456 r  bftClk_IBUF_inst/O
                         net (fo=1, routed)           1.762     2.218    bftClk_IBUF
    BUFGCTRL_X0Y0        BUFG (Prop_bufg_I_O)         0.029     2.247 r  bftClk_IBUF_BUFG_inst/O
                         net (fo=730, routed)         0.876     3.123    ingressLoop[6].ingressFifo/buffer_fifo/clk
    SLICE_X92Y61         FDCE                                         r  ingressLoop[6].ingressFifo/buffer_fifo/infer_fifo.rd_addr_tmp_reg[6]/C

Slack:                    inf
  Source:                 reset
                            (input port)
  Destination:            ingressLoop[6].ingressFifo/buffer_fifo/infer_fifo.rd_addr_tmp_reg[7]/CLR
                            (removal check against rising-edge clock bftClk  {rise@0.000ns fall@2.500ns period=5.000ns})
  Path Group:             (none)
  Path Type:              Removal (Min at Fast Process Corner)
  Data Path Delay:        1.670ns  (logic 0.309ns (18.527%)  route 1.361ns (81.473%))
  Logic Levels:           1  (IBUF=1)
  Clock Path Skew:        3.123ns (DCD - SCD - CPR)
    Destination Clock Delay (DCD):    3.123ns
    Source Clock Delay      (SCD):    0.000ns
    Clock Pessimism Removal (CPR):    -0.000ns

    Location             Delay type                Incr(ns)  Path(ns)    Netlist Resource(s)
  -------------------------------------------------------------------    -------------------
    M20                                               0.000     0.000 f  reset (IN)
                         net (fo=0)                   0.000     0.000    reset
    M20                  IBUF (Prop_ibuf_I_O)         0.309     0.309 f  reset_IBUF_inst/O
                         net (fo=1331, routed)        1.361     1.670    ingressLoop[6].ingressFifo/buffer_fifo/reset_IBUF
    SLICE_X92Y61         FDCE                                         f  ingressLoop[6].ingressFifo/buffer_fifo/infer_fifo.rd_addr_tmp_reg[7]/CLR
  -------------------------------------------------------------------    -------------------

                         (clock bftClk rise edge)     0.000     0.000 r  
    H15                                               0.000     0.000 r  bftClk (IN)
                         net (fo=0)                   0.000     0.000    bftClk
    H15                  IBUF (Prop_ibuf_I_O)         0.456     0.456 r  bftClk_IBUF_inst/O
                         net (fo=1, routed)           1.762     2.218    bftClk_IBUF
    BUFGCTRL_X0Y0        BUFG (Prop_bufg_I_O)         0.029     2.247 r  bftClk_IBUF_BUFG_inst/O
                         net (fo=730, routed)         0.876     3.123    ingressLoop[6].ingressFifo/buffer_fifo/clk
    SLICE_X92Y61         FDCE                                         r  ingressLoop[6].ingressFifo/buffer_fifo/infer_fifo.rd_addr_tmp_reg[7]/C

Slack:                    inf
  Source:                 reset
                            (input port)
  Destination:            ingressLoop[6].ingressFifo/buffer_fifo/infer_fifo.rd_addr_tmp_reg[8]/CLR
                            (removal check against rising-edge clock bftClk  {rise@0.000ns fall@2.500ns period=5.000ns})
  Path Group:             (none)
  Path Type:              Removal (Min at Fast Process Corner)
  Data Path Delay:        1.670ns  (logic 0.309ns (18.527%)  route 1.361ns (81.473%))
  Logic Levels:           1  (IBUF=1)
  Clock Path Skew:        3.123ns (DCD - SCD - CPR)
    Destination Clock Delay (DCD):    3.123ns
    Source Clock Delay      (SCD):    0.000ns
    Clock Pessimism Removal (CPR):    -0.000ns

    Location             Delay type                Incr(ns)  Path(ns)    Netlist Resource(s)
  -------------------------------------------------------------------    -------------------
    M20                                               0.000     0.000 f  reset (IN)
                         net (fo=0)                   0.000     0.000    reset
    M20                  IBUF (Prop_ibuf_I_O)         0.309     0.309 f  reset_IBUF_inst/O
                         net (fo=1331, routed)        1.361     1.670    ingressLoop[6].ingressFifo/buffer_fifo/reset_IBUF
    SLICE_X92Y61         FDCE                                         f  ingressLoop[6].ingressFifo/buffer_fifo/infer_fifo.rd_addr_tmp_reg[8]/CLR
  -------------------------------------------------------------------    -------------------

                         (clock bftClk rise edge)     0.000     0.000 r  
    H15                                               0.000     0.000 r  bftClk (IN)
                         net (fo=0)                   0.000     0.000    bftClk
    H15                  IBUF (Prop_ibuf_I_O)         0.456     0.456 r  bftClk_IBUF_inst/O
                         net (fo=1, routed)           1.762     2.218    bftClk_IBUF
    BUFGCTRL_X0Y0        BUFG (Prop_bufg_I_O)         0.029     2.247 r  bftClk_IBUF_BUFG_inst/O
                         net (fo=730, routed)         0.876     3.123    ingressLoop[6].ingressFifo/buffer_fifo/clk
    SLICE_X92Y61         FDCE                                         r  ingressLoop[6].ingressFifo/buffer_fifo/infer_fifo.rd_addr_tmp_reg[8]/C

Slack:                    inf
  Source:                 reset
                            (input port)
  Destination:            ingressLoop[6].ingressFifo/buffer_fifo/infer_fifo.rd_addr_tmp_reg[9]/CLR
                            (removal check against rising-edge clock bftClk  {rise@0.000ns fall@2.500ns period=5.000ns})
  Path Group:             (none)
  Path Type:              Removal (Min at Fast Process Corner)
  Data Path Delay:        1.670ns  (logic 0.309ns (18.527%)  route 1.361ns (81.473%))
  Logic Levels:           1  (IBUF=1)
  Clock Path Skew:        3.123ns (DCD - SCD - CPR)
    Destination Clock Delay (DCD):    3.123ns
    Source Clock Delay      (SCD):    0.000ns
    Clock Pessimism Removal (CPR):    -0.000ns

    Location             Delay type                Incr(ns)  Path(ns)    Netlist Resource(s)
  -------------------------------------------------------------------    -------------------
    M20                                               0.000     0.000 f  reset (IN)
                         net (fo=0)                   0.000     0.000    reset
    M20                  IBUF (Prop_ibuf_I_O)         0.309     0.309 f  reset_IBUF_inst/O
                         net (fo=1331, routed)        1.361     1.670    ingressLoop[6].ingressFifo/buffer_fifo/reset_IBUF
    SLICE_X92Y61         FDCE                                         f  ingressLoop[6].ingressFifo/buffer_fifo/infer_fifo.rd_addr_tmp_reg[9]/CLR
  -------------------------------------------------------------------    -------------------

                         (clock bftClk rise edge)     0.000     0.000 r  
    H15                                               0.000     0.000 r  bftClk (IN)
                         net (fo=0)                   0.000     0.000    bftClk
    H15                  IBUF (Prop_ibuf_I_O)         0.456     0.456 r  bftClk_IBUF_inst/O
                         net (fo=1, routed)           1.762     2.218    bftClk_IBUF
    BUFGCTRL_X0Y0        BUFG (Prop_bufg_I_O)         0.029     2.247 r  bftClk_IBUF_BUFG_inst/O
                         net (fo=730, routed)         0.876     3.123    ingressLoop[6].ingressFifo/buffer_fifo/clk
    SLICE_X92Y61         FDCE                                         r  ingressLoop[6].ingressFifo/buffer_fifo/infer_fifo.rd_addr_tmp_reg[9]/C

Slack:                    inf
  Source:                 reset
                            (input port)
  Destination:            ingressLoop[6].ingressFifo/buffer_fifo/infer_fifo.two_rd_addr_reg[5]/CLR
                            (removal check against rising-edge clock bftClk  {rise@0.000ns fall@2.500ns period=5.000ns})
  Path Group:             (none)
  Path Type:              Removal (Min at Fast Process Corner)
  Data Path Delay:        1.670ns  (logic 0.309ns (18.527%)  route 1.361ns (81.473%))
  Logic Levels:           1  (IBUF=1)
  Clock Path Skew:        3.123ns (DCD - SCD - CPR)
    Destination Clock Delay (DCD):    3.123ns
    Source Clock Delay      (SCD):    0.000ns
    Clock Pessimism Removal (CPR):    -0.000ns

    Location             Delay type                Incr(ns)  Path(ns)    Netlist Resource(s)
  -------------------------------------------------------------------    -------------------
    M20                                               0.000     0.000 f  reset (IN)
                         net (fo=0)                   0.000     0.000    reset
    M20                  IBUF (Prop_ibuf_I_O)         0.309     0.309 f  reset_IBUF_inst/O
                         net (fo=1331, routed)        1.361     1.670    ingressLoop[6].ingressFifo/buffer_fifo/reset_IBUF
    SLICE_X92Y61         FDCE                                         f  ingressLoop[6].ingressFifo/buffer_fifo/infer_fifo.two_rd_addr_reg[5]/CLR
  -------------------------------------------------------------------    -------------------

                         (clock bftClk rise edge)     0.000     0.000 r  
    H15                                               0.000     0.000 r  bftClk (IN)
                         net (fo=0)                   0.000     0.000    bftClk
    H15                  IBUF (Prop_ibuf_I_O)         0.456     0.456 r  bftClk_IBUF_inst/O
                         net (fo=1, routed)           1.762     2.218    bftClk_IBUF
    BUFGCTRL_X0Y0        BUFG (Prop_bufg_I_O)         0.029     2.247 r  bftClk_IBUF_BUFG_inst/O
                         net (fo=730, routed)         0.876     3.123    ingressLoop[6].ingressFifo/buffer_fifo/clk
    SLICE_X92Y61         FDCE                                         r  ingressLoop[6].ingressFifo/buffer_fifo/infer_fifo.two_rd_addr_reg[5]/C

Slack:                    inf
  Source:                 reset
                            (input port)
  Destination:            ingressLoop[6].ingressFifo/buffer_fifo/infer_fifo.two_rd_addr_reg[6]/CLR
                            (removal check against rising-edge clock bftClk  {rise@0.000ns fall@2.500ns period=5.000ns})
  Path Group:             (none)
  Path Type:              Removal (Min at Fast Process Corner)
  Data Path Delay:        1.670ns  (logic 0.309ns (18.527%)  route 1.361ns (81.473%))
  Logic Levels:           1  (IBUF=1)
  Clock Path Skew:        3.123ns (DCD - SCD - CPR)
    Destination Clock Delay (DCD):    3.123ns
    Source Clock Delay      (SCD):    0.000ns
    Clock Pessimism Removal (CPR):    -0.000ns

    Location             Delay type                Incr(ns)  Path(ns)    Netlist Resource(s)
  -------------------------------------------------------------------    -------------------
    M20                                               0.000     0.000 f  reset (IN)
                         net (fo=0)                   0.000     0.000    reset
    M20                  IBUF (Prop_ibuf_I_O)         0.309     0.309 f  reset_IBUF_inst/O
                         net (fo=1331, routed)        1.361     1.670    ingressLoop[6].ingressFifo/buffer_fifo/reset_IBUF
    SLICE_X92Y61         FDCE                                         f  ingressLoop[6].ingressFifo/buffer_fifo/infer_fifo.two_rd_addr_reg[6]/CLR
  -------------------------------------------------------------------    -------------------

                         (clock bftClk rise edge)     0.000     0.000 r  
    H15                                               0.000     0.000 r  bftClk (IN)
                         net (fo=0)                   0.000     0.000    bftClk
    H15                  IBUF (Prop_ibuf_I_O)         0.456     0.456 r  bftClk_IBUF_inst/O
                         net (fo=1, routed)           1.762     2.218    bftClk_IBUF
    BUFGCTRL_X0Y0        BUFG (Prop_bufg_I_O)         0.029     2.247 r  bftClk_IBUF_BUFG_inst/O
                         net (fo=730, routed)         0.876     3.123    ingressLoop[6].ingressFifo/buffer_fifo/clk
    SLICE_X92Y61         FDCE                                         r  ingressLoop[6].ingressFifo/buffer_fifo/infer_fifo.two_rd_addr_reg[6]/C

Slack:                    inf
  Source:                 reset
                            (input port)
  Destination:            ingressLoop[6].ingressFifo/buffer_fifo/infer_fifo.two_rd_addr_reg[7]/CLR
                            (removal check against rising-edge clock bftClk  {rise@0.000ns fall@2.500ns period=5.000ns})
  Path Group:             (none)
  Path Type:              Removal (Min at Fast Process Corner)
  Data Path Delay:        1.670ns  (logic 0.309ns (18.527%)  route 1.361ns (81.473%))
  Logic Levels:           1  (IBUF=1)
  Clock Path Skew:        3.123ns (DCD - SCD - CPR)
    Destination Clock Delay (DCD):    3.123ns
    Source Clock Delay      (SCD):    0.000ns
    Clock Pessimism Removal (CPR):    -0.000ns

    Location             Delay type                Incr(ns)  Path(ns)    Netlist Resource(s)
  -------------------------------------------------------------------    -------------------
    M20                                               0.000     0.000 f  reset (IN)
                         net (fo=0)                   0.000     0.000    reset
    M20                  IBUF (Prop_ibuf_I_O)         0.309     0.309 f  reset_IBUF_inst/O
                         net (fo=1331, routed)        1.361     1.670    ingressLoop[6].ingressFifo/buffer_fifo/reset_IBUF
    SLICE_X92Y61         FDCE                                         f  ingressLoop[6].ingressFifo/buffer_fifo/infer_fifo.two_rd_addr_reg[7]/CLR
  -------------------------------------------------------------------    -------------------

                         (clock bftClk rise edge)     0.000     0.000 r  
    H15                                               0.000     0.000 r  bftClk (IN)
                         net (fo=0)                   0.000     0.000    bftClk
    H15                  IBUF (Prop_ibuf_I_O)         0.456     0.456 r  bftClk_IBUF_inst/O
                         net (fo=1, routed)           1.762     2.218    bftClk_IBUF
    BUFGCTRL_X0Y0        BUFG (Prop_bufg_I_O)         0.029     2.247 r  bftClk_IBUF_BUFG_inst/O
                         net (fo=730, routed)         0.876     3.123    ingressLoop[6].ingressFifo/buffer_fifo/clk
    SLICE_X92Y61         FDCE                                         r  ingressLoop[6].ingressFifo/buffer_fifo/infer_fifo.two_rd_addr_reg[7]/C

Slack:                    inf
  Source:                 reset
                            (input port)
  Destination:            ingressLoop[6].ingressFifo/buffer_fifo/infer_fifo.two_rd_addr_reg[8]/CLR
                            (removal check against rising-edge clock bftClk  {rise@0.000ns fall@2.500ns period=5.000ns})
  Path Group:             (none)
  Path Type:              Removal (Min at Fast Process Corner)
  Data Path Delay:        1.670ns  (logic 0.309ns (18.527%)  route 1.361ns (81.473%))
  Logic Levels:           1  (IBUF=1)
  Clock Path Skew:        3.123ns (DCD - SCD - CPR)
    Destination Clock Delay (DCD):    3.123ns
    Source Clock Delay      (SCD):    0.000ns
    Clock Pessimism Removal (CPR):    -0.000ns

    Location             Delay type                Incr(ns)  Path(ns)    Netlist Resource(s)
  -------------------------------------------------------------------    -------------------
    M20                                               0.000     0.000 f  reset (IN)
                         net (fo=0)                   0.000     0.000    reset
    M20                  IBUF (Prop_ibuf_I_O)         0.309     0.309 f  reset_IBUF_inst/O
                         net (fo=1331, routed)        1.361     1.670    ingressLoop[6].ingressFifo/buffer_fifo/reset_IBUF
    SLICE_X92Y61         FDCE                                         f  ingressLoop[6].ingressFifo/buffer_fifo/infer_fifo.two_rd_addr_reg[8]/CLR
  -------------------------------------------------------------------    -------------------

                         (clock bftClk rise edge)     0.000     0.000 r  
    H15                                               0.000     0.000 r  bftClk (IN)
                         net (fo=0)                   0.000     0.000    bftClk
    H15                  IBUF (Prop_ibuf_I_O)         0.456     0.456 r  bftClk_IBUF_inst/O
                         net (fo=1, routed)           1.762     2.218    bftClk_IBUF
    BUFGCTRL_X0Y0        BUFG (Prop_bufg_I_O)         0.029     2.247 r  bftClk_IBUF_BUFG_inst/O
                         net (fo=730, routed)         0.876     3.123    ingressLoop[6].ingressFifo/buffer_fifo/clk
    SLICE_X92Y61         FDCE                                         r  ingressLoop[6].ingressFifo/buffer_fifo/infer_fifo.two_rd_addr_reg[8]/C

Slack:                    inf
  Source:                 reset
                            (input port)
  Destination:            ingressLoop[6].ingressFifo/buffer_fifo/infer_fifo.next_rd_addr_reg[2]/CLR
                            (removal check against rising-edge clock bftClk  {rise@0.000ns fall@2.500ns period=5.000ns})
  Path Group:             (none)
  Path Type:              Removal (Min at Fast Process Corner)
  Data Path Delay:        1.732ns  (logic 0.309ns (17.866%)  route 1.423ns (82.134%))
  Logic Levels:           1  (IBUF=1)
  Clock Path Skew:        3.123ns (DCD - SCD - CPR)
    Destination Clock Delay (DCD):    3.123ns
    Source Clock Delay      (SCD):    0.000ns
    Clock Pessimism Removal (CPR):    -0.000ns

    Location             Delay type                Incr(ns)  Path(ns)    Netlist Resource(s)
  -------------------------------------------------------------------    -------------------
    M20                                               0.000     0.000 f  reset (IN)
                         net (fo=0)                   0.000     0.000    reset
    M20                  IBUF (Prop_ibuf_I_O)         0.309     0.309 f  reset_IBUF_inst/O
                         net (fo=1331, routed)        1.423     1.732    ingressLoop[6].ingressFifo/buffer_fifo/reset_IBUF
    SLICE_X93Y60         FDCE                                         f  ingressLoop[6].ingressFifo/buffer_fifo/infer_fifo.next_rd_addr_reg[2]/CLR
  -------------------------------------------------------------------    -------------------

                         (clock bftClk rise edge)     0.000     0.000 r  
    H15                                               0.000     0.000 r  bftClk (IN)
                         net (fo=0)                   0.000     0.000    bftClk
    H15                  IBUF (Prop_ibuf_I_O)         0.456     0.456 r  bftClk_IBUF_inst/O
                         net (fo=1, routed)           1.762     2.218    bftClk_IBUF
    BUFGCTRL_X0Y0        BUFG (Prop_bufg_I_O)         0.029     2.247 r  bftClk_IBUF_BUFG_inst/O
                         net (fo=730, routed)         0.876     3.123    ingressLoop[6].ingressFifo/buffer_fifo/clk
    SLICE_X93Y60         FDCE                                         r  ingressLoop[6].ingressFifo/buffer_fifo/infer_fifo.next_rd_addr_reg[2]/C

Slack:                    inf
  Source:                 reset
                            (input port)
  Destination:            ingressLoop[6].ingressFifo/buffer_fifo/infer_fifo.next_rd_addr_reg[4]/CLR
                            (removal check against rising-edge clock bftClk  {rise@0.000ns fall@2.500ns period=5.000ns})
  Path Group:             (none)
  Path Type:              Removal (Min at Fast Process Corner)
  Data Path Delay:        1.732ns  (logic 0.309ns (17.866%)  route 1.423ns (82.134%))
  Logic Levels:           1  (IBUF=1)
  Clock Path Skew:        3.123ns (DCD - SCD - CPR)
    Destination Clock Delay (DCD):    3.123ns
    Source Clock Delay      (SCD):    0.000ns
    Clock Pessimism Removal (CPR):    -0.000ns

    Location             Delay type                Incr(ns)  Path(ns)    Netlist Resource(s)
  -------------------------------------------------------------------    -------------------
    M20                                               0.000     0.000 f  reset (IN)
                         net (fo=0)                   0.000     0.000    reset
    M20                  IBUF (Prop_ibuf_I_O)         0.309     0.309 f  reset_IBUF_inst/O
                         net (fo=1331, routed)        1.423     1.732    ingressLoop[6].ingressFifo/buffer_fifo/reset_IBUF
    SLICE_X93Y60         FDCE                                         f  ingressLoop[6].ingressFifo/buffer_fifo/infer_fifo.next_rd_addr_reg[4]/CLR
  -------------------------------------------------------------------    -------------------

                         (clock bftClk rise edge)     0.000     0.000 r  
    H15                                               0.000     0.000 r  bftClk (IN)
                         net (fo=0)                   0.000     0.000    bftClk
    H15                  IBUF (Prop_ibuf_I_O)         0.456     0.456 r  bftClk_IBUF_inst/O
                         net (fo=1, routed)           1.762     2.218    bftClk_IBUF
    BUFGCTRL_X0Y0        BUFG (Prop_bufg_I_O)         0.029     2.247 r  bftClk_IBUF_BUFG_inst/O
                         net (fo=730, routed)         0.876     3.123    ingressLoop[6].ingressFifo/buffer_fifo/clk
    SLICE_X93Y60         FDCE                                         r  ingressLoop[6].ingressFifo/buffer_fifo/infer_fifo.next_rd_addr_reg[4]/C





--------------------------------------------------------------------------------------
Path Group:  (none)
From Clock:  
  To Clock:  wbClk

Max Delay           962 Endpoints
Min Delay           962 Endpoints
--------------------------------------------------------------------------------------


Max Delay Paths
--------------------------------------------------------------------------------------
Slack:                    inf
  Source:                 reset
                            (input port)
  Destination:            ingressLoop[2].ingressFifo/buffer_fifo/infer_fifo.wr_addr_reg[0]/CLR
                            (recovery check against rising-edge clock wbClk  {rise@0.000ns fall@5.000ns period=10.000ns})
  Path Group:             (none)
  Path Type:              Recovery (Max at Slow Process Corner)
  Data Path Delay:        16.089ns  (logic 1.542ns (9.586%)  route 14.547ns (90.414%))
  Logic Levels:           1  (IBUF=1)
  Clock Path Skew:        5.232ns (DCD - SCD + CPR)
    Destination Clock Delay (DCD):    5.232ns
    Source Clock Delay      (SCD):    0.000ns
    Clock Pessimism Removal (CPR):    0.000ns
  Clock Uncertainty:      0.025ns  ((TSJ^2 + TIJ^2)^1/2 + DJ) / 2 + PE
    Total System Jitter     (TSJ):    0.050ns
    Total Input Jitter      (TIJ):    0.000ns
    Discrete Jitter          (DJ):    0.000ns
    Phase Error              (PE):    0.000ns

    Location             Delay type                Incr(ns)  Path(ns)    Netlist Resource(s)
  -------------------------------------------------------------------    -------------------
    M20                                               0.000     0.000 f  reset (IN)
                         net (fo=0)                   0.000     0.000    reset
    M20                  IBUF (Prop_ibuf_I_O)         1.542     1.542 f  reset_IBUF_inst/O
                         net (fo=1331, routed)       14.547    16.089    ingressLoop[2].ingressFifo/buffer_fifo/reset_IBUF
    SLICE_X33Y69         FDCE                                         f  ingressLoop[2].ingressFifo/buffer_fifo/infer_fifo.wr_addr_reg[0]/CLR
  -------------------------------------------------------------------    -------------------

                         (clock wbClk rise edge)      0.000     0.000 r  
    H16                                               0.000     0.000 r  wbClk (IN)
                         net (fo=0)                   0.000     0.000    wbClk
    H16                  IBUF (Prop_ibuf_I_O)         1.380     1.380 r  wbClk_IBUF_inst/O
                         net (fo=1, routed)           2.293     3.673    wbClk_IBUF
    BUFGCTRL_X0Y16       BUFG (Prop_bufg_I_O)         0.091     3.764 r  wbClk_IBUF_BUFG_inst/O
                         net (fo=704, routed)         1.468     5.232    ingressLoop[2].ingressFifo/buffer_fifo/rd_clk
    SLICE_X33Y69         FDCE                                         r  ingressLoop[2].ingressFifo/buffer_fifo/infer_fifo.wr_addr_reg[0]/C

Slack:                    inf
  Source:                 reset
                            (input port)
  Destination:            ingressLoop[2].ingressFifo/buffer_fifo/infer_fifo.wr_addr_reg[1]/CLR
                            (recovery check against rising-edge clock wbClk  {rise@0.000ns fall@5.000ns period=10.000ns})
  Path Group:             (none)
  Path Type:              Recovery (Max at Slow Process Corner)
  Data Path Delay:        16.089ns  (logic 1.542ns (9.586%)  route 14.547ns (90.414%))
  Logic Levels:           1  (IBUF=1)
  Clock Path Skew:        5.232ns (DCD - SCD + CPR)
    Destination Clock Delay (DCD):    5.232ns
    Source Clock Delay      (SCD):    0.000ns
    Clock Pessimism Removal (CPR):    0.000ns
  Clock Uncertainty:      0.025ns  ((TSJ^2 + TIJ^2)^1/2 + DJ) / 2 + PE
    Total System Jitter     (TSJ):    0.050ns
    Total Input Jitter      (TIJ):    0.000ns
    Discrete Jitter          (DJ):    0.000ns
    Phase Error              (PE):    0.000ns

    Location             Delay type                Incr(ns)  Path(ns)    Netlist Resource(s)
  -------------------------------------------------------------------    -------------------
    M20                                               0.000     0.000 f  reset (IN)
                         net (fo=0)                   0.000     0.000    reset
    M20                  IBUF (Prop_ibuf_I_O)         1.542     1.542 f  reset_IBUF_inst/O
                         net (fo=1331, routed)       14.547    16.089    ingressLoop[2].ingressFifo/buffer_fifo/reset_IBUF
    SLICE_X32Y69         FDCE                                         f  ingressLoop[2].ingressFifo/buffer_fifo/infer_fifo.wr_addr_reg[1]/CLR
  -------------------------------------------------------------------    -------------------

                         (clock wbClk rise edge)      0.000     0.000 r  
    H16                                               0.000     0.000 r  wbClk (IN)
                         net (fo=0)                   0.000     0.000    wbClk
    H16                  IBUF (Prop_ibuf_I_O)         1.380     1.380 r  wbClk_IBUF_inst/O
                         net (fo=1, routed)           2.293     3.673    wbClk_IBUF
    BUFGCTRL_X0Y16       BUFG (Prop_bufg_I_O)         0.091     3.764 r  wbClk_IBUF_BUFG_inst/O
                         net (fo=704, routed)         1.468     5.232    ingressLoop[2].ingressFifo/buffer_fifo/rd_clk
    SLICE_X32Y69         FDCE                                         r  ingressLoop[2].ingressFifo/buffer_fifo/infer_fifo.wr_addr_reg[1]/C

Slack:                    inf
  Source:                 reset
                            (input port)
  Destination:            ingressLoop[2].ingressFifo/buffer_fifo/infer_fifo.full_reg_reg/CLR
                            (recovery check against rising-edge clock wbClk  {rise@0.000ns fall@5.000ns period=10.000ns})
  Path Group:             (none)
  Path Type:              Recovery (Max at Slow Process Corner)
  Data Path Delay:        15.810ns  (logic 1.542ns (9.755%)  route 14.268ns (90.245%))
  Logic Levels:           1  (IBUF=1)
  Clock Path Skew:        5.232ns (DCD - SCD + CPR)
    Destination Clock Delay (DCD):    5.232ns
    Source Clock Delay      (SCD):    0.000ns
    Clock Pessimism Removal (CPR):    0.000ns
  Clock Uncertainty:      0.025ns  ((TSJ^2 + TIJ^2)^1/2 + DJ) / 2 + PE
    Total System Jitter     (TSJ):    0.050ns
    Total Input Jitter      (TIJ):    0.000ns
    Discrete Jitter          (DJ):    0.000ns
    Phase Error              (PE):    0.000ns

    Location             Delay type                Incr(ns)  Path(ns)    Netlist Resource(s)
  -------------------------------------------------------------------    -------------------
    M20                                               0.000     0.000 f  reset (IN)
                         net (fo=0)                   0.000     0.000    reset
    M20                  IBUF (Prop_ibuf_I_O)         1.542     1.542 f  reset_IBUF_inst/O
                         net (fo=1331, routed)       14.268    15.810    ingressLoop[2].ingressFifo/buffer_fifo/reset_IBUF
    SLICE_X32Y70         FDCE                                         f  ingressLoop[2].ingressFifo/buffer_fifo/infer_fifo.full_reg_reg/CLR
  -------------------------------------------------------------------    -------------------

                         (clock wbClk rise edge)      0.000     0.000 r  
    H16                                               0.000     0.000 r  wbClk (IN)
                         net (fo=0)                   0.000     0.000    wbClk
    H16                  IBUF (Prop_ibuf_I_O)         1.380     1.380 r  wbClk_IBUF_inst/O
                         net (fo=1, routed)           2.293     3.673    wbClk_IBUF
    BUFGCTRL_X0Y16       BUFG (Prop_bufg_I_O)         0.091     3.764 r  wbClk_IBUF_BUFG_inst/O
                         net (fo=704, routed)         1.468     5.232    ingressLoop[2].ingressFifo/buffer_fifo/rd_clk
    SLICE_X32Y70         FDCE                                         r  ingressLoop[2].ingressFifo/buffer_fifo/infer_fifo.full_reg_reg/C

Slack:                    inf
  Source:                 reset
                            (input port)
  Destination:            ingressLoop[3].ingressFifo/buffer_fifo/infer_fifo.two_wr_addr_reg[0]/PRE
                            (recovery check against rising-edge clock wbClk  {rise@0.000ns fall@5.000ns period=10.000ns})
  Path Group:             (none)
  Path Type:              Recovery (Max at Slow Process Corner)
  Data Path Delay:        15.138ns  (logic 1.542ns (10.188%)  route 13.595ns (89.812%))
  Logic Levels:           1  (IBUF=1)
  Clock Path Skew:        5.236ns (DCD - SCD + CPR)
    Destination Clock Delay (DCD):    5.236ns
    Source Clock Delay      (SCD):    0.000ns
    Clock Pessimism Removal (CPR):    0.000ns
  Clock Uncertainty:      0.025ns  ((TSJ^2 + TIJ^2)^1/2 + DJ) / 2 + PE
    Total System Jitter     (TSJ):    0.050ns
    Total Input Jitter      (TIJ):    0.000ns
    Discrete Jitter          (DJ):    0.000ns
    Phase Error              (PE):    0.000ns

    Location             Delay type                Incr(ns)  Path(ns)    Netlist Resource(s)
  -------------------------------------------------------------------    -------------------
    M20                                               0.000     0.000 f  reset (IN)
                         net (fo=0)                   0.000     0.000    reset
    M20                  IBUF (Prop_ibuf_I_O)         1.542     1.542 f  reset_IBUF_inst/O
                         net (fo=1331, routed)       13.595    15.138    ingressLoop[3].ingressFifo/buffer_fifo/reset_IBUF
    SLICE_X37Y66         FDPE                                         f  ingressLoop[3].ingressFifo/buffer_fifo/infer_fifo.two_wr_addr_reg[0]/PRE
  -------------------------------------------------------------------    -------------------

                         (clock wbClk rise edge)      0.000     0.000 r  
    H16                                               0.000     0.000 r  wbClk (IN)
                         net (fo=0)                   0.000     0.000    wbClk
    H16                  IBUF (Prop_ibuf_I_O)         1.380     1.380 r  wbClk_IBUF_inst/O
                         net (fo=1, routed)           2.293     3.673    wbClk_IBUF
    BUFGCTRL_X0Y16       BUFG (Prop_bufg_I_O)         0.091     3.764 r  wbClk_IBUF_BUFG_inst/O
                         net (fo=704, routed)         1.472     5.236    ingressLoop[3].ingressFifo/buffer_fifo/rd_clk
    SLICE_X37Y66         FDPE                                         r  ingressLoop[3].ingressFifo/buffer_fifo/infer_fifo.two_wr_addr_reg[0]/C

Slack:                    inf
  Source:                 reset
                            (input port)
  Destination:            ingressLoop[3].ingressFifo/buffer_fifo/infer_fifo.wr_addr_tmp_reg[0]/PRE
                            (recovery check against rising-edge clock wbClk  {rise@0.000ns fall@5.000ns period=10.000ns})
  Path Group:             (none)
  Path Type:              Recovery (Max at Slow Process Corner)
  Data Path Delay:        15.138ns  (logic 1.542ns (10.188%)  route 13.595ns (89.812%))
  Logic Levels:           1  (IBUF=1)
  Clock Path Skew:        5.236ns (DCD - SCD + CPR)
    Destination Clock Delay (DCD):    5.236ns
    Source Clock Delay      (SCD):    0.000ns
    Clock Pessimism Removal (CPR):    0.000ns
  Clock Uncertainty:      0.025ns  ((TSJ^2 + TIJ^2)^1/2 + DJ) / 2 + PE
    Total System Jitter     (TSJ):    0.050ns
    Total Input Jitter      (TIJ):    0.000ns
    Discrete Jitter          (DJ):    0.000ns
    Phase Error              (PE):    0.000ns

    Location             Delay type                Incr(ns)  Path(ns)    Netlist Resource(s)
  -------------------------------------------------------------------    -------------------
    M20                                               0.000     0.000 f  reset (IN)
                         net (fo=0)                   0.000     0.000    reset
    M20                  IBUF (Prop_ibuf_I_O)         1.542     1.542 f  reset_IBUF_inst/O
                         net (fo=1331, routed)       13.595    15.138    ingressLoop[3].ingressFifo/buffer_fifo/reset_IBUF
    SLICE_X37Y66         FDPE                                         f  ingressLoop[3].ingressFifo/buffer_fifo/infer_fifo.wr_addr_tmp_reg[0]/PRE
  -------------------------------------------------------------------    -------------------

                         (clock wbClk rise edge)      0.000     0.000 r  
    H16                                               0.000     0.000 r  wbClk (IN)
                         net (fo=0)                   0.000     0.000    wbClk
    H16                  IBUF (Prop_ibuf_I_O)         1.380     1.380 r  wbClk_IBUF_inst/O
                         net (fo=1, routed)           2.293     3.673    wbClk_IBUF
    BUFGCTRL_X0Y16       BUFG (Prop_bufg_I_O)         0.091     3.764 r  wbClk_IBUF_BUFG_inst/O
                         net (fo=704, routed)         1.472     5.236    ingressLoop[3].ingressFifo/buffer_fifo/rd_clk
    SLICE_X37Y66         FDPE                                         r  ingressLoop[3].ingressFifo/buffer_fifo/infer_fifo.wr_addr_tmp_reg[0]/C

Slack:                    inf
  Source:                 reset
                            (input port)
  Destination:            ingressLoop[3].ingressFifo/buffer_fifo/infer_fifo.wr_addr_tmp_reg[5]/CLR
                            (recovery check against rising-edge clock wbClk  {rise@0.000ns fall@5.000ns period=10.000ns})
  Path Group:             (none)
  Path Type:              Recovery (Max at Slow Process Corner)
  Data Path Delay:        15.138ns  (logic 1.542ns (10.188%)  route 13.595ns (89.812%))
  Logic Levels:           1  (IBUF=1)
  Clock Path Skew:        5.236ns (DCD - SCD + CPR)
    Destination Clock Delay (DCD):    5.236ns
    Source Clock Delay      (SCD):    0.000ns
    Clock Pessimism Removal (CPR):    0.000ns
  Clock Uncertainty:      0.025ns  ((TSJ^2 + TIJ^2)^1/2 + DJ) / 2 + PE
    Total System Jitter     (TSJ):    0.050ns
    Total Input Jitter      (TIJ):    0.000ns
    Discrete Jitter          (DJ):    0.000ns
    Phase Error              (PE):    0.000ns

    Location             Delay type                Incr(ns)  Path(ns)    Netlist Resource(s)
  -------------------------------------------------------------------    -------------------
    M20                                               0.000     0.000 f  reset (IN)
                         net (fo=0)                   0.000     0.000    reset
    M20                  IBUF (Prop_ibuf_I_O)         1.542     1.542 f  reset_IBUF_inst/O
                         net (fo=1331, routed)       13.595    15.138    ingressLoop[3].ingressFifo/buffer_fifo/reset_IBUF
    SLICE_X37Y66         FDCE                                         f  ingressLoop[3].ingressFifo/buffer_fifo/infer_fifo.wr_addr_tmp_reg[5]/CLR
  -------------------------------------------------------------------    -------------------

                         (clock wbClk rise edge)      0.000     0.000 r  
    H16                                               0.000     0.000 r  wbClk (IN)
                         net (fo=0)                   0.000     0.000    wbClk
    H16                  IBUF (Prop_ibuf_I_O)         1.380     1.380 r  wbClk_IBUF_inst/O
                         net (fo=1, routed)           2.293     3.673    wbClk_IBUF
    BUFGCTRL_X0Y16       BUFG (Prop_bufg_I_O)         0.091     3.764 r  wbClk_IBUF_BUFG_inst/O
                         net (fo=704, routed)         1.472     5.236    ingressLoop[3].ingressFifo/buffer_fifo/rd_clk
    SLICE_X37Y66         FDCE                                         r  ingressLoop[3].ingressFifo/buffer_fifo/infer_fifo.wr_addr_tmp_reg[5]/C

Slack:                    inf
  Source:                 reset
                            (input port)
  Destination:            ingressLoop[3].ingressFifo/buffer_fifo/infer_fifo.next_wr_addr_reg[9]/CLR
                            (recovery check against rising-edge clock wbClk  {rise@0.000ns fall@5.000ns period=10.000ns})
  Path Group:             (none)
  Path Type:              Recovery (Max at Slow Process Corner)
  Data Path Delay:        14.956ns  (logic 1.542ns (10.312%)  route 13.414ns (89.688%))
  Logic Levels:           1  (IBUF=1)
  Clock Path Skew:        5.238ns (DCD - SCD + CPR)
    Destination Clock Delay (DCD):    5.238ns
    Source Clock Delay      (SCD):    0.000ns
    Clock Pessimism Removal (CPR):    0.000ns
  Clock Uncertainty:      0.025ns  ((TSJ^2 + TIJ^2)^1/2 + DJ) / 2 + PE
    Total System Jitter     (TSJ):    0.050ns
    Total Input Jitter      (TIJ):    0.000ns
    Discrete Jitter          (DJ):    0.000ns
    Phase Error              (PE):    0.000ns

    Location             Delay type                Incr(ns)  Path(ns)    Netlist Resource(s)
  -------------------------------------------------------------------    -------------------
    M20                                               0.000     0.000 f  reset (IN)
                         net (fo=0)                   0.000     0.000    reset
    M20                  IBUF (Prop_ibuf_I_O)         1.542     1.542 f  reset_IBUF_inst/O
                         net (fo=1331, routed)       13.414    14.956    ingressLoop[3].ingressFifo/buffer_fifo/reset_IBUF
    SLICE_X37Y63         FDCE                                         f  ingressLoop[3].ingressFifo/buffer_fifo/infer_fifo.next_wr_addr_reg[9]/CLR
  -------------------------------------------------------------------    -------------------

                         (clock wbClk rise edge)      0.000     0.000 r  
    H16                                               0.000     0.000 r  wbClk (IN)
                         net (fo=0)                   0.000     0.000    wbClk
    H16                  IBUF (Prop_ibuf_I_O)         1.380     1.380 r  wbClk_IBUF_inst/O
                         net (fo=1, routed)           2.293     3.673    wbClk_IBUF
    BUFGCTRL_X0Y16       BUFG (Prop_bufg_I_O)         0.091     3.764 r  wbClk_IBUF_BUFG_inst/O
                         net (fo=704, routed)         1.474     5.238    ingressLoop[3].ingressFifo/buffer_fifo/rd_clk
    SLICE_X37Y63         FDCE                                         r  ingressLoop[3].ingressFifo/buffer_fifo/infer_fifo.next_wr_addr_reg[9]/C

Slack:                    inf
  Source:                 reset
                            (input port)
  Destination:            ingressLoop[3].ingressFifo/buffer_fifo/infer_fifo.two_wr_addr_reg[9]/CLR
                            (recovery check against rising-edge clock wbClk  {rise@0.000ns fall@5.000ns period=10.000ns})
  Path Group:             (none)
  Path Type:              Recovery (Max at Slow Process Corner)
  Data Path Delay:        14.956ns  (logic 1.542ns (10.312%)  route 13.414ns (89.688%))
  Logic Levels:           1  (IBUF=1)
  Clock Path Skew:        5.238ns (DCD - SCD + CPR)
    Destination Clock Delay (DCD):    5.238ns
    Source Clock Delay      (SCD):    0.000ns
    Clock Pessimism Removal (CPR):    0.000ns
  Clock Uncertainty:      0.025ns  ((TSJ^2 + TIJ^2)^1/2 + DJ) / 2 + PE
    Total System Jitter     (TSJ):    0.050ns
    Total Input Jitter      (TIJ):    0.000ns
    Discrete Jitter          (DJ):    0.000ns
    Phase Error              (PE):    0.000ns

    Location             Delay type                Incr(ns)  Path(ns)    Netlist Resource(s)
  -------------------------------------------------------------------    -------------------
    M20                                               0.000     0.000 f  reset (IN)
                         net (fo=0)                   0.000     0.000    reset
    M20                  IBUF (Prop_ibuf_I_O)         1.542     1.542 f  reset_IBUF_inst/O
                         net (fo=1331, routed)       13.414    14.956    ingressLoop[3].ingressFifo/buffer_fifo/reset_IBUF
    SLICE_X37Y63         FDCE                                         f  ingressLoop[3].ingressFifo/buffer_fifo/infer_fifo.two_wr_addr_reg[9]/CLR
  -------------------------------------------------------------------    -------------------

                         (clock wbClk rise edge)      0.000     0.000 r  
    H16                                               0.000     0.000 r  wbClk (IN)
                         net (fo=0)                   0.000     0.000    wbClk
    H16                  IBUF (Prop_ibuf_I_O)         1.380     1.380 r  wbClk_IBUF_inst/O
                         net (fo=1, routed)           2.293     3.673    wbClk_IBUF
    BUFGCTRL_X0Y16       BUFG (Prop_bufg_I_O)         0.091     3.764 r  wbClk_IBUF_BUFG_inst/O
                         net (fo=704, routed)         1.474     5.238    ingressLoop[3].ingressFifo/buffer_fifo/rd_clk
    SLICE_X37Y63         FDCE                                         r  ingressLoop[3].ingressFifo/buffer_fifo/infer_fifo.two_wr_addr_reg[9]/C

Slack:                    inf
  Source:                 reset
                            (input port)
  Destination:            ingressLoop[2].ingressFifo/buffer_fifo/infer_fifo.two_wr_addr_reg[0]/PRE
                            (recovery check against rising-edge clock wbClk  {rise@0.000ns fall@5.000ns period=10.000ns})
  Path Group:             (none)
  Path Type:              Recovery (Max at Slow Process Corner)
  Data Path Delay:        14.863ns  (logic 1.542ns (10.377%)  route 13.321ns (89.623%))
  Logic Levels:           1  (IBUF=1)
  Clock Path Skew:        5.282ns (DCD - SCD + CPR)
    Destination Clock Delay (DCD):    5.282ns
    Source Clock Delay      (SCD):    0.000ns
    Clock Pessimism Removal (CPR):    0.000ns
  Clock Uncertainty:      0.025ns  ((TSJ^2 + TIJ^2)^1/2 + DJ) / 2 + PE
    Total System Jitter     (TSJ):    0.050ns
    Total Input Jitter      (TIJ):    0.000ns
    Discrete Jitter          (DJ):    0.000ns
    Phase Error              (PE):    0.000ns

    Location             Delay type                Incr(ns)  Path(ns)    Netlist Resource(s)
  -------------------------------------------------------------------    -------------------
    M20                                               0.000     0.000 f  reset (IN)
                         net (fo=0)                   0.000     0.000    reset
    M20                  IBUF (Prop_ibuf_I_O)         1.542     1.542 f  reset_IBUF_inst/O
                         net (fo=1331, routed)       13.321    14.863    ingressLoop[2].ingressFifo/buffer_fifo/reset_IBUF
    SLICE_X30Y66         FDPE                                         f  ingressLoop[2].ingressFifo/buffer_fifo/infer_fifo.two_wr_addr_reg[0]/PRE
  -------------------------------------------------------------------    -------------------

                         (clock wbClk rise edge)      0.000     0.000 r  
    H16                                               0.000     0.000 r  wbClk (IN)
                         net (fo=0)                   0.000     0.000    wbClk
    H16                  IBUF (Prop_ibuf_I_O)         1.380     1.380 r  wbClk_IBUF_inst/O
                         net (fo=1, routed)           2.293     3.673    wbClk_IBUF
    BUFGCTRL_X0Y16       BUFG (Prop_bufg_I_O)         0.091     3.764 r  wbClk_IBUF_BUFG_inst/O
                         net (fo=704, routed)         1.518     5.282    ingressLoop[2].ingressFifo/buffer_fifo/rd_clk
    SLICE_X30Y66         FDPE                                         r  ingressLoop[2].ingressFifo/buffer_fifo/infer_fifo.two_wr_addr_reg[0]/C

Slack:                    inf
  Source:                 reset
                            (input port)
  Destination:            ingressLoop[2].ingressFifo/buffer_fifo/infer_fifo.two_wr_addr_reg[1]/PRE
                            (recovery check against rising-edge clock wbClk  {rise@0.000ns fall@5.000ns period=10.000ns})
  Path Group:             (none)
  Path Type:              Recovery (Max at Slow Process Corner)
  Data Path Delay:        14.863ns  (logic 1.542ns (10.377%)  route 13.321ns (89.623%))
  Logic Levels:           1  (IBUF=1)
  Clock Path Skew:        5.282ns (DCD - SCD + CPR)
    Destination Clock Delay (DCD):    5.282ns
    Source Clock Delay      (SCD):    0.000ns
    Clock Pessimism Removal (CPR):    0.000ns
  Clock Uncertainty:      0.025ns  ((TSJ^2 + TIJ^2)^1/2 + DJ) / 2 + PE
    Total System Jitter     (TSJ):    0.050ns
    Total Input Jitter      (TIJ):    0.000ns
    Discrete Jitter          (DJ):    0.000ns
    Phase Error              (PE):    0.000ns

    Location             Delay type                Incr(ns)  Path(ns)    Netlist Resource(s)
  -------------------------------------------------------------------    -------------------
    M20                                               0.000     0.000 f  reset (IN)
                         net (fo=0)                   0.000     0.000    reset
    M20                  IBUF (Prop_ibuf_I_O)         1.542     1.542 f  reset_IBUF_inst/O
                         net (fo=1331, routed)       13.321    14.863    ingressLoop[2].ingressFifo/buffer_fifo/reset_IBUF
    SLICE_X30Y66         FDPE                                         f  ingressLoop[2].ingressFifo/buffer_fifo/infer_fifo.two_wr_addr_reg[1]/PRE
  -------------------------------------------------------------------    -------------------

                         (clock wbClk rise edge)      0.000     0.000 r  
    H16                                               0.000     0.000 r  wbClk (IN)
                         net (fo=0)                   0.000     0.000    wbClk
    H16                  IBUF (Prop_ibuf_I_O)         1.380     1.380 r  wbClk_IBUF_inst/O
                         net (fo=1, routed)           2.293     3.673    wbClk_IBUF
    BUFGCTRL_X0Y16       BUFG (Prop_bufg_I_O)         0.091     3.764 r  wbClk_IBUF_BUFG_inst/O
                         net (fo=704, routed)         1.518     5.282    ingressLoop[2].ingressFifo/buffer_fifo/rd_clk
    SLICE_X30Y66         FDPE                                         r  ingressLoop[2].ingressFifo/buffer_fifo/infer_fifo.two_wr_addr_reg[1]/C





Min Delay Paths
--------------------------------------------------------------------------------------
Slack:                    inf
  Source:                 wbInputData[15]
                            (input port)
  Destination:            ingressLoop[5].ingressFifo/buffer_fifo/infer_fifo.block_ram_performance.fifo_ram_reg/DIADI[15]
                            (rising edge-triggered cell RAMB36E1 clocked by wbClk  {rise@0.000ns fall@5.000ns period=10.000ns})
  Path Group:             (none)
  Path Type:              Hold (Min at Fast Process Corner)
  Data Path Delay:        0.888ns  (logic 0.252ns (28.445%)  route 0.635ns (71.555%))
  Logic Levels:           1  (IBUF=1)
  Clock Path Skew:        2.267ns (DCD - SCD - CPR)
    Destination Clock Delay (DCD):    2.267ns
    Source Clock Delay      (SCD):    0.000ns
    Clock Pessimism Removal (CPR):    -0.000ns

    Location             Delay type                Incr(ns)  Path(ns)    Netlist Resource(s)
  -------------------------------------------------------------------    -------------------
    P16                                               0.000     0.000 r  wbInputData[15] (IN)
                         net (fo=0)                   0.000     0.000    wbInputData[15]
    P16                  IBUF (Prop_ibuf_I_O)         0.252     0.252 r  wbInputData_IBUF[15]_inst/O
                         net (fo=8, routed)           0.635     0.888    ingressLoop[5].ingressFifo/buffer_fifo/din[15]
    RAMB36_X5Y7          RAMB36E1                                     r  ingressLoop[5].ingressFifo/buffer_fifo/infer_fifo.block_ram_performance.fifo_ram_reg/DIADI[15]
  -------------------------------------------------------------------    -------------------

                         (clock wbClk rise edge)      0.000     0.000 r  
    H16                                               0.000     0.000 r  wbClk (IN)
                         net (fo=0)                   0.000     0.000    wbClk
    H16                  IBUF (Prop_ibuf_I_O)         0.406     0.406 r  wbClk_IBUF_inst/O
                         net (fo=1, routed)           0.907     1.313    wbClk_IBUF
    BUFGCTRL_X0Y16       BUFG (Prop_bufg_I_O)         0.029     1.342 r  wbClk_IBUF_BUFG_inst/O
                         net (fo=704, routed)         0.924     2.267    ingressLoop[5].ingressFifo/buffer_fifo/rd_clk
    RAMB36_X5Y7          RAMB36E1                                     r  ingressLoop[5].ingressFifo/buffer_fifo/infer_fifo.block_ram_performance.fifo_ram_reg/CLKARDCLK

Slack:                    inf
  Source:                 wbInputData[14]
                            (input port)
  Destination:            ingressLoop[5].ingressFifo/buffer_fifo/infer_fifo.block_ram_performance.fifo_ram_reg/DIADI[14]
                            (rising edge-triggered cell RAMB36E1 clocked by wbClk  {rise@0.000ns fall@5.000ns period=10.000ns})
  Path Group:             (none)
  Path Type:              Hold (Min at Fast Process Corner)
  Data Path Delay:        0.911ns  (logic 0.254ns (27.907%)  route 0.657ns (72.093%))
  Logic Levels:           1  (IBUF=1)
  Clock Path Skew:        2.267ns (DCD - SCD - CPR)
    Destination Clock Delay (DCD):    2.267ns
    Source Clock Delay      (SCD):    0.000ns
    Clock Pessimism Removal (CPR):    -0.000ns

    Location             Delay type                Incr(ns)  Path(ns)    Netlist Resource(s)
  -------------------------------------------------------------------    -------------------
    T19                                               0.000     0.000 r  wbInputData[14] (IN)
                         net (fo=0)                   0.000     0.000    wbInputData[14]
    T19                  IBUF (Prop_ibuf_I_O)         0.254     0.254 r  wbInputData_IBUF[14]_inst/O
                         net (fo=8, routed)           0.657     0.911    ingressLoop[5].ingressFifo/buffer_fifo/din[14]
    RAMB36_X5Y7          RAMB36E1                                     r  ingressLoop[5].ingressFifo/buffer_fifo/infer_fifo.block_ram_performance.fifo_ram_reg/DIADI[14]
  -------------------------------------------------------------------    -------------------

                         (clock wbClk rise edge)      0.000     0.000 r  
    H16                                               0.000     0.000 r  wbClk (IN)
                         net (fo=0)                   0.000     0.000    wbClk
    H16                  IBUF (Prop_ibuf_I_O)         0.406     0.406 r  wbClk_IBUF_inst/O
                         net (fo=1, routed)           0.907     1.313    wbClk_IBUF
    BUFGCTRL_X0Y16       BUFG (Prop_bufg_I_O)         0.029     1.342 r  wbClk_IBUF_BUFG_inst/O
                         net (fo=704, routed)         0.924     2.267    ingressLoop[5].ingressFifo/buffer_fifo/rd_clk
    RAMB36_X5Y7          RAMB36E1                                     r  ingressLoop[5].ingressFifo/buffer_fifo/infer_fifo.block_ram_performance.fifo_ram_reg/CLKARDCLK

Slack:                    inf
  Source:                 wbInputData[17]
                            (input port)
  Destination:            ingressLoop[5].ingressFifo/buffer_fifo/infer_fifo.block_ram_performance.fifo_ram_reg/DIADI[17]
                            (rising edge-triggered cell RAMB36E1 clocked by wbClk  {rise@0.000ns fall@5.000ns period=10.000ns})
  Path Group:             (none)
  Path Type:              Hold (Min at Fast Process Corner)
  Data Path Delay:        0.915ns  (logic 0.229ns (25.026%)  route 0.686ns (74.974%))
  Logic Levels:           1  (IBUF=1)
  Clock Path Skew:        2.267ns (DCD - SCD - CPR)
    Destination Clock Delay (DCD):    2.267ns
    Source Clock Delay      (SCD):    0.000ns
    Clock Pessimism Removal (CPR):    -0.000ns

    Location             Delay type                Incr(ns)  Path(ns)    Netlist Resource(s)
  -------------------------------------------------------------------    -------------------
    P18                                               0.000     0.000 r  wbInputData[17] (IN)
                         net (fo=0)                   0.000     0.000    wbInputData[17]
    P18                  IBUF (Prop_ibuf_I_O)         0.229     0.229 r  wbInputData_IBUF[17]_inst/O
                         net (fo=8, routed)           0.686     0.915    ingressLoop[5].ingressFifo/buffer_fifo/din[17]
    RAMB36_X5Y7          RAMB36E1                                     r  ingressLoop[5].ingressFifo/buffer_fifo/infer_fifo.block_ram_performance.fifo_ram_reg/DIADI[17]
  -------------------------------------------------------------------    -------------------

                         (clock wbClk rise edge)      0.000     0.000 r  
    H16                                               0.000     0.000 r  wbClk (IN)
                         net (fo=0)                   0.000     0.000    wbClk
    H16                  IBUF (Prop_ibuf_I_O)         0.406     0.406 r  wbClk_IBUF_inst/O
                         net (fo=1, routed)           0.907     1.313    wbClk_IBUF
    BUFGCTRL_X0Y16       BUFG (Prop_bufg_I_O)         0.029     1.342 r  wbClk_IBUF_BUFG_inst/O
                         net (fo=704, routed)         0.924     2.267    ingressLoop[5].ingressFifo/buffer_fifo/rd_clk
    RAMB36_X5Y7          RAMB36E1                                     r  ingressLoop[5].ingressFifo/buffer_fifo/infer_fifo.block_ram_performance.fifo_ram_reg/CLKARDCLK

Slack:                    inf
  Source:                 wbInputData[16]
                            (input port)
  Destination:            ingressLoop[5].ingressFifo/buffer_fifo/infer_fifo.block_ram_performance.fifo_ram_reg/DIADI[16]
                            (rising edge-triggered cell RAMB36E1 clocked by wbClk  {rise@0.000ns fall@5.000ns period=10.000ns})
  Path Group:             (none)
  Path Type:              Hold (Min at Fast Process Corner)
  Data Path Delay:        0.962ns  (logic 0.248ns (25.722%)  route 0.715ns (74.278%))
  Logic Levels:           1  (IBUF=1)
  Clock Path Skew:        2.267ns (DCD - SCD - CPR)
    Destination Clock Delay (DCD):    2.267ns
    Source Clock Delay      (SCD):    0.000ns
    Clock Pessimism Removal (CPR):    -0.000ns

    Location             Delay type                Incr(ns)  Path(ns)    Netlist Resource(s)
  -------------------------------------------------------------------    -------------------
    P15                                               0.000     0.000 r  wbInputData[16] (IN)
                         net (fo=0)                   0.000     0.000    wbInputData[16]
    P15                  IBUF (Prop_ibuf_I_O)         0.248     0.248 r  wbInputData_IBUF[16]_inst/O
                         net (fo=8, routed)           0.715     0.962    ingressLoop[5].ingressFifo/buffer_fifo/din[16]
    RAMB36_X5Y7          RAMB36E1                                     r  ingressLoop[5].ingressFifo/buffer_fifo/infer_fifo.block_ram_performance.fifo_ram_reg/DIADI[16]
  -------------------------------------------------------------------    -------------------

                         (clock wbClk rise edge)      0.000     0.000 r  
    H16                                               0.000     0.000 r  wbClk (IN)
                         net (fo=0)                   0.000     0.000    wbClk
    H16                  IBUF (Prop_ibuf_I_O)         0.406     0.406 r  wbClk_IBUF_inst/O
                         net (fo=1, routed)           0.907     1.313    wbClk_IBUF
    BUFGCTRL_X0Y16       BUFG (Prop_bufg_I_O)         0.029     1.342 r  wbClk_IBUF_BUFG_inst/O
                         net (fo=704, routed)         0.924     2.267    ingressLoop[5].ingressFifo/buffer_fifo/rd_clk
    RAMB36_X5Y7          RAMB36E1                                     r  ingressLoop[5].ingressFifo/buffer_fifo/infer_fifo.block_ram_performance.fifo_ram_reg/CLKARDCLK

Slack:                    inf
  Source:                 wbInputData[19]
                            (input port)
  Destination:            ingressLoop[5].ingressFifo/buffer_fifo/infer_fifo.block_ram_performance.fifo_ram_reg/DIADI[19]
                            (rising edge-triggered cell RAMB36E1 clocked by wbClk  {rise@0.000ns fall@5.000ns period=10.000ns})
  Path Group:             (none)
  Path Type:              Hold (Min at Fast Process Corner)
  Data Path Delay:        0.980ns  (logic 0.255ns (25.961%)  route 0.726ns (74.039%))
  Logic Levels:           1  (IBUF=1)
  Clock Path Skew:        2.267ns (DCD - SCD - CPR)
    Destination Clock Delay (DCD):    2.267ns
    Source Clock Delay      (SCD):    0.000ns
    Clock Pessimism Removal (CPR):    -0.000ns

    Location             Delay type                Incr(ns)  Path(ns)    Netlist Resource(s)
  -------------------------------------------------------------------    -------------------
    W19                                               0.000     0.000 r  wbInputData[19] (IN)
                         net (fo=0)                   0.000     0.000    wbInputData[19]
    W19                  IBUF (Prop_ibuf_I_O)         0.255     0.255 r  wbInputData_IBUF[19]_inst/O
                         net (fo=8, routed)           0.726     0.980    ingressLoop[5].ingressFifo/buffer_fifo/din[19]
    RAMB36_X5Y7          RAMB36E1                                     r  ingressLoop[5].ingressFifo/buffer_fifo/infer_fifo.block_ram_performance.fifo_ram_reg/DIADI[19]
  -------------------------------------------------------------------    -------------------

                         (clock wbClk rise edge)      0.000     0.000 r  
    H16                                               0.000     0.000 r  wbClk (IN)
                         net (fo=0)                   0.000     0.000    wbClk
    H16                  IBUF (Prop_ibuf_I_O)         0.406     0.406 r  wbClk_IBUF_inst/O
                         net (fo=1, routed)           0.907     1.313    wbClk_IBUF
    BUFGCTRL_X0Y16       BUFG (Prop_bufg_I_O)         0.029     1.342 r  wbClk_IBUF_BUFG_inst/O
                         net (fo=704, routed)         0.924     2.267    ingressLoop[5].ingressFifo/buffer_fifo/rd_clk
    RAMB36_X5Y7          RAMB36E1                                     r  ingressLoop[5].ingressFifo/buffer_fifo/infer_fifo.block_ram_performance.fifo_ram_reg/CLKARDCLK

Slack:                    inf
  Source:                 wbInputData[18]
                            (input port)
  Destination:            ingressLoop[5].ingressFifo/buffer_fifo/infer_fifo.block_ram_performance.fifo_ram_reg/DIADI[18]
                            (rising edge-triggered cell RAMB36E1 clocked by wbClk  {rise@0.000ns fall@5.000ns period=10.000ns})
  Path Group:             (none)
  Path Type:              Hold (Min at Fast Process Corner)
  Data Path Delay:        0.989ns  (logic 0.244ns (24.686%)  route 0.745ns (75.314%))
  Logic Levels:           1  (IBUF=1)
  Clock Path Skew:        2.267ns (DCD - SCD - CPR)
    Destination Clock Delay (DCD):    2.267ns
    Source Clock Delay      (SCD):    0.000ns
    Clock Pessimism Removal (CPR):    -0.000ns

    Location             Delay type                Incr(ns)  Path(ns)    Netlist Resource(s)
  -------------------------------------------------------------------    -------------------
    N17                                               0.000     0.000 r  wbInputData[18] (IN)
                         net (fo=0)                   0.000     0.000    wbInputData[18]
    N17                  IBUF (Prop_ibuf_I_O)         0.244     0.244 r  wbInputData_IBUF[18]_inst/O
                         net (fo=8, routed)           0.745     0.989    ingressLoop[5].ingressFifo/buffer_fifo/din[18]
    RAMB36_X5Y7          RAMB36E1                                     r  ingressLoop[5].ingressFifo/buffer_fifo/infer_fifo.block_ram_performance.fifo_ram_reg/DIADI[18]
  -------------------------------------------------------------------    -------------------

                         (clock wbClk rise edge)      0.000     0.000 r  
    H16                                               0.000     0.000 r  wbClk (IN)
                         net (fo=0)                   0.000     0.000    wbClk
    H16                  IBUF (Prop_ibuf_I_O)         0.406     0.406 r  wbClk_IBUF_inst/O
                         net (fo=1, routed)           0.907     1.313    wbClk_IBUF
    BUFGCTRL_X0Y16       BUFG (Prop_bufg_I_O)         0.029     1.342 r  wbClk_IBUF_BUFG_inst/O
                         net (fo=704, routed)         0.924     2.267    ingressLoop[5].ingressFifo/buffer_fifo/rd_clk
    RAMB36_X5Y7          RAMB36E1                                     r  ingressLoop[5].ingressFifo/buffer_fifo/infer_fifo.block_ram_performance.fifo_ram_reg/CLKARDCLK

Slack:                    inf
  Source:                 wbInputData[30]
                            (input port)
  Destination:            ingressLoop[5].ingressFifo/buffer_fifo/infer_fifo.block_ram_performance.fifo_ram_reg/DIADI[30]
                            (rising edge-triggered cell RAMB36E1 clocked by wbClk  {rise@0.000ns fall@5.000ns period=10.000ns})
  Path Group:             (none)
  Path Type:              Hold (Min at Fast Process Corner)
  Data Path Delay:        1.007ns  (logic 0.271ns (26.900%)  route 0.736ns (73.100%))
  Logic Levels:           1  (IBUF=1)
  Clock Path Skew:        2.267ns (DCD - SCD - CPR)
    Destination Clock Delay (DCD):    2.267ns
    Source Clock Delay      (SCD):    0.000ns
    Clock Pessimism Removal (CPR):    -0.000ns

    Location             Delay type                Incr(ns)  Path(ns)    Netlist Resource(s)
  -------------------------------------------------------------------    -------------------
    V18                                               0.000     0.000 r  wbInputData[30] (IN)
                         net (fo=0)                   0.000     0.000    wbInputData[30]
    V18                  IBUF (Prop_ibuf_I_O)         0.271     0.271 r  wbInputData_IBUF[30]_inst/O
                         net (fo=8, routed)           0.736     1.007    ingressLoop[5].ingressFifo/buffer_fifo/din[30]
    RAMB36_X5Y7          RAMB36E1                                     r  ingressLoop[5].ingressFifo/buffer_fifo/infer_fifo.block_ram_performance.fifo_ram_reg/DIADI[30]
  -------------------------------------------------------------------    -------------------

                         (clock wbClk rise edge)      0.000     0.000 r  
    H16                                               0.000     0.000 r  wbClk (IN)
                         net (fo=0)                   0.000     0.000    wbClk
    H16                  IBUF (Prop_ibuf_I_O)         0.406     0.406 r  wbClk_IBUF_inst/O
                         net (fo=1, routed)           0.907     1.313    wbClk_IBUF
    BUFGCTRL_X0Y16       BUFG (Prop_bufg_I_O)         0.029     1.342 r  wbClk_IBUF_BUFG_inst/O
                         net (fo=704, routed)         0.924     2.267    ingressLoop[5].ingressFifo/buffer_fifo/rd_clk
    RAMB36_X5Y7          RAMB36E1                                     r  ingressLoop[5].ingressFifo/buffer_fifo/infer_fifo.block_ram_performance.fifo_ram_reg/CLKARDCLK

Slack:                    inf
  Source:                 wbInputData[31]
                            (input port)
  Destination:            ingressLoop[5].ingressFifo/buffer_fifo/infer_fifo.block_ram_performance.fifo_ram_reg/DIADI[31]
                            (rising edge-triggered cell RAMB36E1 clocked by wbClk  {rise@0.000ns fall@5.000ns period=10.000ns})
  Path Group:             (none)
  Path Type:              Hold (Min at Fast Process Corner)
  Data Path Delay:        1.009ns  (logic 0.279ns (27.598%)  route 0.731ns (72.402%))
  Logic Levels:           1  (IBUF=1)
  Clock Path Skew:        2.267ns (DCD - SCD - CPR)
    Destination Clock Delay (DCD):    2.267ns
    Source Clock Delay      (SCD):    0.000ns
    Clock Pessimism Removal (CPR):    -0.000ns

    Location             Delay type                Incr(ns)  Path(ns)    Netlist Resource(s)
  -------------------------------------------------------------------    -------------------
    V17                                               0.000     0.000 r  wbInputData[31] (IN)
                         net (fo=0)                   0.000     0.000    wbInputData[31]
    V17                  IBUF (Prop_ibuf_I_O)         0.279     0.279 r  wbInputData_IBUF[31]_inst/O
                         net (fo=8, routed)           0.731     1.009    ingressLoop[5].ingressFifo/buffer_fifo/din[31]
    RAMB36_X5Y7          RAMB36E1                                     r  ingressLoop[5].ingressFifo/buffer_fifo/infer_fifo.block_ram_performance.fifo_ram_reg/DIADI[31]
  -------------------------------------------------------------------    -------------------

                         (clock wbClk rise edge)      0.000     0.000 r  
    H16                                               0.000     0.000 r  wbClk (IN)
                         net (fo=0)                   0.000     0.000    wbClk
    H16                  IBUF (Prop_ibuf_I_O)         0.406     0.406 r  wbClk_IBUF_inst/O
                         net (fo=1, routed)           0.907     1.313    wbClk_IBUF
    BUFGCTRL_X0Y16       BUFG (Prop_bufg_I_O)         0.029     1.342 r  wbClk_IBUF_BUFG_inst/O
                         net (fo=704, routed)         0.924     2.267    ingressLoop[5].ingressFifo/buffer_fifo/rd_clk
    RAMB36_X5Y7          RAMB36E1                                     r  ingressLoop[5].ingressFifo/buffer_fifo/infer_fifo.block_ram_performance.fifo_ram_reg/CLKARDCLK

Slack:                    inf
  Source:                 wbInputData[25]
                            (input port)
  Destination:            ingressLoop[6].ingressFifo/buffer_fifo/infer_fifo.block_ram_performance.fifo_ram_reg/DIADI[25]
                            (rising edge-triggered cell RAMB36E1 clocked by wbClk  {rise@0.000ns fall@5.000ns period=10.000ns})
  Path Group:             (none)
  Path Type:              Hold (Min at Fast Process Corner)
  Data Path Delay:        1.017ns  (logic 0.266ns (26.144%)  route 0.751ns (73.856%))
  Logic Levels:           1  (IBUF=1)
  Clock Path Skew:        2.256ns (DCD - SCD - CPR)
    Destination Clock Delay (DCD):    2.256ns
    Source Clock Delay      (SCD):    0.000ns
    Clock Pessimism Removal (CPR):    -0.000ns

    Location             Delay type                Incr(ns)  Path(ns)    Netlist Resource(s)
  -------------------------------------------------------------------    -------------------
    V16                                               0.000     0.000 r  wbInputData[25] (IN)
                         net (fo=0)                   0.000     0.000    wbInputData[25]
    V16                  IBUF (Prop_ibuf_I_O)         0.266     0.266 r  wbInputData_IBUF[25]_inst/O
                         net (fo=8, routed)           0.751     1.017    ingressLoop[6].ingressFifo/buffer_fifo/din[25]
    RAMB36_X4Y12         RAMB36E1                                     r  ingressLoop[6].ingressFifo/buffer_fifo/infer_fifo.block_ram_performance.fifo_ram_reg/DIADI[25]
  -------------------------------------------------------------------    -------------------

                         (clock wbClk rise edge)      0.000     0.000 r  
    H16                                               0.000     0.000 r  wbClk (IN)
                         net (fo=0)                   0.000     0.000    wbClk
    H16                  IBUF (Prop_ibuf_I_O)         0.406     0.406 r  wbClk_IBUF_inst/O
                         net (fo=1, routed)           0.907     1.313    wbClk_IBUF
    BUFGCTRL_X0Y16       BUFG (Prop_bufg_I_O)         0.029     1.342 r  wbClk_IBUF_BUFG_inst/O
                         net (fo=704, routed)         0.913     2.256    ingressLoop[6].ingressFifo/buffer_fifo/rd_clk
    RAMB36_X4Y12         RAMB36E1                                     r  ingressLoop[6].ingressFifo/buffer_fifo/infer_fifo.block_ram_performance.fifo_ram_reg/CLKARDCLK

Slack:                    inf
  Source:                 wbInputData[29]
                            (input port)
  Destination:            ingressLoop[5].ingressFifo/buffer_fifo/infer_fifo.block_ram_performance.fifo_ram_reg/DIADI[29]
                            (rising edge-triggered cell RAMB36E1 clocked by wbClk  {rise@0.000ns fall@5.000ns period=10.000ns})
  Path Group:             (none)
  Path Type:              Hold (Min at Fast Process Corner)
  Data Path Delay:        1.024ns  (logic 0.250ns (24.391%)  route 0.774ns (75.609%))
  Logic Levels:           1  (IBUF=1)
  Clock Path Skew:        2.267ns (DCD - SCD - CPR)
    Destination Clock Delay (DCD):    2.267ns
    Source Clock Delay      (SCD):    0.000ns
    Clock Pessimism Removal (CPR):    -0.000ns

    Location             Delay type                Incr(ns)  Path(ns)    Netlist Resource(s)
  -------------------------------------------------------------------    -------------------
    T17                                               0.000     0.000 r  wbInputData[29] (IN)
                         net (fo=0)                   0.000     0.000    wbInputData[29]
    T17                  IBUF (Prop_ibuf_I_O)         0.250     0.250 r  wbInputData_IBUF[29]_inst/O
                         net (fo=8, routed)           0.774     1.024    ingressLoop[5].ingressFifo/buffer_fifo/din[29]
    RAMB36_X5Y7          RAMB36E1                                     r  ingressLoop[5].ingressFifo/buffer_fifo/infer_fifo.block_ram_performance.fifo_ram_reg/DIADI[29]
  -------------------------------------------------------------------    -------------------

                         (clock wbClk rise edge)      0.000     0.000 r  
    H16                                               0.000     0.000 r  wbClk (IN)
                         net (fo=0)                   0.000     0.000    wbClk
    H16                  IBUF (Prop_ibuf_I_O)         0.406     0.406 r  wbClk_IBUF_inst/O
                         net (fo=1, routed)           0.907     1.313    wbClk_IBUF
    BUFGCTRL_X0Y16       BUFG (Prop_bufg_I_O)         0.029     1.342 r  wbClk_IBUF_BUFG_inst/O
                         net (fo=704, routed)         0.924     2.267    ingressLoop[5].ingressFifo/buffer_fifo/rd_clk
    RAMB36_X5Y7          RAMB36E1                                     r  ingressLoop[5].ingressFifo/buffer_fifo/infer_fifo.block_ram_performance.fifo_ram_reg/CLKARDCLK





