Copyright 1986-2022 Xilinx, Inc. All Rights Reserved. Copyright 2022-2025 Advanced Micro Devices, Inc. All Rights Reserved.
---------------------------------------------------------------------------------------------------------------------------------------------------------------------------------------------------------------------
| Tool Version : Vivado v.2025.1 (lin64) Build 6140274 Wed May 21 22:58:25 MDT 2025
| Date         : Mon Sep  1 10:36:32 2025
| Host         : laptop running 64-bit Ubuntu 24.04.3 LTS
| Command      : report_timing_summary -max_paths 10 -routable_nets -report_unconstrained -file bft_timing_summary_routed.rpt -pb bft_timing_summary_routed.pb -rpx bft_timing_summary_routed.rpx -warn_on_violation
| Design       : bft
| Device       : 7z007s-clg400
| Speed File   : -1  PRODUCTION 1.12 2019-11-22
| Design State : Routed
---------------------------------------------------------------------------------------------------------------------------------------------------------------------------------------------------------------------

Timing Summary Report

------------------------------------------------------------------------------------------------
| Timer Settings
| --------------
------------------------------------------------------------------------------------------------

  Enable Multi Corner Analysis               :  Yes
  Enable Pessimism Removal                   :  Yes
  Pessimism Removal Resolution               :  Nearest Common Node
  Enable Input Delay Default Clock           :  No
  Enable Preset / Clear Arcs                 :  No
  Disable Flight Delays                      :  No
  Ignore I/O Paths                           :  No
  Timing Early Launch at Borrowing Latches   :  No
  Borrow Time for Max Delay Exceptions       :  Yes
  Merge Timing Exceptions                    :  Yes
  Inter-SLR Compensation                     :  Conservative

  Corner  Analyze    Analyze    
  Name    Max Paths  Min Paths  
  ------  ---------  ---------  
  Slow    Yes        Yes        
  Fast    Yes        Yes        


------------------------------------------------------------------------------------------------
| Report Methodology
| ------------------
------------------------------------------------------------------------------------------------

Rule       Severity  Description                                 Violations  
---------  --------  ------------------------------------------  ----------  
SYNTH-6    Warning   Timing of a RAM block might be sub-optimal  16          
TIMING-9   Warning   Unknown CDC Logic                           1           
TIMING-18  Warning   Missing input or output delay               69          

Note: This report is based on the most recent report_methodology run and may not be up-to-date. Run report_methodology on the current design for the latest report.



check_timing report

Table of Contents
-----------------
1. checking no_clock (0)
2. checking constant_clock (0)
3. checking pulse_width_clock (0)
4. checking unconstrained_internal_endpoints (0)
5. checking no_input_delay (35)
6. checking no_output_delay (34)
7. checking multiple_clock (0)
8. checking generated_clocks (0)
9. checking loops (0)
10. checking partial_input_delay (0)
11. checking partial_output_delay (0)
12. checking latch_loops (0)

1. checking no_clock (0)
------------------------
 There are 0 register/latch pins with no clock.


2. checking constant_clock (0)
------------------------------
 There are 0 register/latch pins with constant_clock.


3. checking pulse_width_clock (0)
---------------------------------
 There are 0 register/latch pins which need pulse_width check


4. checking unconstrained_internal_endpoints (0)
------------------------------------------------
 There are 0 pins that are not constrained for maximum delay.

 There are 0 pins that are not constrained for maximum delay due to constant clock.


5. checking no_input_delay (35)
-------------------------------
 There are 35 input ports with no input delay specified. (HIGH)

 There are 0 input ports with no input delay but user has a false path constraint.


6. checking no_output_delay (34)
--------------------------------
 There are 34 ports with no output delay specified. (HIGH)

 There are 0 ports with no output delay but user has a false path constraint

 There are 0 ports with no output delay but with a timing clock defined on it or propagating through it


7. checking multiple_clock (0)
------------------------------
 There are 0 register/latch pins with multiple clocks.


8. checking generated_clocks (0)
--------------------------------
 There are 0 generated clocks that are not connected to a clock source.


9. checking loops (0)
---------------------
 There are 0 combinational loops in the design.


10. checking partial_input_delay (0)
------------------------------------
 There are 0 input ports with partial input delay specified.


11. checking partial_output_delay (0)
-------------------------------------
 There are 0 ports with partial output delay specified.


12. checking latch_loops (0)
----------------------------
 There are 0 combinational latch loops in the design through latch input



------------------------------------------------------------------------------------------------
| Design Timing Summary
| ---------------------
------------------------------------------------------------------------------------------------

    WNS(ns)      TNS(ns)  TNS Failing Endpoints  TNS Total Endpoints      WHS(ns)      THS(ns)  THS Failing Endpoints  THS Total Endpoints     WPWS(ns)     TPWS(ns)  TPWS Failing Endpoints  TPWS Total Endpoints  
    -------      -------  ---------------------  -------------------      -------      -------  ---------------------  -------------------     --------     --------  ----------------------  --------------------  
      0.495        0.000                      0                 7556        0.008        0.000                      0                 7556        1.116        0.000                       0                  1436  


All user specified timing constraints are met.


------------------------------------------------------------------------------------------------
| Clock Summary
| -------------
------------------------------------------------------------------------------------------------

Clock   Waveform(ns)         Period(ns)      Frequency(MHz)
-----   ------------         ----------      --------------
bftClk  {0.000 2.500}        5.000           200.000         
wbClk   {0.000 5.000}        10.000          100.000         


------------------------------------------------------------------------------------------------
| Intra Clock Table
| -----------------
------------------------------------------------------------------------------------------------

Clock             WNS(ns)      TNS(ns)  TNS Failing Endpoints  TNS Total Endpoints      WHS(ns)      THS(ns)  THS Failing Endpoints  THS Total Endpoints     WPWS(ns)     TPWS(ns)  TPWS Failing Endpoints  TPWS Total Endpoints  
-----             -------      -------  ---------------------  -------------------      -------      -------  ---------------------  -------------------     --------     --------  ----------------------  --------------------  
bftClk              0.495        0.000                      0                 5961        0.043        0.000                      0                 5961        1.116        0.000                       0                   731  
wbClk               3.628        0.000                      0                 1595        0.008        0.000                      0                 1595        4.500        0.000                       0                   705  


------------------------------------------------------------------------------------------------
| Inter Clock Table
| -----------------
------------------------------------------------------------------------------------------------

From Clock    To Clock          WNS(ns)      TNS(ns)  TNS Failing Endpoints  TNS Total Endpoints      WHS(ns)      THS(ns)  THS Failing Endpoints  THS Total Endpoints  
----------    --------          -------      -------  ---------------------  -------------------      -------      -------  ---------------------  -------------------  


------------------------------------------------------------------------------------------------
| Other Path Groups Table
| -----------------------
------------------------------------------------------------------------------------------------

Path Group    From Clock    To Clock          WNS(ns)      TNS(ns)  TNS Failing Endpoints  TNS Total Endpoints      WHS(ns)      THS(ns)  THS Failing Endpoints  THS Total Endpoints  
----------    ----------    --------          -------      -------  ---------------------  -------------------      -------      -------  ---------------------  -------------------  


------------------------------------------------------------------------------------------------
| User Ignored Path Table
| -----------------------
------------------------------------------------------------------------------------------------

Path Group    From Clock    To Clock    
----------    ----------    --------    
(none)        wbClk         bftClk        
(none)        bftClk        wbClk         


------------------------------------------------------------------------------------------------
| Unconstrained Path Table
| ------------------------
------------------------------------------------------------------------------------------------

Path Group    From Clock    To Clock    
----------    ----------    --------    
(none)        wbClk                       
(none)                      bftClk        
(none)                      wbClk         


------------------------------------------------------------------------------------------------
| Timing Details
| --------------
------------------------------------------------------------------------------------------------


---------------------------------------------------------------------------------------------------
From Clock:  bftClk
  To Clock:  bftClk

Setup :            0  Failing Endpoints,  Worst Slack        0.495ns,  Total Violation        0.000ns
Hold  :            0  Failing Endpoints,  Worst Slack        0.043ns,  Total Violation        0.000ns
PW    :            0  Failing Endpoints,  Worst Slack        1.116ns,  Total Violation        0.000ns
---------------------------------------------------------------------------------------------------


Max Delay Paths
--------------------------------------------------------------------------------------
Slack (MET) :             0.495ns  (required time - arrival time)
  Source:                 ingressLoop[6].ingressFifo/buffer_fifo/infer_fifo.block_ram_performance.fifo_ram_reg/CLKBWRCLK
                            (rising edge-triggered cell RAMB36E1 clocked by bftClk  {rise@0.000ns fall@2.500ns period=5.000ns})
  Destination:            arnd1/transformLoop[6].ct/xOutReg_reg/C[16]
                            (rising edge-triggered cell DSP48E1 clocked by bftClk  {rise@0.000ns fall@2.500ns period=5.000ns})
  Path Group:             bftClk
  Path Type:              Setup (Max at Slow Process Corner)
  Requirement:            5.000ns  (bftClk rise@5.000ns - bftClk rise@0.000ns)
  Data Path Delay:        4.224ns  (logic 2.454ns (58.093%)  route 1.770ns (41.907%))
  Logic Levels:           0  
  Clock Path Skew:        -0.012ns (DCD - SCD + CPR)
    Destination Clock Delay (DCD):    4.831ns = ( 9.831 - 5.000 ) 
    Source Clock Delay      (SCD):    5.329ns
    Clock Pessimism Removal (CPR):    0.487ns
  Clock Uncertainty:      0.035ns  ((TSJ^2 + TIJ^2)^1/2 + DJ) / 2 + PE
    Total System Jitter     (TSJ):    0.071ns
    Total Input Jitter      (TIJ):    0.000ns
    Discrete Jitter          (DJ):    0.000ns
    Phase Error              (PE):    0.000ns

    Location             Delay type                Incr(ns)  Path(ns)    Netlist Resource(s)
  -------------------------------------------------------------------    -------------------
                         (clock bftClk rise edge)     0.000     0.000 r  
    H15                                               0.000     0.000 r  bftClk (IN)
                         net (fo=0)                   0.000     0.000    bftClk
    H15                  IBUF (Prop_ibuf_I_O)         1.461     1.461 r  bftClk_IBUF_inst/O
                         net (fo=1, routed)           2.062     3.523    bftClk_IBUF
    BUFGCTRL_X0Y0        BUFG (Prop_bufg_I_O)         0.101     3.624 r  bftClk_IBUF_BUFG_inst/O
                         net (fo=730, routed)         1.705     5.329    ingressLoop[6].ingressFifo/buffer_fifo/clk
    RAMB36_X1Y10         RAMB36E1                                     r  ingressLoop[6].ingressFifo/buffer_fifo/infer_fifo.block_ram_performance.fifo_ram_reg/CLKBWRCLK
  -------------------------------------------------------------------    -------------------
    RAMB36_X1Y10         RAMB36E1 (Prop_ramb36e1_CLKBWRCLK_DOBDO[15])
                                                      2.454     7.783 r  ingressLoop[6].ingressFifo/buffer_fifo/infer_fifo.block_ram_performance.fifo_ram_reg/DOBDO[15]
                         net (fo=66, routed)          1.770     9.553    arnd1/transformLoop[6].ct/xOutStepReg_reg_2[15]
    DSP48_X1Y22          DSP48E1                                      r  arnd1/transformLoop[6].ct/xOutReg_reg/C[16]
  -------------------------------------------------------------------    -------------------

                         (clock bftClk rise edge)     5.000     5.000 r  
    H15                                               0.000     5.000 r  bftClk (IN)
                         net (fo=0)                   0.000     5.000    bftClk
    H15                  IBUF (Prop_ibuf_I_O)         1.390     6.390 r  bftClk_IBUF_inst/O
                         net (fo=1, routed)           1.770     8.160    bftClk_IBUF
    BUFGCTRL_X0Y0        BUFG (Prop_bufg_I_O)         0.091     8.251 r  bftClk_IBUF_BUFG_inst/O
                         net (fo=730, routed)         1.579     9.831    arnd1/transformLoop[6].ct/clk
    DSP48_X1Y22          DSP48E1                                      r  arnd1/transformLoop[6].ct/xOutReg_reg/CLK
                         clock pessimism              0.487    10.317    
                         clock uncertainty           -0.035    10.282    
    DSP48_X1Y22          DSP48E1 (Setup_dsp48e1_CLK_C[16])
                                                     -0.233    10.049    arnd1/transformLoop[6].ct/xOutReg_reg
  -------------------------------------------------------------------
                         required time                         10.049    
                         arrival time                          -9.553    
  -------------------------------------------------------------------
                         slack                                  0.495    

Slack (MET) :             0.495ns  (required time - arrival time)
  Source:                 ingressLoop[6].ingressFifo/buffer_fifo/infer_fifo.block_ram_performance.fifo_ram_reg/CLKBWRCLK
                            (rising edge-triggered cell RAMB36E1 clocked by bftClk  {rise@0.000ns fall@2.500ns period=5.000ns})
  Destination:            arnd1/transformLoop[6].ct/xOutReg_reg/C[36]
                            (rising edge-triggered cell DSP48E1 clocked by bftClk  {rise@0.000ns fall@2.500ns period=5.000ns})
  Path Group:             bftClk
  Path Type:              Setup (Max at Slow Process Corner)
  Requirement:            5.000ns  (bftClk rise@5.000ns - bftClk rise@0.000ns)
  Data Path Delay:        4.224ns  (logic 2.454ns (58.093%)  route 1.770ns (41.907%))
  Logic Levels:           0  
  Clock Path Skew:        -0.012ns (DCD - SCD + CPR)
    Destination Clock Delay (DCD):    4.831ns = ( 9.831 - 5.000 ) 
    Source Clock Delay      (SCD):    5.329ns
    Clock Pessimism Removal (CPR):    0.487ns
  Clock Uncertainty:      0.035ns  ((TSJ^2 + TIJ^2)^1/2 + DJ) / 2 + PE
    Total System Jitter     (TSJ):    0.071ns
    Total Input Jitter      (TIJ):    0.000ns
    Discrete Jitter          (DJ):    0.000ns
    Phase Error              (PE):    0.000ns

    Location             Delay type                Incr(ns)  Path(ns)    Netlist Resource(s)
  -------------------------------------------------------------------    -------------------
                         (clock bftClk rise edge)     0.000     0.000 r  
    H15                                               0.000     0.000 r  bftClk (IN)
                         net (fo=0)                   0.000     0.000    bftClk
    H15                  IBUF (Prop_ibuf_I_O)         1.461     1.461 r  bftClk_IBUF_inst/O
                         net (fo=1, routed)           2.062     3.523    bftClk_IBUF
    BUFGCTRL_X0Y0        BUFG (Prop_bufg_I_O)         0.101     3.624 r  bftClk_IBUF_BUFG_inst/O
                         net (fo=730, routed)         1.705     5.329    ingressLoop[6].ingressFifo/buffer_fifo/clk
    RAMB36_X1Y10         RAMB36E1                                     r  ingressLoop[6].ingressFifo/buffer_fifo/infer_fifo.block_ram_performance.fifo_ram_reg/CLKBWRCLK
  -------------------------------------------------------------------    -------------------
    RAMB36_X1Y10         RAMB36E1 (Prop_ramb36e1_CLKBWRCLK_DOBDO[15])
                                                      2.454     7.783 r  ingressLoop[6].ingressFifo/buffer_fifo/infer_fifo.block_ram_performance.fifo_ram_reg/DOBDO[15]
                         net (fo=66, routed)          1.770     9.553    arnd1/transformLoop[6].ct/xOutStepReg_reg_2[15]
    DSP48_X1Y22          DSP48E1                                      r  arnd1/transformLoop[6].ct/xOutReg_reg/C[36]
  -------------------------------------------------------------------    -------------------

                         (clock bftClk rise edge)     5.000     5.000 r  
    H15                                               0.000     5.000 r  bftClk (IN)
                         net (fo=0)                   0.000     5.000    bftClk
    H15                  IBUF (Prop_ibuf_I_O)         1.390     6.390 r  bftClk_IBUF_inst/O
                         net (fo=1, routed)           1.770     8.160    bftClk_IBUF
    BUFGCTRL_X0Y0        BUFG (Prop_bufg_I_O)         0.091     8.251 r  bftClk_IBUF_BUFG_inst/O
                         net (fo=730, routed)         1.579     9.831    arnd1/transformLoop[6].ct/clk
    DSP48_X1Y22          DSP48E1                                      r  arnd1/transformLoop[6].ct/xOutReg_reg/CLK
                         clock pessimism              0.487    10.317    
                         clock uncertainty           -0.035    10.282    
    DSP48_X1Y22          DSP48E1 (Setup_dsp48e1_CLK_C[36])
                                                     -0.233    10.049    arnd1/transformLoop[6].ct/xOutReg_reg
  -------------------------------------------------------------------
                         required time                         10.049    
                         arrival time                          -9.553    
  -------------------------------------------------------------------
                         slack                                  0.495    

Slack (MET) :             0.505ns  (required time - arrival time)
  Source:                 ingressLoop[1].ingressFifo/buffer_fifo/infer_fifo.block_ram_performance.fifo_ram_reg/CLKBWRCLK
                            (rising edge-triggered cell RAMB36E1 clocked by bftClk  {rise@0.000ns fall@2.500ns period=5.000ns})
  Destination:            arnd1/transformLoop[1].ct/xOutReg_reg/C[39]
                            (rising edge-triggered cell DSP48E1 clocked by bftClk  {rise@0.000ns fall@2.500ns period=5.000ns})
  Path Group:             bftClk
  Path Type:              Setup (Max at Slow Process Corner)
  Requirement:            5.000ns  (bftClk rise@5.000ns - bftClk rise@0.000ns)
  Data Path Delay:        4.219ns  (logic 2.454ns (58.160%)  route 1.765ns (41.840%))
  Logic Levels:           0  
  Clock Path Skew:        -0.007ns (DCD - SCD + CPR)
    Destination Clock Delay (DCD):    4.821ns = ( 9.821 - 5.000 ) 
    Source Clock Delay      (SCD):    5.314ns
    Clock Pessimism Removal (CPR):    0.487ns
  Clock Uncertainty:      0.035ns  ((TSJ^2 + TIJ^2)^1/2 + DJ) / 2 + PE
    Total System Jitter     (TSJ):    0.071ns
    Total Input Jitter      (TIJ):    0.000ns
    Discrete Jitter          (DJ):    0.000ns
    Phase Error              (PE):    0.000ns

    Location             Delay type                Incr(ns)  Path(ns)    Netlist Resource(s)
  -------------------------------------------------------------------    -------------------
                         (clock bftClk rise edge)     0.000     0.000 r  
    H15                                               0.000     0.000 r  bftClk (IN)
                         net (fo=0)                   0.000     0.000    bftClk
    H15                  IBUF (Prop_ibuf_I_O)         1.461     1.461 r  bftClk_IBUF_inst/O
                         net (fo=1, routed)           2.062     3.523    bftClk_IBUF
    BUFGCTRL_X0Y0        BUFG (Prop_bufg_I_O)         0.101     3.624 r  bftClk_IBUF_BUFG_inst/O
                         net (fo=730, routed)         1.690     5.314    ingressLoop[1].ingressFifo/buffer_fifo/clk
    RAMB36_X1Y14         RAMB36E1                                     r  ingressLoop[1].ingressFifo/buffer_fifo/infer_fifo.block_ram_performance.fifo_ram_reg/CLKBWRCLK
  -------------------------------------------------------------------    -------------------
    RAMB36_X1Y14         RAMB36E1 (Prop_ramb36e1_CLKBWRCLK_DOBDO[15])
                                                      2.454     7.768 r  ingressLoop[1].ingressFifo/buffer_fifo/infer_fifo.block_ram_performance.fifo_ram_reg/DOBDO[15]
                         net (fo=66, routed)          1.765     9.534    arnd1/transformLoop[1].ct/xOutStepReg_reg_0[15]
    DSP48_X1Y32          DSP48E1                                      r  arnd1/transformLoop[1].ct/xOutReg_reg/C[39]
  -------------------------------------------------------------------    -------------------

                         (clock bftClk rise edge)     5.000     5.000 r  
    H15                                               0.000     5.000 r  bftClk (IN)
                         net (fo=0)                   0.000     5.000    bftClk
    H15                  IBUF (Prop_ibuf_I_O)         1.390     6.390 r  bftClk_IBUF_inst/O
                         net (fo=1, routed)           1.770     8.160    bftClk_IBUF
    BUFGCTRL_X0Y0        BUFG (Prop_bufg_I_O)         0.091     8.251 r  bftClk_IBUF_BUFG_inst/O
                         net (fo=730, routed)         1.569     9.821    arnd1/transformLoop[1].ct/clk
    DSP48_X1Y32          DSP48E1                                      r  arnd1/transformLoop[1].ct/xOutReg_reg/CLK
                         clock pessimism              0.487    10.307    
                         clock uncertainty           -0.035    10.272    
    DSP48_X1Y32          DSP48E1 (Setup_dsp48e1_CLK_C[39])
                                                     -0.233    10.039    arnd1/transformLoop[1].ct/xOutReg_reg
  -------------------------------------------------------------------
                         required time                         10.039    
                         arrival time                          -9.534    
  -------------------------------------------------------------------
                         slack                                  0.505    

Slack (MET) :             0.505ns  (required time - arrival time)
  Source:                 ingressLoop[1].ingressFifo/buffer_fifo/infer_fifo.block_ram_performance.fifo_ram_reg/CLKBWRCLK
                            (rising edge-triggered cell RAMB36E1 clocked by bftClk  {rise@0.000ns fall@2.500ns period=5.000ns})
  Destination:            arnd1/transformLoop[1].ct/xOutReg_reg/C[44]
                            (rising edge-triggered cell DSP48E1 clocked by bftClk  {rise@0.000ns fall@2.500ns period=5.000ns})
  Path Group:             bftClk
  Path Type:              Setup (Max at Slow Process Corner)
  Requirement:            5.000ns  (bftClk rise@5.000ns - bftClk rise@0.000ns)
  Data Path Delay:        4.219ns  (logic 2.454ns (58.160%)  route 1.765ns (41.840%))
  Logic Levels:           0  
  Clock Path Skew:        -0.007ns (DCD - SCD + CPR)
    Destination Clock Delay (DCD):    4.821ns = ( 9.821 - 5.000 ) 
    Source Clock Delay      (SCD):    5.314ns
    Clock Pessimism Removal (CPR):    0.487ns
  Clock Uncertainty:      0.035ns  ((TSJ^2 + TIJ^2)^1/2 + DJ) / 2 + PE
    Total System Jitter     (TSJ):    0.071ns
    Total Input Jitter      (TIJ):    0.000ns
    Discrete Jitter          (DJ):    0.000ns
    Phase Error              (PE):    0.000ns

    Location             Delay type                Incr(ns)  Path(ns)    Netlist Resource(s)
  -------------------------------------------------------------------    -------------------
                         (clock bftClk rise edge)     0.000     0.000 r  
    H15                                               0.000     0.000 r  bftClk (IN)
                         net (fo=0)                   0.000     0.000    bftClk
    H15                  IBUF (Prop_ibuf_I_O)         1.461     1.461 r  bftClk_IBUF_inst/O
                         net (fo=1, routed)           2.062     3.523    bftClk_IBUF
    BUFGCTRL_X0Y0        BUFG (Prop_bufg_I_O)         0.101     3.624 r  bftClk_IBUF_BUFG_inst/O
                         net (fo=730, routed)         1.690     5.314    ingressLoop[1].ingressFifo/buffer_fifo/clk
    RAMB36_X1Y14         RAMB36E1                                     r  ingressLoop[1].ingressFifo/buffer_fifo/infer_fifo.block_ram_performance.fifo_ram_reg/CLKBWRCLK
  -------------------------------------------------------------------    -------------------
    RAMB36_X1Y14         RAMB36E1 (Prop_ramb36e1_CLKBWRCLK_DOBDO[15])
                                                      2.454     7.768 r  ingressLoop[1].ingressFifo/buffer_fifo/infer_fifo.block_ram_performance.fifo_ram_reg/DOBDO[15]
                         net (fo=66, routed)          1.765     9.534    arnd1/transformLoop[1].ct/xOutStepReg_reg_0[15]
    DSP48_X1Y32          DSP48E1                                      r  arnd1/transformLoop[1].ct/xOutReg_reg/C[44]
  -------------------------------------------------------------------    -------------------

                         (clock bftClk rise edge)     5.000     5.000 r  
    H15                                               0.000     5.000 r  bftClk (IN)
                         net (fo=0)                   0.000     5.000    bftClk
    H15                  IBUF (Prop_ibuf_I_O)         1.390     6.390 r  bftClk_IBUF_inst/O
                         net (fo=1, routed)           1.770     8.160    bftClk_IBUF
    BUFGCTRL_X0Y0        BUFG (Prop_bufg_I_O)         0.091     8.251 r  bftClk_IBUF_BUFG_inst/O
                         net (fo=730, routed)         1.569     9.821    arnd1/transformLoop[1].ct/clk
    DSP48_X1Y32          DSP48E1                                      r  arnd1/transformLoop[1].ct/xOutReg_reg/CLK
                         clock pessimism              0.487    10.307    
                         clock uncertainty           -0.035    10.272    
    DSP48_X1Y32          DSP48E1 (Setup_dsp48e1_CLK_C[44])
                                                     -0.233    10.039    arnd1/transformLoop[1].ct/xOutReg_reg
  -------------------------------------------------------------------
                         required time                         10.039    
                         arrival time                          -9.534    
  -------------------------------------------------------------------
                         slack                                  0.505    

Slack (MET) :             0.505ns  (required time - arrival time)
  Source:                 ingressLoop[1].ingressFifo/buffer_fifo/infer_fifo.block_ram_performance.fifo_ram_reg/CLKBWRCLK
                            (rising edge-triggered cell RAMB36E1 clocked by bftClk  {rise@0.000ns fall@2.500ns period=5.000ns})
  Destination:            arnd1/transformLoop[1].ct/xOutReg_reg/C[47]
                            (rising edge-triggered cell DSP48E1 clocked by bftClk  {rise@0.000ns fall@2.500ns period=5.000ns})
  Path Group:             bftClk
  Path Type:              Setup (Max at Slow Process Corner)
  Requirement:            5.000ns  (bftClk rise@5.000ns - bftClk rise@0.000ns)
  Data Path Delay:        4.219ns  (logic 2.454ns (58.160%)  route 1.765ns (41.840%))
  Logic Levels:           0  
  Clock Path Skew:        -0.007ns (DCD - SCD + CPR)
    Destination Clock Delay (DCD):    4.821ns = ( 9.821 - 5.000 ) 
    Source Clock Delay      (SCD):    5.314ns
    Clock Pessimism Removal (CPR):    0.487ns
  Clock Uncertainty:      0.035ns  ((TSJ^2 + TIJ^2)^1/2 + DJ) / 2 + PE
    Total System Jitter     (TSJ):    0.071ns
    Total Input Jitter      (TIJ):    0.000ns
    Discrete Jitter          (DJ):    0.000ns
    Phase Error              (PE):    0.000ns

    Location             Delay type                Incr(ns)  Path(ns)    Netlist Resource(s)
  -------------------------------------------------------------------    -------------------
                         (clock bftClk rise edge)     0.000     0.000 r  
    H15                                               0.000     0.000 r  bftClk (IN)
                         net (fo=0)                   0.000     0.000    bftClk
    H15                  IBUF (Prop_ibuf_I_O)         1.461     1.461 r  bftClk_IBUF_inst/O
                         net (fo=1, routed)           2.062     3.523    bftClk_IBUF
    BUFGCTRL_X0Y0        BUFG (Prop_bufg_I_O)         0.101     3.624 r  bftClk_IBUF_BUFG_inst/O
                         net (fo=730, routed)         1.690     5.314    ingressLoop[1].ingressFifo/buffer_fifo/clk
    RAMB36_X1Y14         RAMB36E1                                     r  ingressLoop[1].ingressFifo/buffer_fifo/infer_fifo.block_ram_performance.fifo_ram_reg/CLKBWRCLK
  -------------------------------------------------------------------    -------------------
    RAMB36_X1Y14         RAMB36E1 (Prop_ramb36e1_CLKBWRCLK_DOBDO[15])
                                                      2.454     7.768 r  ingressLoop[1].ingressFifo/buffer_fifo/infer_fifo.block_ram_performance.fifo_ram_reg/DOBDO[15]
                         net (fo=66, routed)          1.765     9.534    arnd1/transformLoop[1].ct/xOutStepReg_reg_0[15]
    DSP48_X1Y32          DSP48E1                                      r  arnd1/transformLoop[1].ct/xOutReg_reg/C[47]
  -------------------------------------------------------------------    -------------------

                         (clock bftClk rise edge)     5.000     5.000 r  
    H15                                               0.000     5.000 r  bftClk (IN)
                         net (fo=0)                   0.000     5.000    bftClk
    H15                  IBUF (Prop_ibuf_I_O)         1.390     6.390 r  bftClk_IBUF_inst/O
                         net (fo=1, routed)           1.770     8.160    bftClk_IBUF
    BUFGCTRL_X0Y0        BUFG (Prop_bufg_I_O)         0.091     8.251 r  bftClk_IBUF_BUFG_inst/O
                         net (fo=730, routed)         1.569     9.821    arnd1/transformLoop[1].ct/clk
    DSP48_X1Y32          DSP48E1                                      r  arnd1/transformLoop[1].ct/xOutReg_reg/CLK
                         clock pessimism              0.487    10.307    
                         clock uncertainty           -0.035    10.272    
    DSP48_X1Y32          DSP48E1 (Setup_dsp48e1_CLK_C[47])
                                                     -0.233    10.039    arnd1/transformLoop[1].ct/xOutReg_reg
  -------------------------------------------------------------------
                         required time                         10.039    
                         arrival time                          -9.534    
  -------------------------------------------------------------------
                         slack                                  0.505    

Slack (MET) :             0.508ns  (required time - arrival time)
  Source:                 ingressLoop[1].ingressFifo/buffer_fifo/infer_fifo.block_ram_performance.fifo_ram_reg/CLKBWRCLK
                            (rising edge-triggered cell RAMB36E1 clocked by bftClk  {rise@0.000ns fall@2.500ns period=5.000ns})
  Destination:            arnd1/transformLoop[1].ct/xOutStepReg_reg/C[19]
                            (rising edge-triggered cell DSP48E1 clocked by bftClk  {rise@0.000ns fall@2.500ns period=5.000ns})
  Path Group:             bftClk
  Path Type:              Setup (Max at Slow Process Corner)
  Requirement:            5.000ns  (bftClk rise@5.000ns - bftClk rise@0.000ns)
  Data Path Delay:        4.219ns  (logic 2.454ns (58.160%)  route 1.765ns (41.840%))
  Logic Levels:           0  
  Clock Path Skew:        -0.004ns (DCD - SCD + CPR)
    Destination Clock Delay (DCD):    4.824ns = ( 9.824 - 5.000 ) 
    Source Clock Delay      (SCD):    5.314ns
    Clock Pessimism Removal (CPR):    0.487ns
  Clock Uncertainty:      0.035ns  ((TSJ^2 + TIJ^2)^1/2 + DJ) / 2 + PE
    Total System Jitter     (TSJ):    0.071ns
    Total Input Jitter      (TIJ):    0.000ns
    Discrete Jitter          (DJ):    0.000ns
    Phase Error              (PE):    0.000ns

    Location             Delay type                Incr(ns)  Path(ns)    Netlist Resource(s)
  -------------------------------------------------------------------    -------------------
                         (clock bftClk rise edge)     0.000     0.000 r  
    H15                                               0.000     0.000 r  bftClk (IN)
                         net (fo=0)                   0.000     0.000    bftClk
    H15                  IBUF (Prop_ibuf_I_O)         1.461     1.461 r  bftClk_IBUF_inst/O
                         net (fo=1, routed)           2.062     3.523    bftClk_IBUF
    BUFGCTRL_X0Y0        BUFG (Prop_bufg_I_O)         0.101     3.624 r  bftClk_IBUF_BUFG_inst/O
                         net (fo=730, routed)         1.690     5.314    ingressLoop[1].ingressFifo/buffer_fifo/clk
    RAMB36_X1Y14         RAMB36E1                                     r  ingressLoop[1].ingressFifo/buffer_fifo/infer_fifo.block_ram_performance.fifo_ram_reg/CLKBWRCLK
  -------------------------------------------------------------------    -------------------
    RAMB36_X1Y14         RAMB36E1 (Prop_ramb36e1_CLKBWRCLK_DOBDO[15])
                                                      2.454     7.768 r  ingressLoop[1].ingressFifo/buffer_fifo/infer_fifo.block_ram_performance.fifo_ram_reg/DOBDO[15]
                         net (fo=66, routed)          1.765     9.534    arnd1/transformLoop[1].ct/xOutStepReg_reg_0[15]
    DSP48_X1Y33          DSP48E1                                      r  arnd1/transformLoop[1].ct/xOutStepReg_reg/C[19]
  -------------------------------------------------------------------    -------------------

                         (clock bftClk rise edge)     5.000     5.000 r  
    H15                                               0.000     5.000 r  bftClk (IN)
                         net (fo=0)                   0.000     5.000    bftClk
    H15                  IBUF (Prop_ibuf_I_O)         1.390     6.390 r  bftClk_IBUF_inst/O
                         net (fo=1, routed)           1.770     8.160    bftClk_IBUF
    BUFGCTRL_X0Y0        BUFG (Prop_bufg_I_O)         0.091     8.251 r  bftClk_IBUF_BUFG_inst/O
                         net (fo=730, routed)         1.572     9.824    arnd1/transformLoop[1].ct/clk
    DSP48_X1Y33          DSP48E1                                      r  arnd1/transformLoop[1].ct/xOutStepReg_reg/CLK
                         clock pessimism              0.487    10.310    
                         clock uncertainty           -0.035    10.275    
    DSP48_X1Y33          DSP48E1 (Setup_dsp48e1_CLK_C[19])
                                                     -0.233    10.042    arnd1/transformLoop[1].ct/xOutStepReg_reg
  -------------------------------------------------------------------
                         required time                         10.042    
                         arrival time                          -9.534    
  -------------------------------------------------------------------
                         slack                                  0.508    

Slack (MET) :             0.508ns  (required time - arrival time)
  Source:                 ingressLoop[1].ingressFifo/buffer_fifo/infer_fifo.block_ram_performance.fifo_ram_reg/CLKBWRCLK
                            (rising edge-triggered cell RAMB36E1 clocked by bftClk  {rise@0.000ns fall@2.500ns period=5.000ns})
  Destination:            arnd1/transformLoop[1].ct/xOutStepReg_reg/C[39]
                            (rising edge-triggered cell DSP48E1 clocked by bftClk  {rise@0.000ns fall@2.500ns period=5.000ns})
  Path Group:             bftClk
  Path Type:              Setup (Max at Slow Process Corner)
  Requirement:            5.000ns  (bftClk rise@5.000ns - bftClk rise@0.000ns)
  Data Path Delay:        4.219ns  (logic 2.454ns (58.160%)  route 1.765ns (41.840%))
  Logic Levels:           0  
  Clock Path Skew:        -0.004ns (DCD - SCD + CPR)
    Destination Clock Delay (DCD):    4.824ns = ( 9.824 - 5.000 ) 
    Source Clock Delay      (SCD):    5.314ns
    Clock Pessimism Removal (CPR):    0.487ns
  Clock Uncertainty:      0.035ns  ((TSJ^2 + TIJ^2)^1/2 + DJ) / 2 + PE
    Total System Jitter     (TSJ):    0.071ns
    Total Input Jitter      (TIJ):    0.000ns
    Discrete Jitter          (DJ):    0.000ns
    Phase Error              (PE):    0.000ns

    Location             Delay type                Incr(ns)  Path(ns)    Netlist Resource(s)
  -------------------------------------------------------------------    -------------------
                         (clock bftClk rise edge)     0.000     0.000 r  
    H15                                               0.000     0.000 r  bftClk (IN)
                         net (fo=0)                   0.000     0.000    bftClk
    H15                  IBUF (Prop_ibuf_I_O)         1.461     1.461 r  bftClk_IBUF_inst/O
                         net (fo=1, routed)           2.062     3.523    bftClk_IBUF
    BUFGCTRL_X0Y0        BUFG (Prop_bufg_I_O)         0.101     3.624 r  bftClk_IBUF_BUFG_inst/O
                         net (fo=730, routed)         1.690     5.314    ingressLoop[1].ingressFifo/buffer_fifo/clk
    RAMB36_X1Y14         RAMB36E1                                     r  ingressLoop[1].ingressFifo/buffer_fifo/infer_fifo.block_ram_performance.fifo_ram_reg/CLKBWRCLK
  -------------------------------------------------------------------    -------------------
    RAMB36_X1Y14         RAMB36E1 (Prop_ramb36e1_CLKBWRCLK_DOBDO[15])
                                                      2.454     7.768 r  ingressLoop[1].ingressFifo/buffer_fifo/infer_fifo.block_ram_performance.fifo_ram_reg/DOBDO[15]
                         net (fo=66, routed)          1.765     9.534    arnd1/transformLoop[1].ct/xOutStepReg_reg_0[15]
    DSP48_X1Y33          DSP48E1                                      r  arnd1/transformLoop[1].ct/xOutStepReg_reg/C[39]
  -------------------------------------------------------------------    -------------------

                         (clock bftClk rise edge)     5.000     5.000 r  
    H15                                               0.000     5.000 r  bftClk (IN)
                         net (fo=0)                   0.000     5.000    bftClk
    H15                  IBUF (Prop_ibuf_I_O)         1.390     6.390 r  bftClk_IBUF_inst/O
                         net (fo=1, routed)           1.770     8.160    bftClk_IBUF
    BUFGCTRL_X0Y0        BUFG (Prop_bufg_I_O)         0.091     8.251 r  bftClk_IBUF_BUFG_inst/O
                         net (fo=730, routed)         1.572     9.824    arnd1/transformLoop[1].ct/clk
    DSP48_X1Y33          DSP48E1                                      r  arnd1/transformLoop[1].ct/xOutStepReg_reg/CLK
                         clock pessimism              0.487    10.310    
                         clock uncertainty           -0.035    10.275    
    DSP48_X1Y33          DSP48E1 (Setup_dsp48e1_CLK_C[39])
                                                     -0.233    10.042    arnd1/transformLoop[1].ct/xOutStepReg_reg
  -------------------------------------------------------------------
                         required time                         10.042    
                         arrival time                          -9.534    
  -------------------------------------------------------------------
                         slack                                  0.508    

Slack (MET) :             0.508ns  (required time - arrival time)
  Source:                 ingressLoop[1].ingressFifo/buffer_fifo/infer_fifo.block_ram_performance.fifo_ram_reg/CLKBWRCLK
                            (rising edge-triggered cell RAMB36E1 clocked by bftClk  {rise@0.000ns fall@2.500ns period=5.000ns})
  Destination:            arnd1/transformLoop[1].ct/xOutStepReg_reg/C[44]
                            (rising edge-triggered cell DSP48E1 clocked by bftClk  {rise@0.000ns fall@2.500ns period=5.000ns})
  Path Group:             bftClk
  Path Type:              Setup (Max at Slow Process Corner)
  Requirement:            5.000ns  (bftClk rise@5.000ns - bftClk rise@0.000ns)
  Data Path Delay:        4.219ns  (logic 2.454ns (58.160%)  route 1.765ns (41.840%))
  Logic Levels:           0  
  Clock Path Skew:        -0.004ns (DCD - SCD + CPR)
    Destination Clock Delay (DCD):    4.824ns = ( 9.824 - 5.000 ) 
    Source Clock Delay      (SCD):    5.314ns
    Clock Pessimism Removal (CPR):    0.487ns
  Clock Uncertainty:      0.035ns  ((TSJ^2 + TIJ^2)^1/2 + DJ) / 2 + PE
    Total System Jitter     (TSJ):    0.071ns
    Total Input Jitter      (TIJ):    0.000ns
    Discrete Jitter          (DJ):    0.000ns
    Phase Error              (PE):    0.000ns

    Location             Delay type                Incr(ns)  Path(ns)    Netlist Resource(s)
  -------------------------------------------------------------------    -------------------
                         (clock bftClk rise edge)     0.000     0.000 r  
    H15                                               0.000     0.000 r  bftClk (IN)
                         net (fo=0)                   0.000     0.000    bftClk
    H15                  IBUF (Prop_ibuf_I_O)         1.461     1.461 r  bftClk_IBUF_inst/O
                         net (fo=1, routed)           2.062     3.523    bftClk_IBUF
    BUFGCTRL_X0Y0        BUFG (Prop_bufg_I_O)         0.101     3.624 r  bftClk_IBUF_BUFG_inst/O
                         net (fo=730, routed)         1.690     5.314    ingressLoop[1].ingressFifo/buffer_fifo/clk
    RAMB36_X1Y14         RAMB36E1                                     r  ingressLoop[1].ingressFifo/buffer_fifo/infer_fifo.block_ram_performance.fifo_ram_reg/CLKBWRCLK
  -------------------------------------------------------------------    -------------------
    RAMB36_X1Y14         RAMB36E1 (Prop_ramb36e1_CLKBWRCLK_DOBDO[15])
                                                      2.454     7.768 r  ingressLoop[1].ingressFifo/buffer_fifo/infer_fifo.block_ram_performance.fifo_ram_reg/DOBDO[15]
                         net (fo=66, routed)          1.765     9.534    arnd1/transformLoop[1].ct/xOutStepReg_reg_0[15]
    DSP48_X1Y33          DSP48E1                                      r  arnd1/transformLoop[1].ct/xOutStepReg_reg/C[44]
  -------------------------------------------------------------------    -------------------

                         (clock bftClk rise edge)     5.000     5.000 r  
    H15                                               0.000     5.000 r  bftClk (IN)
                         net (fo=0)                   0.000     5.000    bftClk
    H15                  IBUF (Prop_ibuf_I_O)         1.390     6.390 r  bftClk_IBUF_inst/O
                         net (fo=1, routed)           1.770     8.160    bftClk_IBUF
    BUFGCTRL_X0Y0        BUFG (Prop_bufg_I_O)         0.091     8.251 r  bftClk_IBUF_BUFG_inst/O
                         net (fo=730, routed)         1.572     9.824    arnd1/transformLoop[1].ct/clk
    DSP48_X1Y33          DSP48E1                                      r  arnd1/transformLoop[1].ct/xOutStepReg_reg/CLK
                         clock pessimism              0.487    10.310    
                         clock uncertainty           -0.035    10.275    
    DSP48_X1Y33          DSP48E1 (Setup_dsp48e1_CLK_C[44])
                                                     -0.233    10.042    arnd1/transformLoop[1].ct/xOutStepReg_reg
  -------------------------------------------------------------------
                         required time                         10.042    
                         arrival time                          -9.534    
  -------------------------------------------------------------------
                         slack                                  0.508    

Slack (MET) :             0.508ns  (required time - arrival time)
  Source:                 ingressLoop[1].ingressFifo/buffer_fifo/infer_fifo.block_ram_performance.fifo_ram_reg/CLKBWRCLK
                            (rising edge-triggered cell RAMB36E1 clocked by bftClk  {rise@0.000ns fall@2.500ns period=5.000ns})
  Destination:            arnd1/transformLoop[1].ct/xOutStepReg_reg/C[47]
                            (rising edge-triggered cell DSP48E1 clocked by bftClk  {rise@0.000ns fall@2.500ns period=5.000ns})
  Path Group:             bftClk
  Path Type:              Setup (Max at Slow Process Corner)
  Requirement:            5.000ns  (bftClk rise@5.000ns - bftClk rise@0.000ns)
  Data Path Delay:        4.219ns  (logic 2.454ns (58.160%)  route 1.765ns (41.840%))
  Logic Levels:           0  
  Clock Path Skew:        -0.004ns (DCD - SCD + CPR)
    Destination Clock Delay (DCD):    4.824ns = ( 9.824 - 5.000 ) 
    Source Clock Delay      (SCD):    5.314ns
    Clock Pessimism Removal (CPR):    0.487ns
  Clock Uncertainty:      0.035ns  ((TSJ^2 + TIJ^2)^1/2 + DJ) / 2 + PE
    Total System Jitter     (TSJ):    0.071ns
    Total Input Jitter      (TIJ):    0.000ns
    Discrete Jitter          (DJ):    0.000ns
    Phase Error              (PE):    0.000ns

    Location             Delay type                Incr(ns)  Path(ns)    Netlist Resource(s)
  -------------------------------------------------------------------    -------------------
                         (clock bftClk rise edge)     0.000     0.000 r  
    H15                                               0.000     0.000 r  bftClk (IN)
                         net (fo=0)                   0.000     0.000    bftClk
    H15                  IBUF (Prop_ibuf_I_O)         1.461     1.461 r  bftClk_IBUF_inst/O
                         net (fo=1, routed)           2.062     3.523    bftClk_IBUF
    BUFGCTRL_X0Y0        BUFG (Prop_bufg_I_O)         0.101     3.624 r  bftClk_IBUF_BUFG_inst/O
                         net (fo=730, routed)         1.690     5.314    ingressLoop[1].ingressFifo/buffer_fifo/clk
    RAMB36_X1Y14         RAMB36E1                                     r  ingressLoop[1].ingressFifo/buffer_fifo/infer_fifo.block_ram_performance.fifo_ram_reg/CLKBWRCLK
  -------------------------------------------------------------------    -------------------
    RAMB36_X1Y14         RAMB36E1 (Prop_ramb36e1_CLKBWRCLK_DOBDO[15])
                                                      2.454     7.768 r  ingressLoop[1].ingressFifo/buffer_fifo/infer_fifo.block_ram_performance.fifo_ram_reg/DOBDO[15]
                         net (fo=66, routed)          1.765     9.534    arnd1/transformLoop[1].ct/xOutStepReg_reg_0[15]
    DSP48_X1Y33          DSP48E1                                      r  arnd1/transformLoop[1].ct/xOutStepReg_reg/C[47]
  -------------------------------------------------------------------    -------------------

                         (clock bftClk rise edge)     5.000     5.000 r  
    H15                                               0.000     5.000 r  bftClk (IN)
                         net (fo=0)                   0.000     5.000    bftClk
    H15                  IBUF (Prop_ibuf_I_O)         1.390     6.390 r  bftClk_IBUF_inst/O
                         net (fo=1, routed)           1.770     8.160    bftClk_IBUF
    BUFGCTRL_X0Y0        BUFG (Prop_bufg_I_O)         0.091     8.251 r  bftClk_IBUF_BUFG_inst/O
                         net (fo=730, routed)         1.572     9.824    arnd1/transformLoop[1].ct/clk
    DSP48_X1Y33          DSP48E1                                      r  arnd1/transformLoop[1].ct/xOutStepReg_reg/CLK
                         clock pessimism              0.487    10.310    
                         clock uncertainty           -0.035    10.275    
    DSP48_X1Y33          DSP48E1 (Setup_dsp48e1_CLK_C[47])
                                                     -0.233    10.042    arnd1/transformLoop[1].ct/xOutStepReg_reg
  -------------------------------------------------------------------
                         required time                         10.042    
                         arrival time                          -9.534    
  -------------------------------------------------------------------
                         slack                                  0.508    

Slack (MET) :             0.515ns  (required time - arrival time)
  Source:                 ingressLoop[6].ingressFifo/buffer_fifo/infer_fifo.block_ram_performance.fifo_ram_reg/CLKBWRCLK
                            (rising edge-triggered cell RAMB36E1 clocked by bftClk  {rise@0.000ns fall@2.500ns period=5.000ns})
  Destination:            arnd1/transformLoop[6].ct/xOutReg_reg/C[17]
                            (rising edge-triggered cell DSP48E1 clocked by bftClk  {rise@0.000ns fall@2.500ns period=5.000ns})
  Path Group:             bftClk
  Path Type:              Setup (Max at Slow Process Corner)
  Requirement:            5.000ns  (bftClk rise@5.000ns - bftClk rise@0.000ns)
  Data Path Delay:        4.205ns  (logic 2.454ns (58.363%)  route 1.751ns (41.637%))
  Logic Levels:           0  
  Clock Path Skew:        -0.012ns (DCD - SCD + CPR)
    Destination Clock Delay (DCD):    4.831ns = ( 9.831 - 5.000 ) 
    Source Clock Delay      (SCD):    5.329ns
    Clock Pessimism Removal (CPR):    0.487ns
  Clock Uncertainty:      0.035ns  ((TSJ^2 + TIJ^2)^1/2 + DJ) / 2 + PE
    Total System Jitter     (TSJ):    0.071ns
    Total Input Jitter      (TIJ):    0.000ns
    Discrete Jitter          (DJ):    0.000ns
    Phase Error              (PE):    0.000ns

    Location             Delay type                Incr(ns)  Path(ns)    Netlist Resource(s)
  -------------------------------------------------------------------    -------------------
                         (clock bftClk rise edge)     0.000     0.000 r  
    H15                                               0.000     0.000 r  bftClk (IN)
                         net (fo=0)                   0.000     0.000    bftClk
    H15                  IBUF (Prop_ibuf_I_O)         1.461     1.461 r  bftClk_IBUF_inst/O
                         net (fo=1, routed)           2.062     3.523    bftClk_IBUF
    BUFGCTRL_X0Y0        BUFG (Prop_bufg_I_O)         0.101     3.624 r  bftClk_IBUF_BUFG_inst/O
                         net (fo=730, routed)         1.705     5.329    ingressLoop[6].ingressFifo/buffer_fifo/clk
    RAMB36_X1Y10         RAMB36E1                                     r  ingressLoop[6].ingressFifo/buffer_fifo/infer_fifo.block_ram_performance.fifo_ram_reg/CLKBWRCLK
  -------------------------------------------------------------------    -------------------
    RAMB36_X1Y10         RAMB36E1 (Prop_ramb36e1_CLKBWRCLK_DOBDO[15])
                                                      2.454     7.783 r  ingressLoop[6].ingressFifo/buffer_fifo/infer_fifo.block_ram_performance.fifo_ram_reg/DOBDO[15]
                         net (fo=66, routed)          1.751     9.534    arnd1/transformLoop[6].ct/xOutStepReg_reg_2[15]
    DSP48_X1Y22          DSP48E1                                      r  arnd1/transformLoop[6].ct/xOutReg_reg/C[17]
  -------------------------------------------------------------------    -------------------

                         (clock bftClk rise edge)     5.000     5.000 r  
    H15                                               0.000     5.000 r  bftClk (IN)
                         net (fo=0)                   0.000     5.000    bftClk
    H15                  IBUF (Prop_ibuf_I_O)         1.390     6.390 r  bftClk_IBUF_inst/O
                         net (fo=1, routed)           1.770     8.160    bftClk_IBUF
    BUFGCTRL_X0Y0        BUFG (Prop_bufg_I_O)         0.091     8.251 r  bftClk_IBUF_BUFG_inst/O
                         net (fo=730, routed)         1.579     9.831    arnd1/transformLoop[6].ct/clk
    DSP48_X1Y22          DSP48E1                                      r  arnd1/transformLoop[6].ct/xOutReg_reg/CLK
                         clock pessimism              0.487    10.317    
                         clock uncertainty           -0.035    10.282    
    DSP48_X1Y22          DSP48E1 (Setup_dsp48e1_CLK_C[17])
                                                     -0.233    10.049    arnd1/transformLoop[6].ct/xOutReg_reg
  -------------------------------------------------------------------
                         required time                         10.049    
                         arrival time                          -9.534    
  -------------------------------------------------------------------
                         slack                                  0.515    





Min Delay Paths
--------------------------------------------------------------------------------------
Slack (MET) :             0.043ns  (arrival time - required time)
  Source:                 egressLoop[2].egressFifo/buffer_fifo/infer_fifo.next_wr_addr_reg[0]/C
                            (rising edge-triggered cell FDPE clocked by bftClk  {rise@0.000ns fall@2.500ns period=5.000ns})
  Destination:            egressLoop[2].egressFifo/buffer_fifo/infer_fifo.wr_addr_reg[0]/D
                            (rising edge-triggered cell FDCE clocked by bftClk  {rise@0.000ns fall@2.500ns period=5.000ns})
  Path Group:             bftClk
  Path Type:              Hold (Min at Fast Process Corner)
  Requirement:            0.000ns  (bftClk rise@0.000ns - bftClk rise@0.000ns)
  Data Path Delay:        0.318ns  (logic 0.128ns (40.309%)  route 0.190ns (59.691%))
  Logic Levels:           0  
  Clock Path Skew:        0.257ns (DCD - SCD - CPR)
    Destination Clock Delay (DCD):    2.223ns
    Source Clock Delay      (SCD):    1.637ns
    Clock Pessimism Removal (CPR):    0.329ns

    Location             Delay type                Incr(ns)  Path(ns)    Netlist Resource(s)
  -------------------------------------------------------------------    -------------------
                         (clock bftClk rise edge)     0.000     0.000 r  
    H15                                               0.000     0.000 r  bftClk (IN)
                         net (fo=0)                   0.000     0.000    bftClk
    H15                  IBUF (Prop_ibuf_I_O)         0.229     0.229 r  bftClk_IBUF_inst/O
                         net (fo=1, routed)           0.828     1.057    bftClk_IBUF
    BUFGCTRL_X0Y0        BUFG (Prop_bufg_I_O)         0.026     1.083 r  bftClk_IBUF_BUFG_inst/O
                         net (fo=730, routed)         0.555     1.637    egressLoop[2].egressFifo/buffer_fifo/clk
    SLICE_X18Y30         FDPE                                         r  egressLoop[2].egressFifo/buffer_fifo/infer_fifo.next_wr_addr_reg[0]/C
  -------------------------------------------------------------------    -------------------
    SLICE_X18Y30         FDPE (Prop_fdpe_C_Q)         0.128     1.765 r  egressLoop[2].egressFifo/buffer_fifo/infer_fifo.next_wr_addr_reg[0]/Q
                         net (fo=2, routed)           0.190     1.955    egressLoop[2].egressFifo/buffer_fifo/infer_fifo.next_wr_addr[0]
    SLICE_X22Y29         FDCE                                         r  egressLoop[2].egressFifo/buffer_fifo/infer_fifo.wr_addr_reg[0]/D
  -------------------------------------------------------------------    -------------------

                         (clock bftClk rise edge)     0.000     0.000 r  
    H15                                               0.000     0.000 r  bftClk (IN)
                         net (fo=0)                   0.000     0.000    bftClk
    H15                  IBUF (Prop_ibuf_I_O)         0.416     0.416 r  bftClk_IBUF_inst/O
                         net (fo=1, routed)           0.961     1.377    bftClk_IBUF
    BUFGCTRL_X0Y0        BUFG (Prop_bufg_I_O)         0.029     1.406 r  bftClk_IBUF_BUFG_inst/O
                         net (fo=730, routed)         0.817     2.223    egressLoop[2].egressFifo/buffer_fifo/clk
    SLICE_X22Y29         FDCE                                         r  egressLoop[2].egressFifo/buffer_fifo/infer_fifo.wr_addr_reg[0]/C
                         clock pessimism             -0.329     1.895    
    SLICE_X22Y29         FDCE (Hold_fdce_C_D)         0.017     1.912    egressLoop[2].egressFifo/buffer_fifo/infer_fifo.wr_addr_reg[0]
  -------------------------------------------------------------------
                         required time                         -1.912    
                         arrival time                           1.955    
  -------------------------------------------------------------------
                         slack                                  0.043    

Slack (MET) :             0.044ns  (arrival time - required time)
  Source:                 egressLoop[2].egressFifo/buffer_fifo/infer_fifo.next_wr_addr_reg[1]/C
                            (rising edge-triggered cell FDCE clocked by bftClk  {rise@0.000ns fall@2.500ns period=5.000ns})
  Destination:            egressLoop[2].egressFifo/buffer_fifo/infer_fifo.wr_addr_reg[1]/D
                            (rising edge-triggered cell FDCE clocked by bftClk  {rise@0.000ns fall@2.500ns period=5.000ns})
  Path Group:             bftClk
  Path Type:              Hold (Min at Fast Process Corner)
  Requirement:            0.000ns  (bftClk rise@0.000ns - bftClk rise@0.000ns)
  Data Path Delay:        0.368ns  (logic 0.141ns (38.328%)  route 0.227ns (61.672%))
  Logic Levels:           0  
  Clock Path Skew:        0.257ns (DCD - SCD - CPR)
    Destination Clock Delay (DCD):    2.223ns
    Source Clock Delay      (SCD):    1.637ns
    Clock Pessimism Removal (CPR):    0.329ns

    Location             Delay type                Incr(ns)  Path(ns)    Netlist Resource(s)
  -------------------------------------------------------------------    -------------------
                         (clock bftClk rise edge)     0.000     0.000 r  
    H15                                               0.000     0.000 r  bftClk (IN)
                         net (fo=0)                   0.000     0.000    bftClk
    H15                  IBUF (Prop_ibuf_I_O)         0.229     0.229 r  bftClk_IBUF_inst/O
                         net (fo=1, routed)           0.828     1.057    bftClk_IBUF
    BUFGCTRL_X0Y0        BUFG (Prop_bufg_I_O)         0.026     1.083 r  bftClk_IBUF_BUFG_inst/O
                         net (fo=730, routed)         0.555     1.637    egressLoop[2].egressFifo/buffer_fifo/clk
    SLICE_X18Y30         FDCE                                         r  egressLoop[2].egressFifo/buffer_fifo/infer_fifo.next_wr_addr_reg[1]/C
  -------------------------------------------------------------------    -------------------
    SLICE_X18Y30         FDCE (Prop_fdce_C_Q)         0.141     1.778 r  egressLoop[2].egressFifo/buffer_fifo/infer_fifo.next_wr_addr_reg[1]/Q
                         net (fo=2, routed)           0.227     2.005    egressLoop[2].egressFifo/buffer_fifo/infer_fifo.next_wr_addr[1]
    SLICE_X22Y29         FDCE                                         r  egressLoop[2].egressFifo/buffer_fifo/infer_fifo.wr_addr_reg[1]/D
  -------------------------------------------------------------------    -------------------

                         (clock bftClk rise edge)     0.000     0.000 r  
    H15                                               0.000     0.000 r  bftClk (IN)
                         net (fo=0)                   0.000     0.000    bftClk
    H15                  IBUF (Prop_ibuf_I_O)         0.416     0.416 r  bftClk_IBUF_inst/O
                         net (fo=1, routed)           0.961     1.377    bftClk_IBUF
    BUFGCTRL_X0Y0        BUFG (Prop_bufg_I_O)         0.029     1.406 r  bftClk_IBUF_BUFG_inst/O
                         net (fo=730, routed)         0.817     2.223    egressLoop[2].egressFifo/buffer_fifo/clk
    SLICE_X22Y29         FDCE                                         r  egressLoop[2].egressFifo/buffer_fifo/infer_fifo.wr_addr_reg[1]/C
                         clock pessimism             -0.329     1.895    
    SLICE_X22Y29         FDCE (Hold_fdce_C_D)         0.066     1.961    egressLoop[2].egressFifo/buffer_fifo/infer_fifo.wr_addr_reg[1]
  -------------------------------------------------------------------
                         required time                         -1.961    
                         arrival time                           2.005    
  -------------------------------------------------------------------
                         slack                                  0.044    

Slack (MET) :             0.050ns  (arrival time - required time)
  Source:                 egressLoop[7].egressFifo/buffer_fifo/infer_fifo.next_wr_addr_reg[9]/C
                            (rising edge-triggered cell FDCE clocked by bftClk  {rise@0.000ns fall@2.500ns period=5.000ns})
  Destination:            egressLoop[7].egressFifo/buffer_fifo/infer_fifo.wr_addr_reg[9]/D
                            (rising edge-triggered cell FDCE clocked by bftClk  {rise@0.000ns fall@2.500ns period=5.000ns})
  Path Group:             bftClk
  Path Type:              Hold (Min at Fast Process Corner)
  Requirement:            0.000ns  (bftClk rise@0.000ns - bftClk rise@0.000ns)
  Data Path Delay:        0.389ns  (logic 0.164ns (42.148%)  route 0.225ns (57.852%))
  Logic Levels:           0  
  Clock Path Skew:        0.261ns (DCD - SCD - CPR)
    Destination Clock Delay (DCD):    2.228ns
    Source Clock Delay      (SCD):    1.638ns
    Clock Pessimism Removal (CPR):    0.329ns

    Location             Delay type                Incr(ns)  Path(ns)    Netlist Resource(s)
  -------------------------------------------------------------------    -------------------
                         (clock bftClk rise edge)     0.000     0.000 r  
    H15                                               0.000     0.000 r  bftClk (IN)
                         net (fo=0)                   0.000     0.000    bftClk
    H15                  IBUF (Prop_ibuf_I_O)         0.229     0.229 r  bftClk_IBUF_inst/O
                         net (fo=1, routed)           0.828     1.057    bftClk_IBUF
    BUFGCTRL_X0Y0        BUFG (Prop_bufg_I_O)         0.026     1.083 r  bftClk_IBUF_BUFG_inst/O
                         net (fo=730, routed)         0.556     1.638    egressLoop[7].egressFifo/buffer_fifo/clk
    SLICE_X20Y14         FDCE                                         r  egressLoop[7].egressFifo/buffer_fifo/infer_fifo.next_wr_addr_reg[9]/C
  -------------------------------------------------------------------    -------------------
    SLICE_X20Y14         FDCE (Prop_fdce_C_Q)         0.164     1.802 r  egressLoop[7].egressFifo/buffer_fifo/infer_fifo.next_wr_addr_reg[9]/Q
                         net (fo=2, routed)           0.225     2.027    egressLoop[7].egressFifo/buffer_fifo/infer_fifo.next_wr_addr[9]
    SLICE_X23Y15         FDCE                                         r  egressLoop[7].egressFifo/buffer_fifo/infer_fifo.wr_addr_reg[9]/D
  -------------------------------------------------------------------    -------------------

                         (clock bftClk rise edge)     0.000     0.000 r  
    H15                                               0.000     0.000 r  bftClk (IN)
                         net (fo=0)                   0.000     0.000    bftClk
    H15                  IBUF (Prop_ibuf_I_O)         0.416     0.416 r  bftClk_IBUF_inst/O
                         net (fo=1, routed)           0.961     1.377    bftClk_IBUF
    BUFGCTRL_X0Y0        BUFG (Prop_bufg_I_O)         0.029     1.406 r  bftClk_IBUF_BUFG_inst/O
                         net (fo=730, routed)         0.822     2.228    egressLoop[7].egressFifo/buffer_fifo/clk
    SLICE_X23Y15         FDCE                                         r  egressLoop[7].egressFifo/buffer_fifo/infer_fifo.wr_addr_reg[9]/C
                         clock pessimism             -0.329     1.900    
    SLICE_X23Y15         FDCE (Hold_fdce_C_D)         0.078     1.978    egressLoop[7].egressFifo/buffer_fifo/infer_fifo.wr_addr_reg[9]
  -------------------------------------------------------------------
                         required time                         -1.978    
                         arrival time                           2.027    
  -------------------------------------------------------------------
                         slack                                  0.050    

Slack (MET) :             0.056ns  (arrival time - required time)
  Source:                 egressLoop[7].egressFifo/buffer_fifo/infer_fifo.next_wr_addr_reg[0]/C
                            (rising edge-triggered cell FDPE clocked by bftClk  {rise@0.000ns fall@2.500ns period=5.000ns})
  Destination:            egressLoop[7].egressFifo/buffer_fifo/infer_fifo.wr_addr_reg[0]/D
                            (rising edge-triggered cell FDCE clocked by bftClk  {rise@0.000ns fall@2.500ns period=5.000ns})
  Path Group:             bftClk
  Path Type:              Hold (Min at Fast Process Corner)
  Requirement:            0.000ns  (bftClk rise@0.000ns - bftClk rise@0.000ns)
  Data Path Delay:        0.307ns  (logic 0.128ns (41.655%)  route 0.179ns (58.346%))
  Logic Levels:           0  
  Clock Path Skew:        0.258ns (DCD - SCD - CPR)
    Destination Clock Delay (DCD):    2.228ns
    Source Clock Delay      (SCD):    1.641ns
    Clock Pessimism Removal (CPR):    0.329ns

    Location             Delay type                Incr(ns)  Path(ns)    Netlist Resource(s)
  -------------------------------------------------------------------    -------------------
                         (clock bftClk rise edge)     0.000     0.000 r  
    H15                                               0.000     0.000 r  bftClk (IN)
                         net (fo=0)                   0.000     0.000    bftClk
    H15                  IBUF (Prop_ibuf_I_O)         0.229     0.229 r  bftClk_IBUF_inst/O
                         net (fo=1, routed)           0.828     1.057    bftClk_IBUF
    BUFGCTRL_X0Y0        BUFG (Prop_bufg_I_O)         0.026     1.083 r  bftClk_IBUF_BUFG_inst/O
                         net (fo=730, routed)         0.559     1.641    egressLoop[7].egressFifo/buffer_fifo/clk
    SLICE_X19Y15         FDPE                                         r  egressLoop[7].egressFifo/buffer_fifo/infer_fifo.next_wr_addr_reg[0]/C
  -------------------------------------------------------------------    -------------------
    SLICE_X19Y15         FDPE (Prop_fdpe_C_Q)         0.128     1.769 r  egressLoop[7].egressFifo/buffer_fifo/infer_fifo.next_wr_addr_reg[0]/Q
                         net (fo=2, routed)           0.179     1.949    egressLoop[7].egressFifo/buffer_fifo/infer_fifo.next_wr_addr[0]
    SLICE_X23Y15         FDCE                                         r  egressLoop[7].egressFifo/buffer_fifo/infer_fifo.wr_addr_reg[0]/D
  -------------------------------------------------------------------    -------------------

                         (clock bftClk rise edge)     0.000     0.000 r  
    H15                                               0.000     0.000 r  bftClk (IN)
                         net (fo=0)                   0.000     0.000    bftClk
    H15                  IBUF (Prop_ibuf_I_O)         0.416     0.416 r  bftClk_IBUF_inst/O
                         net (fo=1, routed)           0.961     1.377    bftClk_IBUF
    BUFGCTRL_X0Y0        BUFG (Prop_bufg_I_O)         0.029     1.406 r  bftClk_IBUF_BUFG_inst/O
                         net (fo=730, routed)         0.822     2.228    egressLoop[7].egressFifo/buffer_fifo/clk
    SLICE_X23Y15         FDCE                                         r  egressLoop[7].egressFifo/buffer_fifo/infer_fifo.wr_addr_reg[0]/C
                         clock pessimism             -0.329     1.900    
    SLICE_X23Y15         FDCE (Hold_fdce_C_D)        -0.007     1.893    egressLoop[7].egressFifo/buffer_fifo/infer_fifo.wr_addr_reg[0]
  -------------------------------------------------------------------
                         required time                         -1.893    
                         arrival time                           1.949    
  -------------------------------------------------------------------
                         slack                                  0.056    

Slack (MET) :             0.074ns  (arrival time - required time)
  Source:                 egressLoop[4].egressFifo/buffer_fifo/infer_fifo.wr_addr_reg[6]/C
                            (rising edge-triggered cell FDCE clocked by bftClk  {rise@0.000ns fall@2.500ns period=5.000ns})
  Destination:            egressLoop[4].egressFifo/buffer_fifo/infer_fifo.block_ram_performance.fifo_ram_reg/ADDRARDADDR[11]
                            (rising edge-triggered cell RAMB36E1 clocked by bftClk  {rise@0.000ns fall@2.500ns period=5.000ns})
  Path Group:             bftClk
  Path Type:              Hold (Min at Fast Process Corner)
  Requirement:            0.000ns  (bftClk rise@0.000ns - bftClk rise@0.000ns)
  Data Path Delay:        0.311ns  (logic 0.141ns (45.351%)  route 0.170ns (54.649%))
  Logic Levels:           0  
  Clock Path Skew:        0.053ns (DCD - SCD - CPR)
    Destination Clock Delay (DCD):    2.268ns
    Source Clock Delay      (SCD):    1.638ns
    Clock Pessimism Removal (CPR):    0.576ns

    Location             Delay type                Incr(ns)  Path(ns)    Netlist Resource(s)
  -------------------------------------------------------------------    -------------------
                         (clock bftClk rise edge)     0.000     0.000 r  
    H15                                               0.000     0.000 r  bftClk (IN)
                         net (fo=0)                   0.000     0.000    bftClk
    H15                  IBUF (Prop_ibuf_I_O)         0.229     0.229 r  bftClk_IBUF_inst/O
                         net (fo=1, routed)           0.828     1.057    bftClk_IBUF
    BUFGCTRL_X0Y0        BUFG (Prop_bufg_I_O)         0.026     1.083 r  bftClk_IBUF_BUFG_inst/O
                         net (fo=730, routed)         0.556     1.638    egressLoop[4].egressFifo/buffer_fifo/clk
    SLICE_X7Y21          FDCE                                         r  egressLoop[4].egressFifo/buffer_fifo/infer_fifo.wr_addr_reg[6]/C
  -------------------------------------------------------------------    -------------------
    SLICE_X7Y21          FDCE (Prop_fdce_C_Q)         0.141     1.779 r  egressLoop[4].egressFifo/buffer_fifo/infer_fifo.wr_addr_reg[6]/Q
                         net (fo=3, routed)           0.170     1.949    egressLoop[4].egressFifo/buffer_fifo/infer_fifo.wr_addr[6]
    RAMB36_X0Y4          RAMB36E1                                     r  egressLoop[4].egressFifo/buffer_fifo/infer_fifo.block_ram_performance.fifo_ram_reg/ADDRARDADDR[11]
  -------------------------------------------------------------------    -------------------

                         (clock bftClk rise edge)     0.000     0.000 r  
    H15                                               0.000     0.000 r  bftClk (IN)
                         net (fo=0)                   0.000     0.000    bftClk
    H15                  IBUF (Prop_ibuf_I_O)         0.416     0.416 r  bftClk_IBUF_inst/O
                         net (fo=1, routed)           0.961     1.377    bftClk_IBUF
    BUFGCTRL_X0Y0        BUFG (Prop_bufg_I_O)         0.029     1.406 r  bftClk_IBUF_BUFG_inst/O
                         net (fo=730, routed)         0.861     2.268    egressLoop[4].egressFifo/buffer_fifo/clk
    RAMB36_X0Y4          RAMB36E1                                     r  egressLoop[4].egressFifo/buffer_fifo/infer_fifo.block_ram_performance.fifo_ram_reg/CLKARDCLK
                         clock pessimism             -0.576     1.692    
    RAMB36_X0Y4          RAMB36E1 (Hold_ramb36e1_CLKARDCLK_ADDRARDADDR[11])
                                                      0.183     1.875    egressLoop[4].egressFifo/buffer_fifo/infer_fifo.block_ram_performance.fifo_ram_reg
  -------------------------------------------------------------------
                         required time                         -1.875    
                         arrival time                           1.949    
  -------------------------------------------------------------------
                         slack                                  0.074    

Slack (MET) :             0.080ns  (arrival time - required time)
  Source:                 ingressLoop[6].ingressFifo/buffer_fifo/infer_fifo.rd_addr_reg[3]/C
                            (rising edge-triggered cell FDCE clocked by bftClk  {rise@0.000ns fall@2.500ns period=5.000ns})
  Destination:            ingressLoop[6].ingressFifo/buffer_fifo/infer_fifo.block_ram_performance.fifo_ram_reg/ADDRBWRADDR[8]
                            (rising edge-triggered cell RAMB36E1 clocked by bftClk  {rise@0.000ns fall@2.500ns period=5.000ns})
  Path Group:             bftClk
  Path Type:              Hold (Min at Fast Process Corner)
  Requirement:            0.000ns  (bftClk rise@0.000ns - bftClk rise@0.000ns)
  Data Path Delay:        0.321ns  (logic 0.141ns (43.923%)  route 0.180ns (56.077%))
  Logic Levels:           0  
  Clock Path Skew:        0.058ns (DCD - SCD - CPR)
    Destination Clock Delay (DCD):    2.280ns
    Source Clock Delay      (SCD):    1.644ns
    Clock Pessimism Removal (CPR):    0.577ns

    Location             Delay type                Incr(ns)  Path(ns)    Netlist Resource(s)
  -------------------------------------------------------------------    -------------------
                         (clock bftClk rise edge)     0.000     0.000 r  
    H15                                               0.000     0.000 r  bftClk (IN)
                         net (fo=0)                   0.000     0.000    bftClk
    H15                  IBUF (Prop_ibuf_I_O)         0.229     0.229 r  bftClk_IBUF_inst/O
                         net (fo=1, routed)           0.828     1.057    bftClk_IBUF
    BUFGCTRL_X0Y0        BUFG (Prop_bufg_I_O)         0.026     1.083 r  bftClk_IBUF_BUFG_inst/O
                         net (fo=730, routed)         0.562     1.644    ingressLoop[6].ingressFifo/buffer_fifo/clk
    SLICE_X27Y51         FDCE                                         r  ingressLoop[6].ingressFifo/buffer_fifo/infer_fifo.rd_addr_reg[3]/C
  -------------------------------------------------------------------    -------------------
    SLICE_X27Y51         FDCE (Prop_fdce_C_Q)         0.141     1.785 r  ingressLoop[6].ingressFifo/buffer_fifo/infer_fifo.rd_addr_reg[3]/Q
                         net (fo=3, routed)           0.180     1.965    ingressLoop[6].ingressFifo/buffer_fifo/infer_fifo.rd_addr[3]
    RAMB36_X1Y10         RAMB36E1                                     r  ingressLoop[6].ingressFifo/buffer_fifo/infer_fifo.block_ram_performance.fifo_ram_reg/ADDRBWRADDR[8]
  -------------------------------------------------------------------    -------------------

                         (clock bftClk rise edge)     0.000     0.000 r  
    H15                                               0.000     0.000 r  bftClk (IN)
                         net (fo=0)                   0.000     0.000    bftClk
    H15                  IBUF (Prop_ibuf_I_O)         0.416     0.416 r  bftClk_IBUF_inst/O
                         net (fo=1, routed)           0.961     1.377    bftClk_IBUF
    BUFGCTRL_X0Y0        BUFG (Prop_bufg_I_O)         0.029     1.406 r  bftClk_IBUF_BUFG_inst/O
                         net (fo=730, routed)         0.873     2.280    ingressLoop[6].ingressFifo/buffer_fifo/clk
    RAMB36_X1Y10         RAMB36E1                                     r  ingressLoop[6].ingressFifo/buffer_fifo/infer_fifo.block_ram_performance.fifo_ram_reg/CLKBWRCLK
                         clock pessimism             -0.577     1.703    
    RAMB36_X1Y10         RAMB36E1 (Hold_ramb36e1_CLKBWRCLK_ADDRBWRADDR[8])
                                                      0.183     1.886    ingressLoop[6].ingressFifo/buffer_fifo/infer_fifo.block_ram_performance.fifo_ram_reg
  -------------------------------------------------------------------
                         required time                         -1.886    
                         arrival time                           1.965    
  -------------------------------------------------------------------
                         slack                                  0.080    

Slack (MET) :             0.083ns  (arrival time - required time)
  Source:                 ingressLoop[6].ingressFifo/buffer_fifo/infer_fifo.rd_addr_reg[8]/C
                            (rising edge-triggered cell FDCE clocked by bftClk  {rise@0.000ns fall@2.500ns period=5.000ns})
  Destination:            ingressLoop[6].ingressFifo/buffer_fifo/infer_fifo.block_ram_performance.fifo_ram_reg/ADDRBWRADDR[13]
                            (rising edge-triggered cell RAMB36E1 clocked by bftClk  {rise@0.000ns fall@2.500ns period=5.000ns})
  Path Group:             bftClk
  Path Type:              Hold (Min at Fast Process Corner)
  Requirement:            0.000ns  (bftClk rise@0.000ns - bftClk rise@0.000ns)
  Data Path Delay:        0.325ns  (logic 0.141ns (43.406%)  route 0.184ns (56.594%))
  Logic Levels:           0  
  Clock Path Skew:        0.058ns (DCD - SCD - CPR)
    Destination Clock Delay (DCD):    2.280ns
    Source Clock Delay      (SCD):    1.644ns
    Clock Pessimism Removal (CPR):    0.577ns

    Location             Delay type                Incr(ns)  Path(ns)    Netlist Resource(s)
  -------------------------------------------------------------------    -------------------
                         (clock bftClk rise edge)     0.000     0.000 r  
    H15                                               0.000     0.000 r  bftClk (IN)
                         net (fo=0)                   0.000     0.000    bftClk
    H15                  IBUF (Prop_ibuf_I_O)         0.229     0.229 r  bftClk_IBUF_inst/O
                         net (fo=1, routed)           0.828     1.057    bftClk_IBUF
    BUFGCTRL_X0Y0        BUFG (Prop_bufg_I_O)         0.026     1.083 r  bftClk_IBUF_BUFG_inst/O
                         net (fo=730, routed)         0.562     1.644    ingressLoop[6].ingressFifo/buffer_fifo/clk
    SLICE_X26Y51         FDCE                                         r  ingressLoop[6].ingressFifo/buffer_fifo/infer_fifo.rd_addr_reg[8]/C
  -------------------------------------------------------------------    -------------------
    SLICE_X26Y51         FDCE (Prop_fdce_C_Q)         0.141     1.785 r  ingressLoop[6].ingressFifo/buffer_fifo/infer_fifo.rd_addr_reg[8]/Q
                         net (fo=3, routed)           0.184     1.969    ingressLoop[6].ingressFifo/buffer_fifo/infer_fifo.rd_addr[8]
    RAMB36_X1Y10         RAMB36E1                                     r  ingressLoop[6].ingressFifo/buffer_fifo/infer_fifo.block_ram_performance.fifo_ram_reg/ADDRBWRADDR[13]
  -------------------------------------------------------------------    -------------------

                         (clock bftClk rise edge)     0.000     0.000 r  
    H15                                               0.000     0.000 r  bftClk (IN)
                         net (fo=0)                   0.000     0.000    bftClk
    H15                  IBUF (Prop_ibuf_I_O)         0.416     0.416 r  bftClk_IBUF_inst/O
                         net (fo=1, routed)           0.961     1.377    bftClk_IBUF
    BUFGCTRL_X0Y0        BUFG (Prop_bufg_I_O)         0.029     1.406 r  bftClk_IBUF_BUFG_inst/O
                         net (fo=730, routed)         0.873     2.280    ingressLoop[6].ingressFifo/buffer_fifo/clk
    RAMB36_X1Y10         RAMB36E1                                     r  ingressLoop[6].ingressFifo/buffer_fifo/infer_fifo.block_ram_performance.fifo_ram_reg/CLKBWRCLK
                         clock pessimism             -0.577     1.703    
    RAMB36_X1Y10         RAMB36E1 (Hold_ramb36e1_CLKBWRCLK_ADDRBWRADDR[13])
                                                      0.183     1.886    ingressLoop[6].ingressFifo/buffer_fifo/infer_fifo.block_ram_performance.fifo_ram_reg
  -------------------------------------------------------------------
                         required time                         -1.886    
                         arrival time                           1.969    
  -------------------------------------------------------------------
                         slack                                  0.083    

Slack (MET) :             0.085ns  (arrival time - required time)
  Source:                 egressLoop[5].egressFifo/buffer_fifo/infer_fifo.wr_addr_reg[1]/C
                            (rising edge-triggered cell FDCE clocked by bftClk  {rise@0.000ns fall@2.500ns period=5.000ns})
  Destination:            egressLoop[5].egressFifo/buffer_fifo/infer_fifo.block_ram_performance.fifo_ram_reg/ADDRARDADDR[6]
                            (rising edge-triggered cell RAMB36E1 clocked by bftClk  {rise@0.000ns fall@2.500ns period=5.000ns})
  Path Group:             bftClk
  Path Type:              Hold (Min at Fast Process Corner)
  Requirement:            0.000ns  (bftClk rise@0.000ns - bftClk rise@0.000ns)
  Data Path Delay:        0.323ns  (logic 0.141ns (43.647%)  route 0.182ns (56.353%))
  Logic Levels:           0  
  Clock Path Skew:        0.055ns (DCD - SCD - CPR)
    Destination Clock Delay (DCD):    2.274ns
    Source Clock Delay      (SCD):    1.642ns
    Clock Pessimism Removal (CPR):    0.576ns

    Location             Delay type                Incr(ns)  Path(ns)    Netlist Resource(s)
  -------------------------------------------------------------------    -------------------
                         (clock bftClk rise edge)     0.000     0.000 r  
    H15                                               0.000     0.000 r  bftClk (IN)
                         net (fo=0)                   0.000     0.000    bftClk
    H15                  IBUF (Prop_ibuf_I_O)         0.229     0.229 r  bftClk_IBUF_inst/O
                         net (fo=1, routed)           0.828     1.057    bftClk_IBUF
    BUFGCTRL_X0Y0        BUFG (Prop_bufg_I_O)         0.026     1.083 r  bftClk_IBUF_BUFG_inst/O
                         net (fo=730, routed)         0.560     1.642    egressLoop[5].egressFifo/buffer_fifo/clk
    SLICE_X7Y17          FDCE                                         r  egressLoop[5].egressFifo/buffer_fifo/infer_fifo.wr_addr_reg[1]/C
  -------------------------------------------------------------------    -------------------
    SLICE_X7Y17          FDCE (Prop_fdce_C_Q)         0.141     1.783 r  egressLoop[5].egressFifo/buffer_fifo/infer_fifo.wr_addr_reg[1]/Q
                         net (fo=3, routed)           0.182     1.965    egressLoop[5].egressFifo/buffer_fifo/infer_fifo.wr_addr[1]
    RAMB36_X0Y3          RAMB36E1                                     r  egressLoop[5].egressFifo/buffer_fifo/infer_fifo.block_ram_performance.fifo_ram_reg/ADDRARDADDR[6]
  -------------------------------------------------------------------    -------------------

                         (clock bftClk rise edge)     0.000     0.000 r  
    H15                                               0.000     0.000 r  bftClk (IN)
                         net (fo=0)                   0.000     0.000    bftClk
    H15                  IBUF (Prop_ibuf_I_O)         0.416     0.416 r  bftClk_IBUF_inst/O
                         net (fo=1, routed)           0.961     1.377    bftClk_IBUF
    BUFGCTRL_X0Y0        BUFG (Prop_bufg_I_O)         0.029     1.406 r  bftClk_IBUF_BUFG_inst/O
                         net (fo=730, routed)         0.867     2.274    egressLoop[5].egressFifo/buffer_fifo/clk
    RAMB36_X0Y3          RAMB36E1                                     r  egressLoop[5].egressFifo/buffer_fifo/infer_fifo.block_ram_performance.fifo_ram_reg/CLKARDCLK
                         clock pessimism             -0.576     1.698    
    RAMB36_X0Y3          RAMB36E1 (Hold_ramb36e1_CLKARDCLK_ADDRARDADDR[6])
                                                      0.183     1.881    egressLoop[5].egressFifo/buffer_fifo/infer_fifo.block_ram_performance.fifo_ram_reg
  -------------------------------------------------------------------
                         required time                         -1.881    
                         arrival time                           1.965    
  -------------------------------------------------------------------
                         slack                                  0.085    

Slack (MET) :             0.097ns  (arrival time - required time)
  Source:                 egressLoop[2].egressFifo/buffer_fifo/infer_fifo.next_wr_addr_reg[2]/C
                            (rising edge-triggered cell FDCE clocked by bftClk  {rise@0.000ns fall@2.500ns period=5.000ns})
  Destination:            egressLoop[2].egressFifo/buffer_fifo/infer_fifo.wr_addr_reg[2]/D
                            (rising edge-triggered cell FDCE clocked by bftClk  {rise@0.000ns fall@2.500ns period=5.000ns})
  Path Group:             bftClk
  Path Type:              Hold (Min at Fast Process Corner)
  Requirement:            0.000ns  (bftClk rise@0.000ns - bftClk rise@0.000ns)
  Data Path Delay:        0.371ns  (logic 0.128ns (34.463%)  route 0.243ns (65.537%))
  Logic Levels:           0  
  Clock Path Skew:        0.257ns (DCD - SCD - CPR)
    Destination Clock Delay (DCD):    2.223ns
    Source Clock Delay      (SCD):    1.637ns
    Clock Pessimism Removal (CPR):    0.329ns

    Location             Delay type                Incr(ns)  Path(ns)    Netlist Resource(s)
  -------------------------------------------------------------------    -------------------
                         (clock bftClk rise edge)     0.000     0.000 r  
    H15                                               0.000     0.000 r  bftClk (IN)
                         net (fo=0)                   0.000     0.000    bftClk
    H15                  IBUF (Prop_ibuf_I_O)         0.229     0.229 r  bftClk_IBUF_inst/O
                         net (fo=1, routed)           0.828     1.057    bftClk_IBUF
    BUFGCTRL_X0Y0        BUFG (Prop_bufg_I_O)         0.026     1.083 r  bftClk_IBUF_BUFG_inst/O
                         net (fo=730, routed)         0.555     1.637    egressLoop[2].egressFifo/buffer_fifo/clk
    SLICE_X18Y30         FDCE                                         r  egressLoop[2].egressFifo/buffer_fifo/infer_fifo.next_wr_addr_reg[2]/C
  -------------------------------------------------------------------    -------------------
    SLICE_X18Y30         FDCE (Prop_fdce_C_Q)         0.128     1.765 r  egressLoop[2].egressFifo/buffer_fifo/infer_fifo.next_wr_addr_reg[2]/Q
                         net (fo=2, routed)           0.243     2.009    egressLoop[2].egressFifo/buffer_fifo/infer_fifo.next_wr_addr[2]
    SLICE_X22Y29         FDCE                                         r  egressLoop[2].egressFifo/buffer_fifo/infer_fifo.wr_addr_reg[2]/D
  -------------------------------------------------------------------    -------------------

                         (clock bftClk rise edge)     0.000     0.000 r  
    H15                                               0.000     0.000 r  bftClk (IN)
                         net (fo=0)                   0.000     0.000    bftClk
    H15                  IBUF (Prop_ibuf_I_O)         0.416     0.416 r  bftClk_IBUF_inst/O
                         net (fo=1, routed)           0.961     1.377    bftClk_IBUF
    BUFGCTRL_X0Y0        BUFG (Prop_bufg_I_O)         0.029     1.406 r  bftClk_IBUF_BUFG_inst/O
                         net (fo=730, routed)         0.817     2.223    egressLoop[2].egressFifo/buffer_fifo/clk
    SLICE_X22Y29         FDCE                                         r  egressLoop[2].egressFifo/buffer_fifo/infer_fifo.wr_addr_reg[2]/C
                         clock pessimism             -0.329     1.895    
    SLICE_X22Y29         FDCE (Hold_fdce_C_D)         0.017     1.912    egressLoop[2].egressFifo/buffer_fifo/infer_fifo.wr_addr_reg[2]
  -------------------------------------------------------------------
                         required time                         -1.912    
                         arrival time                           2.009    
  -------------------------------------------------------------------
                         slack                                  0.097    

Slack (MET) :             0.097ns  (arrival time - required time)
  Source:                 egressLoop[7].egressFifo/buffer_fifo/infer_fifo.next_wr_addr_reg[4]/C
                            (rising edge-triggered cell FDCE clocked by bftClk  {rise@0.000ns fall@2.500ns period=5.000ns})
  Destination:            egressLoop[7].egressFifo/buffer_fifo/infer_fifo.wr_addr_reg[4]/D
                            (rising edge-triggered cell FDCE clocked by bftClk  {rise@0.000ns fall@2.500ns period=5.000ns})
  Path Group:             bftClk
  Path Type:              Hold (Min at Fast Process Corner)
  Requirement:            0.000ns  (bftClk rise@0.000ns - bftClk rise@0.000ns)
  Data Path Delay:        0.378ns  (logic 0.128ns (33.892%)  route 0.250ns (66.108%))
  Logic Levels:           0  
  Clock Path Skew:        0.258ns (DCD - SCD - CPR)
    Destination Clock Delay (DCD):    2.228ns
    Source Clock Delay      (SCD):    1.641ns
    Clock Pessimism Removal (CPR):    0.329ns

    Location             Delay type                Incr(ns)  Path(ns)    Netlist Resource(s)
  -------------------------------------------------------------------    -------------------
                         (clock bftClk rise edge)     0.000     0.000 r  
    H15                                               0.000     0.000 r  bftClk (IN)
                         net (fo=0)                   0.000     0.000    bftClk
    H15                  IBUF (Prop_ibuf_I_O)         0.229     0.229 r  bftClk_IBUF_inst/O
                         net (fo=1, routed)           0.828     1.057    bftClk_IBUF
    BUFGCTRL_X0Y0        BUFG (Prop_bufg_I_O)         0.026     1.083 r  bftClk_IBUF_BUFG_inst/O
                         net (fo=730, routed)         0.559     1.641    egressLoop[7].egressFifo/buffer_fifo/clk
    SLICE_X19Y15         FDCE                                         r  egressLoop[7].egressFifo/buffer_fifo/infer_fifo.next_wr_addr_reg[4]/C
  -------------------------------------------------------------------    -------------------
    SLICE_X19Y15         FDCE (Prop_fdce_C_Q)         0.128     1.769 r  egressLoop[7].egressFifo/buffer_fifo/infer_fifo.next_wr_addr_reg[4]/Q
                         net (fo=2, routed)           0.250     2.019    egressLoop[7].egressFifo/buffer_fifo/infer_fifo.next_wr_addr[4]
    SLICE_X23Y15         FDCE                                         r  egressLoop[7].egressFifo/buffer_fifo/infer_fifo.wr_addr_reg[4]/D
  -------------------------------------------------------------------    -------------------

                         (clock bftClk rise edge)     0.000     0.000 r  
    H15                                               0.000     0.000 r  bftClk (IN)
                         net (fo=0)                   0.000     0.000    bftClk
    H15                  IBUF (Prop_ibuf_I_O)         0.416     0.416 r  bftClk_IBUF_inst/O
                         net (fo=1, routed)           0.961     1.377    bftClk_IBUF
    BUFGCTRL_X0Y0        BUFG (Prop_bufg_I_O)         0.029     1.406 r  bftClk_IBUF_BUFG_inst/O
                         net (fo=730, routed)         0.822     2.228    egressLoop[7].egressFifo/buffer_fifo/clk
    SLICE_X23Y15         FDCE                                         r  egressLoop[7].egressFifo/buffer_fifo/infer_fifo.wr_addr_reg[4]/C
                         clock pessimism             -0.329     1.900    
    SLICE_X23Y15         FDCE (Hold_fdce_C_D)         0.022     1.922    egressLoop[7].egressFifo/buffer_fifo/infer_fifo.wr_addr_reg[4]
  -------------------------------------------------------------------
                         required time                         -1.922    
                         arrival time                           2.019    
  -------------------------------------------------------------------
                         slack                                  0.097    





Pulse Width Checks
--------------------------------------------------------------------------------------
Clock Name:         bftClk
Waveform(ns):       { 0.000 2.500 }
Period(ns):         5.000
Sources:            { bftClk }

Check Type        Corner  Lib Pin      Reference Pin  Required(ns)  Actual(ns)  Slack(ns)  Location      Pin
Min Period        n/a     DSP48E1/CLK  n/a            3.884         5.000       1.116      DSP48_X0Y31   arnd1/transformLoop[0].ct/xOutReg_reg/CLK
Min Period        n/a     DSP48E1/CLK  n/a            3.884         5.000       1.116      DSP48_X0Y27   arnd1/transformLoop[0].ct/xOutStepReg_reg/CLK
Min Period        n/a     DSP48E1/CLK  n/a            3.884         5.000       1.116      DSP48_X1Y32   arnd1/transformLoop[1].ct/xOutReg_reg/CLK
Min Period        n/a     DSP48E1/CLK  n/a            3.884         5.000       1.116      DSP48_X1Y33   arnd1/transformLoop[1].ct/xOutStepReg_reg/CLK
Min Period        n/a     DSP48E1/CLK  n/a            3.884         5.000       1.116      DSP48_X0Y35   arnd1/transformLoop[2].ct/xOutReg_reg/CLK
Min Period        n/a     DSP48E1/CLK  n/a            3.884         5.000       1.116      DSP48_X0Y34   arnd1/transformLoop[2].ct/xOutStepReg_reg/CLK
Min Period        n/a     DSP48E1/CLK  n/a            3.884         5.000       1.116      DSP48_X0Y33   arnd1/transformLoop[3].ct/xOutReg_reg/CLK
Min Period        n/a     DSP48E1/CLK  n/a            3.884         5.000       1.116      DSP48_X0Y30   arnd1/transformLoop[3].ct/xOutStepReg_reg/CLK
Min Period        n/a     DSP48E1/CLK  n/a            3.884         5.000       1.116      DSP48_X1Y13   arnd1/transformLoop[4].ct/xOutReg_reg/CLK
Min Period        n/a     DSP48E1/CLK  n/a            3.884         5.000       1.116      DSP48_X1Y12   arnd1/transformLoop[4].ct/xOutStepReg_reg/CLK
Low Pulse Width   Slow    FDRE/C       n/a            0.500         2.500       2.000      SLICE_X18Y32  validForEgressFifo_reg[0]/C
Low Pulse Width   Fast    FDRE/C       n/a            0.500         2.500       2.000      SLICE_X18Y32  validForEgressFifo_reg[0]/C
Low Pulse Width   Slow    FDRE/C       n/a            0.500         2.500       2.000      SLICE_X18Y32  validForEgressFifo_reg[1]/C
Low Pulse Width   Fast    FDRE/C       n/a            0.500         2.500       2.000      SLICE_X18Y32  validForEgressFifo_reg[1]/C
Low Pulse Width   Slow    FDRE/C       n/a            0.500         2.500       2.000      SLICE_X18Y32  validForEgressFifo_reg[2]/C
Low Pulse Width   Fast    FDRE/C       n/a            0.500         2.500       2.000      SLICE_X18Y32  validForEgressFifo_reg[2]/C
Low Pulse Width   Slow    FDRE/C       n/a            0.500         2.500       2.000      SLICE_X18Y32  validForEgressFifo_reg[3]/C
Low Pulse Width   Fast    FDRE/C       n/a            0.500         2.500       2.000      SLICE_X18Y32  validForEgressFifo_reg[3]/C
Low Pulse Width   Slow    FDRE/C       n/a            0.500         2.500       2.000      SLICE_X19Y32  validForEgressFifo_reg[4]/C
Low Pulse Width   Fast    FDRE/C       n/a            0.500         2.500       2.000      SLICE_X19Y32  validForEgressFifo_reg[4]/C
High Pulse Width  Slow    FDRE/C       n/a            0.500         2.500       2.000      SLICE_X18Y32  validForEgressFifo_reg[0]/C
High Pulse Width  Fast    FDRE/C       n/a            0.500         2.500       2.000      SLICE_X18Y32  validForEgressFifo_reg[0]/C
High Pulse Width  Slow    FDRE/C       n/a            0.500         2.500       2.000      SLICE_X18Y32  validForEgressFifo_reg[1]/C
High Pulse Width  Fast    FDRE/C       n/a            0.500         2.500       2.000      SLICE_X18Y32  validForEgressFifo_reg[1]/C
High Pulse Width  Slow    FDRE/C       n/a            0.500         2.500       2.000      SLICE_X18Y32  validForEgressFifo_reg[2]/C
High Pulse Width  Fast    FDRE/C       n/a            0.500         2.500       2.000      SLICE_X18Y32  validForEgressFifo_reg[2]/C
High Pulse Width  Slow    FDRE/C       n/a            0.500         2.500       2.000      SLICE_X18Y32  validForEgressFifo_reg[3]/C
High Pulse Width  Fast    FDRE/C       n/a            0.500         2.500       2.000      SLICE_X18Y32  validForEgressFifo_reg[3]/C
High Pulse Width  Slow    FDRE/C       n/a            0.500         2.500       2.000      SLICE_X19Y32  validForEgressFifo_reg[4]/C
High Pulse Width  Fast    FDRE/C       n/a            0.500         2.500       2.000      SLICE_X19Y32  validForEgressFifo_reg[4]/C



---------------------------------------------------------------------------------------------------
From Clock:  wbClk
  To Clock:  wbClk

Setup :            0  Failing Endpoints,  Worst Slack        3.628ns,  Total Violation        0.000ns
Hold  :            0  Failing Endpoints,  Worst Slack        0.008ns,  Total Violation        0.000ns
PW    :            0  Failing Endpoints,  Worst Slack        4.500ns,  Total Violation        0.000ns
---------------------------------------------------------------------------------------------------


Max Delay Paths
--------------------------------------------------------------------------------------
Slack (MET) :             3.628ns  (required time - arrival time)
  Source:                 egressLoop[3].egressFifo/buffer_fifo/infer_fifo.block_ram_performance.fifo_ram_reg/CLKBWRCLK
                            (rising edge-triggered cell RAMB36E1 clocked by wbClk  {rise@0.000ns fall@5.000ns period=10.000ns})
  Destination:            wbOutputData_reg[11]/D
                            (rising edge-triggered cell FDRE clocked by wbClk  {rise@0.000ns fall@5.000ns period=10.000ns})
  Path Group:             wbClk
  Path Type:              Setup (Max at Slow Process Corner)
  Requirement:            10.000ns  (wbClk rise@10.000ns - wbClk rise@0.000ns)
  Data Path Delay:        6.141ns  (logic 2.702ns (43.999%)  route 3.439ns (56.001%))
  Logic Levels:           2  (LUT6=2)
  Clock Path Skew:        -0.224ns (DCD - SCD + CPR)
    Destination Clock Delay (DCD):    4.843ns = ( 14.843 - 10.000 ) 
    Source Clock Delay      (SCD):    5.358ns
    Clock Pessimism Removal (CPR):    0.290ns
  Clock Uncertainty:      0.035ns  ((TSJ^2 + TIJ^2)^1/2 + DJ) / 2 + PE
    Total System Jitter     (TSJ):    0.071ns
    Total Input Jitter      (TIJ):    0.000ns
    Discrete Jitter          (DJ):    0.000ns
    Phase Error              (PE):    0.000ns

    Location             Delay type                Incr(ns)  Path(ns)    Netlist Resource(s)
  -------------------------------------------------------------------    -------------------
                         (clock wbClk rise edge)      0.000     0.000 r  
    H16                                               0.000     0.000 r  wbClk (IN)
                         net (fo=0)                   0.000     0.000    wbClk
    H16                  IBUF (Prop_ibuf_I_O)         1.457     1.457 r  wbClk_IBUF_inst/O
                         net (fo=1, routed)           2.076     3.533    wbClk_IBUF
    BUFGCTRL_X0Y16       BUFG (Prop_bufg_I_O)         0.101     3.634 r  wbClk_IBUF_BUFG_inst/O
                         net (fo=704, routed)         1.723     5.358    egressLoop[3].egressFifo/buffer_fifo/rd_clk
    RAMB36_X0Y2          RAMB36E1                                     r  egressLoop[3].egressFifo/buffer_fifo/infer_fifo.block_ram_performance.fifo_ram_reg/CLKBWRCLK
  -------------------------------------------------------------------    -------------------
    RAMB36_X0Y2          RAMB36E1 (Prop_ramb36e1_CLKBWRCLK_DOBDO[11])
                                                      2.454     7.812 r  egressLoop[3].egressFifo/buffer_fifo/infer_fifo.block_ram_performance.fifo_ram_reg/DOBDO[11]
                         net (fo=1, routed)           1.548     9.360    egressLoop[3].egressFifo/buffer_fifo/demux[3][11]
    SLICE_X7Y23          LUT6 (Prop_lut6_I0_O)        0.124     9.484 r  egressLoop[3].egressFifo/buffer_fifo/wbOutputData[11]_i_2/O
                         net (fo=1, routed)           1.891    11.375    egressLoop[3].egressFifo/buffer_fifo/wbOutputData[11]_i_2_n_0
    SLICE_X26Y24         LUT6 (Prop_lut6_I0_O)        0.124    11.499 r  egressLoop[3].egressFifo/buffer_fifo/wbOutputData[11]_i_1/O
                         net (fo=1, routed)           0.000    11.499    egressLoop[3].egressFifo_n_21
    SLICE_X26Y24         FDRE                                         r  wbOutputData_reg[11]/D
  -------------------------------------------------------------------    -------------------

                         (clock wbClk rise edge)     10.000    10.000 r  
    H16                                               0.000    10.000 r  wbClk (IN)
                         net (fo=0)                   0.000    10.000    wbClk
    H16                  IBUF (Prop_ibuf_I_O)         1.387    11.387 r  wbClk_IBUF_inst/O
                         net (fo=1, routed)           1.880    13.267    wbClk_IBUF
    BUFGCTRL_X0Y16       BUFG (Prop_bufg_I_O)         0.091    13.358 r  wbClk_IBUF_BUFG_inst/O
                         net (fo=704, routed)         1.485    14.843    wbClk_IBUF_BUFG
    SLICE_X26Y24         FDRE                                         r  wbOutputData_reg[11]/C
                         clock pessimism              0.290    15.134    
                         clock uncertainty           -0.035    15.098    
    SLICE_X26Y24         FDRE (Setup_fdre_C_D)        0.029    15.127    wbOutputData_reg[11]
  -------------------------------------------------------------------
                         required time                         15.127    
                         arrival time                         -11.499    
  -------------------------------------------------------------------
                         slack                                  3.628    

Slack (MET) :             3.663ns  (required time - arrival time)
  Source:                 egressLoop[3].egressFifo/buffer_fifo/infer_fifo.block_ram_performance.fifo_ram_reg/CLKBWRCLK
                            (rising edge-triggered cell RAMB36E1 clocked by wbClk  {rise@0.000ns fall@5.000ns period=10.000ns})
  Destination:            wbOutputData_reg[24]/D
                            (rising edge-triggered cell FDRE clocked by wbClk  {rise@0.000ns fall@5.000ns period=10.000ns})
  Path Group:             wbClk
  Path Type:              Setup (Max at Slow Process Corner)
  Requirement:            10.000ns  (wbClk rise@10.000ns - wbClk rise@0.000ns)
  Data Path Delay:        6.112ns  (logic 2.702ns (44.210%)  route 3.410ns (55.790%))
  Logic Levels:           2  (LUT6=2)
  Clock Path Skew:        -0.219ns (DCD - SCD + CPR)
    Destination Clock Delay (DCD):    4.848ns = ( 14.848 - 10.000 ) 
    Source Clock Delay      (SCD):    5.358ns
    Clock Pessimism Removal (CPR):    0.290ns
  Clock Uncertainty:      0.035ns  ((TSJ^2 + TIJ^2)^1/2 + DJ) / 2 + PE
    Total System Jitter     (TSJ):    0.071ns
    Total Input Jitter      (TIJ):    0.000ns
    Discrete Jitter          (DJ):    0.000ns
    Phase Error              (PE):    0.000ns

    Location             Delay type                Incr(ns)  Path(ns)    Netlist Resource(s)
  -------------------------------------------------------------------    -------------------
                         (clock wbClk rise edge)      0.000     0.000 r  
    H16                                               0.000     0.000 r  wbClk (IN)
                         net (fo=0)                   0.000     0.000    wbClk
    H16                  IBUF (Prop_ibuf_I_O)         1.457     1.457 r  wbClk_IBUF_inst/O
                         net (fo=1, routed)           2.076     3.533    wbClk_IBUF
    BUFGCTRL_X0Y16       BUFG (Prop_bufg_I_O)         0.101     3.634 r  wbClk_IBUF_BUFG_inst/O
                         net (fo=704, routed)         1.723     5.358    egressLoop[3].egressFifo/buffer_fifo/rd_clk
    RAMB36_X0Y2          RAMB36E1                                     r  egressLoop[3].egressFifo/buffer_fifo/infer_fifo.block_ram_performance.fifo_ram_reg/CLKBWRCLK
  -------------------------------------------------------------------    -------------------
    RAMB36_X0Y2          RAMB36E1 (Prop_ramb36e1_CLKBWRCLK_DOBDO[24])
                                                      2.454     7.812 r  egressLoop[3].egressFifo/buffer_fifo/infer_fifo.block_ram_performance.fifo_ram_reg/DOBDO[24]
                         net (fo=1, routed)           1.552     9.364    egressLoop[3].egressFifo/buffer_fifo/demux[3][24]
    SLICE_X6Y20          LUT6 (Prop_lut6_I0_O)        0.124     9.488 r  egressLoop[3].egressFifo/buffer_fifo/wbOutputData[24]_i_2/O
                         net (fo=1, routed)           1.857    11.345    egressLoop[3].egressFifo/buffer_fifo/wbOutputData[24]_i_2_n_0
    SLICE_X27Y21         LUT6 (Prop_lut6_I0_O)        0.124    11.469 r  egressLoop[3].egressFifo/buffer_fifo/wbOutputData[24]_i_1/O
                         net (fo=1, routed)           0.000    11.469    egressLoop[3].egressFifo_n_8
    SLICE_X27Y21         FDRE                                         r  wbOutputData_reg[24]/D
  -------------------------------------------------------------------    -------------------

                         (clock wbClk rise edge)     10.000    10.000 r  
    H16                                               0.000    10.000 r  wbClk (IN)
                         net (fo=0)                   0.000    10.000    wbClk
    H16                  IBUF (Prop_ibuf_I_O)         1.387    11.387 r  wbClk_IBUF_inst/O
                         net (fo=1, routed)           1.880    13.267    wbClk_IBUF
    BUFGCTRL_X0Y16       BUFG (Prop_bufg_I_O)         0.091    13.358 r  wbClk_IBUF_BUFG_inst/O
                         net (fo=704, routed)         1.490    14.848    wbClk_IBUF_BUFG
    SLICE_X27Y21         FDRE                                         r  wbOutputData_reg[24]/C
                         clock pessimism              0.290    15.139    
                         clock uncertainty           -0.035    15.103    
    SLICE_X27Y21         FDRE (Setup_fdre_C_D)        0.029    15.132    wbOutputData_reg[24]
  -------------------------------------------------------------------
                         required time                         15.132    
                         arrival time                         -11.469    
  -------------------------------------------------------------------
                         slack                                  3.663    

Slack (MET) :             3.761ns  (required time - arrival time)
  Source:                 egressLoop[1].egressFifo/buffer_fifo/infer_fifo.block_ram_performance.fifo_ram_reg/CLKBWRCLK
                            (rising edge-triggered cell RAMB36E1 clocked by wbClk  {rise@0.000ns fall@5.000ns period=10.000ns})
  Destination:            wbOutputData_reg[29]/D
                            (rising edge-triggered cell FDRE clocked by wbClk  {rise@0.000ns fall@5.000ns period=10.000ns})
  Path Group:             wbClk
  Path Type:              Setup (Max at Slow Process Corner)
  Requirement:            10.000ns  (wbClk rise@10.000ns - wbClk rise@0.000ns)
  Data Path Delay:        6.170ns  (logic 2.702ns (43.793%)  route 3.468ns (56.207%))
  Logic Levels:           2  (LUT6=2)
  Clock Path Skew:        -0.065ns (DCD - SCD + CPR)
    Destination Clock Delay (DCD):    4.848ns = ( 14.848 - 10.000 ) 
    Source Clock Delay      (SCD):    5.339ns
    Clock Pessimism Removal (CPR):    0.425ns
  Clock Uncertainty:      0.035ns  ((TSJ^2 + TIJ^2)^1/2 + DJ) / 2 + PE
    Total System Jitter     (TSJ):    0.071ns
    Total Input Jitter      (TIJ):    0.000ns
    Discrete Jitter          (DJ):    0.000ns
    Phase Error              (PE):    0.000ns

    Location             Delay type                Incr(ns)  Path(ns)    Netlist Resource(s)
  -------------------------------------------------------------------    -------------------
                         (clock wbClk rise edge)      0.000     0.000 r  
    H16                                               0.000     0.000 r  wbClk (IN)
                         net (fo=0)                   0.000     0.000    wbClk
    H16                  IBUF (Prop_ibuf_I_O)         1.457     1.457 r  wbClk_IBUF_inst/O
                         net (fo=1, routed)           2.076     3.533    wbClk_IBUF
    BUFGCTRL_X0Y16       BUFG (Prop_bufg_I_O)         0.101     3.634 r  wbClk_IBUF_BUFG_inst/O
                         net (fo=704, routed)         1.704     5.339    egressLoop[1].egressFifo/buffer_fifo/rd_clk
    RAMB36_X1Y4          RAMB36E1                                     r  egressLoop[1].egressFifo/buffer_fifo/infer_fifo.block_ram_performance.fifo_ram_reg/CLKBWRCLK
  -------------------------------------------------------------------    -------------------
    RAMB36_X1Y4          RAMB36E1 (Prop_ramb36e1_CLKBWRCLK_DOBDO[29])
                                                      2.454     7.793 r  egressLoop[1].egressFifo/buffer_fifo/infer_fifo.block_ram_performance.fifo_ram_reg/DOBDO[29]
                         net (fo=1, routed)           1.674     9.466    egressLoop[0].egressFifo/buffer_fifo/wbOutputData_reg[31]_0[29]
    SLICE_X15Y32         LUT6 (Prop_lut6_I5_O)        0.124     9.590 r  egressLoop[0].egressFifo/buffer_fifo/wbOutputData[29]_i_3/O
                         net (fo=1, routed)           1.794    11.385    egressLoop[3].egressFifo/buffer_fifo/wbOutputData_reg[29]
    SLICE_X26Y21         LUT6 (Prop_lut6_I1_O)        0.124    11.509 r  egressLoop[3].egressFifo/buffer_fifo/wbOutputData[29]_i_1/O
                         net (fo=1, routed)           0.000    11.509    egressLoop[3].egressFifo_n_3
    SLICE_X26Y21         FDRE                                         r  wbOutputData_reg[29]/D
  -------------------------------------------------------------------    -------------------

                         (clock wbClk rise edge)     10.000    10.000 r  
    H16                                               0.000    10.000 r  wbClk (IN)
                         net (fo=0)                   0.000    10.000    wbClk
    H16                  IBUF (Prop_ibuf_I_O)         1.387    11.387 r  wbClk_IBUF_inst/O
                         net (fo=1, routed)           1.880    13.267    wbClk_IBUF
    BUFGCTRL_X0Y16       BUFG (Prop_bufg_I_O)         0.091    13.358 r  wbClk_IBUF_BUFG_inst/O
                         net (fo=704, routed)         1.490    14.848    wbClk_IBUF_BUFG
    SLICE_X26Y21         FDRE                                         r  wbOutputData_reg[29]/C
                         clock pessimism              0.425    15.273    
                         clock uncertainty           -0.035    15.238    
    SLICE_X26Y21         FDRE (Setup_fdre_C_D)        0.032    15.270    wbOutputData_reg[29]
  -------------------------------------------------------------------
                         required time                         15.270    
                         arrival time                         -11.509    
  -------------------------------------------------------------------
                         slack                                  3.761    

Slack (MET) :             3.781ns  (required time - arrival time)
  Source:                 egressLoop[5].egressFifo/buffer_fifo/infer_fifo.block_ram_performance.fifo_ram_reg/CLKBWRCLK
                            (rising edge-triggered cell RAMB36E1 clocked by wbClk  {rise@0.000ns fall@5.000ns period=10.000ns})
  Destination:            wbOutputData_reg[9]/D
                            (rising edge-triggered cell FDRE clocked by wbClk  {rise@0.000ns fall@5.000ns period=10.000ns})
  Path Group:             wbClk
  Path Type:              Setup (Max at Slow Process Corner)
  Requirement:            10.000ns  (wbClk rise@10.000ns - wbClk rise@0.000ns)
  Data Path Delay:        5.997ns  (logic 2.702ns (45.056%)  route 3.295ns (54.944%))
  Logic Levels:           2  (LUT6=2)
  Clock Path Skew:        -0.219ns (DCD - SCD + CPR)
    Destination Clock Delay (DCD):    4.843ns = ( 14.843 - 10.000 ) 
    Source Clock Delay      (SCD):    5.353ns
    Clock Pessimism Removal (CPR):    0.290ns
  Clock Uncertainty:      0.035ns  ((TSJ^2 + TIJ^2)^1/2 + DJ) / 2 + PE
    Total System Jitter     (TSJ):    0.071ns
    Total Input Jitter      (TIJ):    0.000ns
    Discrete Jitter          (DJ):    0.000ns
    Phase Error              (PE):    0.000ns

    Location             Delay type                Incr(ns)  Path(ns)    Netlist Resource(s)
  -------------------------------------------------------------------    -------------------
                         (clock wbClk rise edge)      0.000     0.000 r  
    H16                                               0.000     0.000 r  wbClk (IN)
                         net (fo=0)                   0.000     0.000    wbClk
    H16                  IBUF (Prop_ibuf_I_O)         1.457     1.457 r  wbClk_IBUF_inst/O
                         net (fo=1, routed)           2.076     3.533    wbClk_IBUF
    BUFGCTRL_X0Y16       BUFG (Prop_bufg_I_O)         0.101     3.634 r  wbClk_IBUF_BUFG_inst/O
                         net (fo=704, routed)         1.718     5.353    egressLoop[5].egressFifo/buffer_fifo/rd_clk
    RAMB36_X0Y3          RAMB36E1                                     r  egressLoop[5].egressFifo/buffer_fifo/infer_fifo.block_ram_performance.fifo_ram_reg/CLKBWRCLK
  -------------------------------------------------------------------    -------------------
    RAMB36_X0Y3          RAMB36E1 (Prop_ramb36e1_CLKBWRCLK_DOBDO[9])
                                                      2.454     7.807 r  egressLoop[5].egressFifo/buffer_fifo/infer_fifo.block_ram_performance.fifo_ram_reg/DOBDO[9]
                         net (fo=1, routed)           1.467     9.274    egressLoop[3].egressFifo/buffer_fifo/wbOutputData_reg[31]_0[9]
    SLICE_X8Y23          LUT6 (Prop_lut6_I3_O)        0.124     9.398 r  egressLoop[3].egressFifo/buffer_fifo/wbOutputData[9]_i_2/O
                         net (fo=1, routed)           1.828    11.226    egressLoop[3].egressFifo/buffer_fifo/wbOutputData[9]_i_2_n_0
    SLICE_X26Y24         LUT6 (Prop_lut6_I0_O)        0.124    11.350 r  egressLoop[3].egressFifo/buffer_fifo/wbOutputData[9]_i_1/O
                         net (fo=1, routed)           0.000    11.350    egressLoop[3].egressFifo_n_23
    SLICE_X26Y24         FDRE                                         r  wbOutputData_reg[9]/D
  -------------------------------------------------------------------    -------------------

                         (clock wbClk rise edge)     10.000    10.000 r  
    H16                                               0.000    10.000 r  wbClk (IN)
                         net (fo=0)                   0.000    10.000    wbClk
    H16                  IBUF (Prop_ibuf_I_O)         1.387    11.387 r  wbClk_IBUF_inst/O
                         net (fo=1, routed)           1.880    13.267    wbClk_IBUF
    BUFGCTRL_X0Y16       BUFG (Prop_bufg_I_O)         0.091    13.358 r  wbClk_IBUF_BUFG_inst/O
                         net (fo=704, routed)         1.485    14.843    wbClk_IBUF_BUFG
    SLICE_X26Y24         FDRE                                         r  wbOutputData_reg[9]/C
                         clock pessimism              0.290    15.134    
                         clock uncertainty           -0.035    15.098    
    SLICE_X26Y24         FDRE (Setup_fdre_C_D)        0.032    15.130    wbOutputData_reg[9]
  -------------------------------------------------------------------
                         required time                         15.130    
                         arrival time                         -11.350    
  -------------------------------------------------------------------
                         slack                                  3.781    

Slack (MET) :             3.821ns  (required time - arrival time)
  Source:                 egressLoop[0].egressFifo/buffer_fifo/infer_fifo.block_ram_performance.fifo_ram_reg/CLKBWRCLK
                            (rising edge-triggered cell RAMB36E1 clocked by wbClk  {rise@0.000ns fall@5.000ns period=10.000ns})
  Destination:            wbOutputData_reg[22]/D
                            (rising edge-triggered cell FDRE clocked by wbClk  {rise@0.000ns fall@5.000ns period=10.000ns})
  Path Group:             wbClk
  Path Type:              Setup (Max at Slow Process Corner)
  Requirement:            10.000ns  (wbClk rise@10.000ns - wbClk rise@0.000ns)
  Data Path Delay:        5.964ns  (logic 2.702ns (45.301%)  route 3.262ns (54.699%))
  Logic Levels:           2  (LUT6=2)
  Clock Path Skew:        -0.210ns (DCD - SCD + CPR)
    Destination Clock Delay (DCD):    4.849ns = ( 14.849 - 10.000 ) 
    Source Clock Delay      (SCD):    5.350ns
    Clock Pessimism Removal (CPR):    0.290ns
  Clock Uncertainty:      0.035ns  ((TSJ^2 + TIJ^2)^1/2 + DJ) / 2 + PE
    Total System Jitter     (TSJ):    0.071ns
    Total Input Jitter      (TIJ):    0.000ns
    Discrete Jitter          (DJ):    0.000ns
    Phase Error              (PE):    0.000ns

    Location             Delay type                Incr(ns)  Path(ns)    Netlist Resource(s)
  -------------------------------------------------------------------    -------------------
                         (clock wbClk rise edge)      0.000     0.000 r  
    H16                                               0.000     0.000 r  wbClk (IN)
                         net (fo=0)                   0.000     0.000    wbClk
    H16                  IBUF (Prop_ibuf_I_O)         1.457     1.457 r  wbClk_IBUF_inst/O
                         net (fo=1, routed)           2.076     3.533    wbClk_IBUF
    BUFGCTRL_X0Y16       BUFG (Prop_bufg_I_O)         0.101     3.634 r  wbClk_IBUF_BUFG_inst/O
                         net (fo=704, routed)         1.715     5.350    egressLoop[0].egressFifo/buffer_fifo/rd_clk
    RAMB36_X0Y6          RAMB36E1                                     r  egressLoop[0].egressFifo/buffer_fifo/infer_fifo.block_ram_performance.fifo_ram_reg/CLKBWRCLK
  -------------------------------------------------------------------    -------------------
    RAMB36_X0Y6          RAMB36E1 (Prop_ramb36e1_CLKBWRCLK_DOBDO[22])
                                                      2.454     7.804 r  egressLoop[0].egressFifo/buffer_fifo/infer_fifo.block_ram_performance.fifo_ram_reg/DOBDO[22]
                         net (fo=1, routed)           1.686     9.489    egressLoop[0].egressFifo/buffer_fifo/dout[22]
    SLICE_X16Y27         LUT6 (Prop_lut6_I0_O)        0.124     9.613 r  egressLoop[0].egressFifo/buffer_fifo/wbOutputData[22]_i_3/O
                         net (fo=1, routed)           1.577    11.190    egressLoop[3].egressFifo/buffer_fifo/wbOutputData_reg[22]
    SLICE_X26Y20         LUT6 (Prop_lut6_I1_O)        0.124    11.314 r  egressLoop[3].egressFifo/buffer_fifo/wbOutputData[22]_i_1/O
                         net (fo=1, routed)           0.000    11.314    egressLoop[3].egressFifo_n_10
    SLICE_X26Y20         FDRE                                         r  wbOutputData_reg[22]/D
  -------------------------------------------------------------------    -------------------

                         (clock wbClk rise edge)     10.000    10.000 r  
    H16                                               0.000    10.000 r  wbClk (IN)
                         net (fo=0)                   0.000    10.000    wbClk
    H16                  IBUF (Prop_ibuf_I_O)         1.387    11.387 r  wbClk_IBUF_inst/O
                         net (fo=1, routed)           1.880    13.267    wbClk_IBUF
    BUFGCTRL_X0Y16       BUFG (Prop_bufg_I_O)         0.091    13.358 r  wbClk_IBUF_BUFG_inst/O
                         net (fo=704, routed)         1.491    14.849    wbClk_IBUF_BUFG
    SLICE_X26Y20         FDRE                                         r  wbOutputData_reg[22]/C
                         clock pessimism              0.290    15.140    
                         clock uncertainty           -0.035    15.104    
    SLICE_X26Y20         FDRE (Setup_fdre_C_D)        0.031    15.135    wbOutputData_reg[22]
  -------------------------------------------------------------------
                         required time                         15.135    
                         arrival time                         -11.314    
  -------------------------------------------------------------------
                         slack                                  3.821    

Slack (MET) :             3.829ns  (required time - arrival time)
  Source:                 egressLoop[3].egressFifo/buffer_fifo/infer_fifo.block_ram_performance.fifo_ram_reg/CLKBWRCLK
                            (rising edge-triggered cell RAMB36E1 clocked by wbClk  {rise@0.000ns fall@5.000ns period=10.000ns})
  Destination:            wbOutputData_reg[18]/D
                            (rising edge-triggered cell FDRE clocked by wbClk  {rise@0.000ns fall@5.000ns period=10.000ns})
  Path Group:             wbClk
  Path Type:              Setup (Max at Slow Process Corner)
  Requirement:            10.000ns  (wbClk rise@10.000ns - wbClk rise@0.000ns)
  Data Path Delay:        5.948ns  (logic 2.702ns (45.425%)  route 3.246ns (54.575%))
  Logic Levels:           2  (LUT6=2)
  Clock Path Skew:        -0.218ns (DCD - SCD + CPR)
    Destination Clock Delay (DCD):    4.849ns = ( 14.849 - 10.000 ) 
    Source Clock Delay      (SCD):    5.358ns
    Clock Pessimism Removal (CPR):    0.290ns
  Clock Uncertainty:      0.035ns  ((TSJ^2 + TIJ^2)^1/2 + DJ) / 2 + PE
    Total System Jitter     (TSJ):    0.071ns
    Total Input Jitter      (TIJ):    0.000ns
    Discrete Jitter          (DJ):    0.000ns
    Phase Error              (PE):    0.000ns

    Location             Delay type                Incr(ns)  Path(ns)    Netlist Resource(s)
  -------------------------------------------------------------------    -------------------
                         (clock wbClk rise edge)      0.000     0.000 r  
    H16                                               0.000     0.000 r  wbClk (IN)
                         net (fo=0)                   0.000     0.000    wbClk
    H16                  IBUF (Prop_ibuf_I_O)         1.457     1.457 r  wbClk_IBUF_inst/O
                         net (fo=1, routed)           2.076     3.533    wbClk_IBUF
    BUFGCTRL_X0Y16       BUFG (Prop_bufg_I_O)         0.101     3.634 r  wbClk_IBUF_BUFG_inst/O
                         net (fo=704, routed)         1.723     5.358    egressLoop[3].egressFifo/buffer_fifo/rd_clk
    RAMB36_X0Y2          RAMB36E1                                     r  egressLoop[3].egressFifo/buffer_fifo/infer_fifo.block_ram_performance.fifo_ram_reg/CLKBWRCLK
  -------------------------------------------------------------------    -------------------
    RAMB36_X0Y2          RAMB36E1 (Prop_ramb36e1_CLKBWRCLK_DOBDO[18])
                                                      2.454     7.812 r  egressLoop[3].egressFifo/buffer_fifo/infer_fifo.block_ram_performance.fifo_ram_reg/DOBDO[18]
                         net (fo=1, routed)           1.411     9.223    egressLoop[3].egressFifo/buffer_fifo/demux[3][18]
    SLICE_X6Y19          LUT6 (Prop_lut6_I0_O)        0.124     9.347 r  egressLoop[3].egressFifo/buffer_fifo/wbOutputData[18]_i_2/O
                         net (fo=1, routed)           1.835    11.182    egressLoop[3].egressFifo/buffer_fifo/wbOutputData[18]_i_2_n_0
    SLICE_X26Y20         LUT6 (Prop_lut6_I0_O)        0.124    11.306 r  egressLoop[3].egressFifo/buffer_fifo/wbOutputData[18]_i_1/O
                         net (fo=1, routed)           0.000    11.306    egressLoop[3].egressFifo_n_14
    SLICE_X26Y20         FDRE                                         r  wbOutputData_reg[18]/D
  -------------------------------------------------------------------    -------------------

                         (clock wbClk rise edge)     10.000    10.000 r  
    H16                                               0.000    10.000 r  wbClk (IN)
                         net (fo=0)                   0.000    10.000    wbClk
    H16                  IBUF (Prop_ibuf_I_O)         1.387    11.387 r  wbClk_IBUF_inst/O
                         net (fo=1, routed)           1.880    13.267    wbClk_IBUF
    BUFGCTRL_X0Y16       BUFG (Prop_bufg_I_O)         0.091    13.358 r  wbClk_IBUF_BUFG_inst/O
                         net (fo=704, routed)         1.491    14.849    wbClk_IBUF_BUFG
    SLICE_X26Y20         FDRE                                         r  wbOutputData_reg[18]/C
                         clock pessimism              0.290    15.140    
                         clock uncertainty           -0.035    15.104    
    SLICE_X26Y20         FDRE (Setup_fdre_C_D)        0.031    15.135    wbOutputData_reg[18]
  -------------------------------------------------------------------
                         required time                         15.135    
                         arrival time                         -11.306    
  -------------------------------------------------------------------
                         slack                                  3.829    

Slack (MET) :             3.896ns  (required time - arrival time)
  Source:                 egressLoop[3].egressFifo/buffer_fifo/infer_fifo.block_ram_performance.fifo_ram_reg/CLKBWRCLK
                            (rising edge-triggered cell RAMB36E1 clocked by wbClk  {rise@0.000ns fall@5.000ns period=10.000ns})
  Destination:            wbOutputData_reg[17]/D
                            (rising edge-triggered cell FDRE clocked by wbClk  {rise@0.000ns fall@5.000ns period=10.000ns})
  Path Group:             wbClk
  Path Type:              Setup (Max at Slow Process Corner)
  Requirement:            10.000ns  (wbClk rise@10.000ns - wbClk rise@0.000ns)
  Data Path Delay:        5.876ns  (logic 2.702ns (45.981%)  route 3.174ns (54.019%))
  Logic Levels:           2  (LUT6=2)
  Clock Path Skew:        -0.221ns (DCD - SCD + CPR)
    Destination Clock Delay (DCD):    4.846ns = ( 14.846 - 10.000 ) 
    Source Clock Delay      (SCD):    5.358ns
    Clock Pessimism Removal (CPR):    0.290ns
  Clock Uncertainty:      0.035ns  ((TSJ^2 + TIJ^2)^1/2 + DJ) / 2 + PE
    Total System Jitter     (TSJ):    0.071ns
    Total Input Jitter      (TIJ):    0.000ns
    Discrete Jitter          (DJ):    0.000ns
    Phase Error              (PE):    0.000ns

    Location             Delay type                Incr(ns)  Path(ns)    Netlist Resource(s)
  -------------------------------------------------------------------    -------------------
                         (clock wbClk rise edge)      0.000     0.000 r  
    H16                                               0.000     0.000 r  wbClk (IN)
                         net (fo=0)                   0.000     0.000    wbClk
    H16                  IBUF (Prop_ibuf_I_O)         1.457     1.457 r  wbClk_IBUF_inst/O
                         net (fo=1, routed)           2.076     3.533    wbClk_IBUF
    BUFGCTRL_X0Y16       BUFG (Prop_bufg_I_O)         0.101     3.634 r  wbClk_IBUF_BUFG_inst/O
                         net (fo=704, routed)         1.723     5.358    egressLoop[3].egressFifo/buffer_fifo/rd_clk
    RAMB36_X0Y2          RAMB36E1                                     r  egressLoop[3].egressFifo/buffer_fifo/infer_fifo.block_ram_performance.fifo_ram_reg/CLKBWRCLK
  -------------------------------------------------------------------    -------------------
    RAMB36_X0Y2          RAMB36E1 (Prop_ramb36e1_CLKBWRCLK_DOBDO[17])
                                                      2.454     7.812 r  egressLoop[3].egressFifo/buffer_fifo/infer_fifo.block_ram_performance.fifo_ram_reg/DOBDO[17]
                         net (fo=1, routed)           1.581     9.393    egressLoop[3].egressFifo/buffer_fifo/demux[3][17]
    SLICE_X7Y22          LUT6 (Prop_lut6_I0_O)        0.124     9.517 r  egressLoop[3].egressFifo/buffer_fifo/wbOutputData[17]_i_2/O
                         net (fo=1, routed)           1.593    11.110    egressLoop[3].egressFifo/buffer_fifo/wbOutputData[17]_i_2_n_0
    SLICE_X26Y22         LUT6 (Prop_lut6_I0_O)        0.124    11.234 r  egressLoop[3].egressFifo/buffer_fifo/wbOutputData[17]_i_1/O
                         net (fo=1, routed)           0.000    11.234    egressLoop[3].egressFifo_n_15
    SLICE_X26Y22         FDRE                                         r  wbOutputData_reg[17]/D
  -------------------------------------------------------------------    -------------------

                         (clock wbClk rise edge)     10.000    10.000 r  
    H16                                               0.000    10.000 r  wbClk (IN)
                         net (fo=0)                   0.000    10.000    wbClk
    H16                  IBUF (Prop_ibuf_I_O)         1.387    11.387 r  wbClk_IBUF_inst/O
                         net (fo=1, routed)           1.880    13.267    wbClk_IBUF
    BUFGCTRL_X0Y16       BUFG (Prop_bufg_I_O)         0.091    13.358 r  wbClk_IBUF_BUFG_inst/O
                         net (fo=704, routed)         1.488    14.846    wbClk_IBUF_BUFG
    SLICE_X26Y22         FDRE                                         r  wbOutputData_reg[17]/C
                         clock pessimism              0.290    15.137    
                         clock uncertainty           -0.035    15.101    
    SLICE_X26Y22         FDRE (Setup_fdre_C_D)        0.029    15.130    wbOutputData_reg[17]
  -------------------------------------------------------------------
                         required time                         15.130    
                         arrival time                         -11.234    
  -------------------------------------------------------------------
                         slack                                  3.896    

Slack (MET) :             3.925ns  (required time - arrival time)
  Source:                 egressLoop[1].egressFifo/buffer_fifo/infer_fifo.block_ram_performance.fifo_ram_reg/CLKBWRCLK
                            (rising edge-triggered cell RAMB36E1 clocked by wbClk  {rise@0.000ns fall@5.000ns period=10.000ns})
  Destination:            wbOutputData_reg[31]/D
                            (rising edge-triggered cell FDRE clocked by wbClk  {rise@0.000ns fall@5.000ns period=10.000ns})
  Path Group:             wbClk
  Path Type:              Setup (Max at Slow Process Corner)
  Requirement:            10.000ns  (wbClk rise@10.000ns - wbClk rise@0.000ns)
  Data Path Delay:        6.004ns  (logic 2.702ns (45.006%)  route 3.302ns (54.994%))
  Logic Levels:           2  (LUT6=2)
  Clock Path Skew:        -0.067ns (DCD - SCD + CPR)
    Destination Clock Delay (DCD):    4.846ns = ( 14.846 - 10.000 ) 
    Source Clock Delay      (SCD):    5.339ns
    Clock Pessimism Removal (CPR):    0.425ns
  Clock Uncertainty:      0.035ns  ((TSJ^2 + TIJ^2)^1/2 + DJ) / 2 + PE
    Total System Jitter     (TSJ):    0.071ns
    Total Input Jitter      (TIJ):    0.000ns
    Discrete Jitter          (DJ):    0.000ns
    Phase Error              (PE):    0.000ns

    Location             Delay type                Incr(ns)  Path(ns)    Netlist Resource(s)
  -------------------------------------------------------------------    -------------------
                         (clock wbClk rise edge)      0.000     0.000 r  
    H16                                               0.000     0.000 r  wbClk (IN)
                         net (fo=0)                   0.000     0.000    wbClk
    H16                  IBUF (Prop_ibuf_I_O)         1.457     1.457 r  wbClk_IBUF_inst/O
                         net (fo=1, routed)           2.076     3.533    wbClk_IBUF
    BUFGCTRL_X0Y16       BUFG (Prop_bufg_I_O)         0.101     3.634 r  wbClk_IBUF_BUFG_inst/O
                         net (fo=704, routed)         1.704     5.339    egressLoop[1].egressFifo/buffer_fifo/rd_clk
    RAMB36_X1Y4          RAMB36E1                                     r  egressLoop[1].egressFifo/buffer_fifo/infer_fifo.block_ram_performance.fifo_ram_reg/CLKBWRCLK
  -------------------------------------------------------------------    -------------------
    RAMB36_X1Y4          RAMB36E1 (Prop_ramb36e1_CLKBWRCLK_DOBDO[31])
                                                      2.454     7.793 r  egressLoop[1].egressFifo/buffer_fifo/infer_fifo.block_ram_performance.fifo_ram_reg/DOBDO[31]
                         net (fo=1, routed)           1.670     9.463    egressLoop[0].egressFifo/buffer_fifo/wbOutputData_reg[31]_0[31]
    SLICE_X17Y32         LUT6 (Prop_lut6_I5_O)        0.124     9.587 r  egressLoop[0].egressFifo/buffer_fifo/wbOutputData[31]_i_7/O
                         net (fo=1, routed)           1.632    11.218    egressLoop[3].egressFifo/buffer_fifo/wbOutputData_reg[31]_2
    SLICE_X27Y22         LUT6 (Prop_lut6_I1_O)        0.124    11.342 r  egressLoop[3].egressFifo/buffer_fifo/wbOutputData[31]_i_3/O
                         net (fo=1, routed)           0.000    11.342    egressLoop[3].egressFifo_n_1
    SLICE_X27Y22         FDRE                                         r  wbOutputData_reg[31]/D
  -------------------------------------------------------------------    -------------------

                         (clock wbClk rise edge)     10.000    10.000 r  
    H16                                               0.000    10.000 r  wbClk (IN)
                         net (fo=0)                   0.000    10.000    wbClk
    H16                  IBUF (Prop_ibuf_I_O)         1.387    11.387 r  wbClk_IBUF_inst/O
                         net (fo=1, routed)           1.880    13.267    wbClk_IBUF
    BUFGCTRL_X0Y16       BUFG (Prop_bufg_I_O)         0.091    13.358 r  wbClk_IBUF_BUFG_inst/O
                         net (fo=704, routed)         1.488    14.846    wbClk_IBUF_BUFG
    SLICE_X27Y22         FDRE                                         r  wbOutputData_reg[31]/C
                         clock pessimism              0.425    15.271    
                         clock uncertainty           -0.035    15.236    
    SLICE_X27Y22         FDRE (Setup_fdre_C_D)        0.031    15.267    wbOutputData_reg[31]
  -------------------------------------------------------------------
                         required time                         15.267    
                         arrival time                         -11.342    
  -------------------------------------------------------------------
                         slack                                  3.925    

Slack (MET) :             3.941ns  (required time - arrival time)
  Source:                 egressLoop[3].egressFifo/buffer_fifo/infer_fifo.block_ram_performance.fifo_ram_reg/CLKBWRCLK
                            (rising edge-triggered cell RAMB36E1 clocked by wbClk  {rise@0.000ns fall@5.000ns period=10.000ns})
  Destination:            wbOutputData_reg[13]/D
                            (rising edge-triggered cell FDRE clocked by wbClk  {rise@0.000ns fall@5.000ns period=10.000ns})
  Path Group:             wbClk
  Path Type:              Setup (Max at Slow Process Corner)
  Requirement:            10.000ns  (wbClk rise@10.000ns - wbClk rise@0.000ns)
  Data Path Delay:        5.831ns  (logic 2.702ns (46.342%)  route 3.129ns (53.658%))
  Logic Levels:           2  (LUT6=2)
  Clock Path Skew:        -0.224ns (DCD - SCD + CPR)
    Destination Clock Delay (DCD):    4.843ns = ( 14.843 - 10.000 ) 
    Source Clock Delay      (SCD):    5.358ns
    Clock Pessimism Removal (CPR):    0.290ns
  Clock Uncertainty:      0.035ns  ((TSJ^2 + TIJ^2)^1/2 + DJ) / 2 + PE
    Total System Jitter     (TSJ):    0.071ns
    Total Input Jitter      (TIJ):    0.000ns
    Discrete Jitter          (DJ):    0.000ns
    Phase Error              (PE):    0.000ns

    Location             Delay type                Incr(ns)  Path(ns)    Netlist Resource(s)
  -------------------------------------------------------------------    -------------------
                         (clock wbClk rise edge)      0.000     0.000 r  
    H16                                               0.000     0.000 r  wbClk (IN)
                         net (fo=0)                   0.000     0.000    wbClk
    H16                  IBUF (Prop_ibuf_I_O)         1.457     1.457 r  wbClk_IBUF_inst/O
                         net (fo=1, routed)           2.076     3.533    wbClk_IBUF
    BUFGCTRL_X0Y16       BUFG (Prop_bufg_I_O)         0.101     3.634 r  wbClk_IBUF_BUFG_inst/O
                         net (fo=704, routed)         1.723     5.358    egressLoop[3].egressFifo/buffer_fifo/rd_clk
    RAMB36_X0Y2          RAMB36E1                                     r  egressLoop[3].egressFifo/buffer_fifo/infer_fifo.block_ram_performance.fifo_ram_reg/CLKBWRCLK
  -------------------------------------------------------------------    -------------------
    RAMB36_X0Y2          RAMB36E1 (Prop_ramb36e1_CLKBWRCLK_DOBDO[13])
                                                      2.454     7.812 r  egressLoop[3].egressFifo/buffer_fifo/infer_fifo.block_ram_performance.fifo_ram_reg/DOBDO[13]
                         net (fo=1, routed)           1.487     9.298    egressLoop[3].egressFifo/buffer_fifo/demux[3][13]
    SLICE_X7Y23          LUT6 (Prop_lut6_I0_O)        0.124     9.422 r  egressLoop[3].egressFifo/buffer_fifo/wbOutputData[13]_i_2/O
                         net (fo=1, routed)           1.642    11.064    egressLoop[3].egressFifo/buffer_fifo/wbOutputData[13]_i_2_n_0
    SLICE_X26Y24         LUT6 (Prop_lut6_I0_O)        0.124    11.188 r  egressLoop[3].egressFifo/buffer_fifo/wbOutputData[13]_i_1/O
                         net (fo=1, routed)           0.000    11.188    egressLoop[3].egressFifo_n_19
    SLICE_X26Y24         FDRE                                         r  wbOutputData_reg[13]/D
  -------------------------------------------------------------------    -------------------

                         (clock wbClk rise edge)     10.000    10.000 r  
    H16                                               0.000    10.000 r  wbClk (IN)
                         net (fo=0)                   0.000    10.000    wbClk
    H16                  IBUF (Prop_ibuf_I_O)         1.387    11.387 r  wbClk_IBUF_inst/O
                         net (fo=1, routed)           1.880    13.267    wbClk_IBUF
    BUFGCTRL_X0Y16       BUFG (Prop_bufg_I_O)         0.091    13.358 r  wbClk_IBUF_BUFG_inst/O
                         net (fo=704, routed)         1.485    14.843    wbClk_IBUF_BUFG
    SLICE_X26Y24         FDRE                                         r  wbOutputData_reg[13]/C
                         clock pessimism              0.290    15.134    
                         clock uncertainty           -0.035    15.098    
    SLICE_X26Y24         FDRE (Setup_fdre_C_D)        0.031    15.129    wbOutputData_reg[13]
  -------------------------------------------------------------------
                         required time                         15.129    
                         arrival time                         -11.188    
  -------------------------------------------------------------------
                         slack                                  3.941    

Slack (MET) :             3.961ns  (required time - arrival time)
  Source:                 egressLoop[0].egressFifo/buffer_fifo/infer_fifo.block_ram_performance.fifo_ram_reg/CLKBWRCLK
                            (rising edge-triggered cell RAMB36E1 clocked by wbClk  {rise@0.000ns fall@5.000ns period=10.000ns})
  Destination:            wbOutputData_reg[14]/D
                            (rising edge-triggered cell FDRE clocked by wbClk  {rise@0.000ns fall@5.000ns period=10.000ns})
  Path Group:             wbClk
  Path Type:              Setup (Max at Slow Process Corner)
  Requirement:            10.000ns  (wbClk rise@10.000ns - wbClk rise@0.000ns)
  Data Path Delay:        5.820ns  (logic 2.702ns (46.430%)  route 3.118ns (53.570%))
  Logic Levels:           2  (LUT6=2)
  Clock Path Skew:        -0.213ns (DCD - SCD + CPR)
    Destination Clock Delay (DCD):    4.846ns = ( 14.846 - 10.000 ) 
    Source Clock Delay      (SCD):    5.350ns
    Clock Pessimism Removal (CPR):    0.290ns
  Clock Uncertainty:      0.035ns  ((TSJ^2 + TIJ^2)^1/2 + DJ) / 2 + PE
    Total System Jitter     (TSJ):    0.071ns
    Total Input Jitter      (TIJ):    0.000ns
    Discrete Jitter          (DJ):    0.000ns
    Phase Error              (PE):    0.000ns

    Location             Delay type                Incr(ns)  Path(ns)    Netlist Resource(s)
  -------------------------------------------------------------------    -------------------
                         (clock wbClk rise edge)      0.000     0.000 r  
    H16                                               0.000     0.000 r  wbClk (IN)
                         net (fo=0)                   0.000     0.000    wbClk
    H16                  IBUF (Prop_ibuf_I_O)         1.457     1.457 r  wbClk_IBUF_inst/O
                         net (fo=1, routed)           2.076     3.533    wbClk_IBUF
    BUFGCTRL_X0Y16       BUFG (Prop_bufg_I_O)         0.101     3.634 r  wbClk_IBUF_BUFG_inst/O
                         net (fo=704, routed)         1.715     5.350    egressLoop[0].egressFifo/buffer_fifo/rd_clk
    RAMB36_X0Y6          RAMB36E1                                     r  egressLoop[0].egressFifo/buffer_fifo/infer_fifo.block_ram_performance.fifo_ram_reg/CLKBWRCLK
  -------------------------------------------------------------------    -------------------
    RAMB36_X0Y6          RAMB36E1 (Prop_ramb36e1_CLKBWRCLK_DOBDO[14])
                                                      2.454     7.804 r  egressLoop[0].egressFifo/buffer_fifo/infer_fifo.block_ram_performance.fifo_ram_reg/DOBDO[14]
                         net (fo=1, routed)           1.638     9.442    egressLoop[0].egressFifo/buffer_fifo/dout[14]
    SLICE_X16Y32         LUT6 (Prop_lut6_I0_O)        0.124     9.566 r  egressLoop[0].egressFifo/buffer_fifo/wbOutputData[14]_i_3/O
                         net (fo=1, routed)           1.479    11.045    egressLoop[3].egressFifo/buffer_fifo/wbOutputData_reg[14]
    SLICE_X27Y22         LUT6 (Prop_lut6_I1_O)        0.124    11.169 r  egressLoop[3].egressFifo/buffer_fifo/wbOutputData[14]_i_1/O
                         net (fo=1, routed)           0.000    11.169    egressLoop[3].egressFifo_n_18
    SLICE_X27Y22         FDRE                                         r  wbOutputData_reg[14]/D
  -------------------------------------------------------------------    -------------------

                         (clock wbClk rise edge)     10.000    10.000 r  
    H16                                               0.000    10.000 r  wbClk (IN)
                         net (fo=0)                   0.000    10.000    wbClk
    H16                  IBUF (Prop_ibuf_I_O)         1.387    11.387 r  wbClk_IBUF_inst/O
                         net (fo=1, routed)           1.880    13.267    wbClk_IBUF
    BUFGCTRL_X0Y16       BUFG (Prop_bufg_I_O)         0.091    13.358 r  wbClk_IBUF_BUFG_inst/O
                         net (fo=704, routed)         1.488    14.846    wbClk_IBUF_BUFG
    SLICE_X27Y22         FDRE                                         r  wbOutputData_reg[14]/C
                         clock pessimism              0.290    15.137    
                         clock uncertainty           -0.035    15.101    
    SLICE_X27Y22         FDRE (Setup_fdre_C_D)        0.029    15.130    wbOutputData_reg[14]
  -------------------------------------------------------------------
                         required time                         15.130    
                         arrival time                         -11.169    
  -------------------------------------------------------------------
                         slack                                  3.961    





Min Delay Paths
--------------------------------------------------------------------------------------
Slack (MET) :             0.008ns  (arrival time - required time)
  Source:                 ingressLoop[6].ingressFifo/buffer_fifo/infer_fifo.two_wr_addr_reg[7]/C
                            (rising edge-triggered cell FDCE clocked by wbClk  {rise@0.000ns fall@5.000ns period=10.000ns})
  Destination:            ingressLoop[6].ingressFifo/buffer_fifo/infer_fifo.next_wr_addr_reg[7]/D
                            (rising edge-triggered cell FDCE clocked by wbClk  {rise@0.000ns fall@5.000ns period=10.000ns})
  Path Group:             wbClk
  Path Type:              Hold (Min at Fast Process Corner)
  Requirement:            0.000ns  (wbClk rise@0.000ns - wbClk rise@0.000ns)
  Data Path Delay:        0.318ns  (logic 0.141ns (44.283%)  route 0.177ns (55.717%))
  Logic Levels:           0  
  Clock Path Skew:        0.263ns (DCD - SCD - CPR)
    Destination Clock Delay (DCD):    1.954ns
    Source Clock Delay      (SCD):    1.444ns
    Clock Pessimism Removal (CPR):    0.247ns

    Location             Delay type                Incr(ns)  Path(ns)    Netlist Resource(s)
  -------------------------------------------------------------------    -------------------
                         (clock wbClk rise edge)      0.000     0.000 r  
    H16                                               0.000     0.000 r  wbClk (IN)
                         net (fo=0)                   0.000     0.000    wbClk
    H16                  IBUF (Prop_ibuf_I_O)         0.225     0.225 r  wbClk_IBUF_inst/O
                         net (fo=1, routed)           0.627     0.852    wbClk_IBUF
    BUFGCTRL_X0Y16       BUFG (Prop_bufg_I_O)         0.026     0.878 r  wbClk_IBUF_BUFG_inst/O
                         net (fo=704, routed)         0.566     1.444    ingressLoop[6].ingressFifo/buffer_fifo/rd_clk
    SLICE_X27Y49         FDCE                                         r  ingressLoop[6].ingressFifo/buffer_fifo/infer_fifo.two_wr_addr_reg[7]/C
  -------------------------------------------------------------------    -------------------
    SLICE_X27Y49         FDCE (Prop_fdce_C_Q)         0.141     1.585 r  ingressLoop[6].ingressFifo/buffer_fifo/infer_fifo.two_wr_addr_reg[7]/Q
                         net (fo=1, routed)           0.177     1.762    ingressLoop[6].ingressFifo/buffer_fifo/infer_fifo.two_wr_addr[7]
    SLICE_X26Y50         FDCE                                         r  ingressLoop[6].ingressFifo/buffer_fifo/infer_fifo.next_wr_addr_reg[7]/D
  -------------------------------------------------------------------    -------------------

                         (clock wbClk rise edge)      0.000     0.000 r  
    H16                                               0.000     0.000 r  wbClk (IN)
                         net (fo=0)                   0.000     0.000    wbClk
    H16                  IBUF (Prop_ibuf_I_O)         0.413     0.413 r  wbClk_IBUF_inst/O
                         net (fo=1, routed)           0.683     1.096    wbClk_IBUF
    BUFGCTRL_X0Y16       BUFG (Prop_bufg_I_O)         0.029     1.125 r  wbClk_IBUF_BUFG_inst/O
                         net (fo=704, routed)         0.829     1.954    ingressLoop[6].ingressFifo/buffer_fifo/rd_clk
    SLICE_X26Y50         FDCE                                         r  ingressLoop[6].ingressFifo/buffer_fifo/infer_fifo.next_wr_addr_reg[7]/C
                         clock pessimism             -0.247     1.707    
    SLICE_X26Y50         FDCE (Hold_fdce_C_D)         0.047     1.754    ingressLoop[6].ingressFifo/buffer_fifo/infer_fifo.next_wr_addr_reg[7]
  -------------------------------------------------------------------
                         required time                         -1.754    
                         arrival time                           1.762    
  -------------------------------------------------------------------
                         slack                                  0.008    

Slack (MET) :             0.017ns  (arrival time - required time)
  Source:                 ingressLoop[6].ingressFifo/buffer_fifo/infer_fifo.two_wr_addr_reg[2]/C
                            (rising edge-triggered cell FDCE clocked by wbClk  {rise@0.000ns fall@5.000ns period=10.000ns})
  Destination:            ingressLoop[6].ingressFifo/buffer_fifo/infer_fifo.next_wr_addr_reg[2]/D
                            (rising edge-triggered cell FDCE clocked by wbClk  {rise@0.000ns fall@5.000ns period=10.000ns})
  Path Group:             wbClk
  Path Type:              Hold (Min at Fast Process Corner)
  Requirement:            0.000ns  (wbClk rise@0.000ns - wbClk rise@0.000ns)
  Data Path Delay:        0.346ns  (logic 0.141ns (40.744%)  route 0.205ns (59.256%))
  Logic Levels:           0  
  Clock Path Skew:        0.263ns (DCD - SCD - CPR)
    Destination Clock Delay (DCD):    1.954ns
    Source Clock Delay      (SCD):    1.444ns
    Clock Pessimism Removal (CPR):    0.247ns

    Location             Delay type                Incr(ns)  Path(ns)    Netlist Resource(s)
  -------------------------------------------------------------------    -------------------
                         (clock wbClk rise edge)      0.000     0.000 r  
    H16                                               0.000     0.000 r  wbClk (IN)
                         net (fo=0)                   0.000     0.000    wbClk
    H16                  IBUF (Prop_ibuf_I_O)         0.225     0.225 r  wbClk_IBUF_inst/O
                         net (fo=1, routed)           0.627     0.852    wbClk_IBUF
    BUFGCTRL_X0Y16       BUFG (Prop_bufg_I_O)         0.026     0.878 r  wbClk_IBUF_BUFG_inst/O
                         net (fo=704, routed)         0.566     1.444    ingressLoop[6].ingressFifo/buffer_fifo/rd_clk
    SLICE_X29Y49         FDCE                                         r  ingressLoop[6].ingressFifo/buffer_fifo/infer_fifo.two_wr_addr_reg[2]/C
  -------------------------------------------------------------------    -------------------
    SLICE_X29Y49         FDCE (Prop_fdce_C_Q)         0.141     1.585 r  ingressLoop[6].ingressFifo/buffer_fifo/infer_fifo.two_wr_addr_reg[2]/Q
                         net (fo=1, routed)           0.205     1.790    ingressLoop[6].ingressFifo/buffer_fifo/infer_fifo.two_wr_addr[2]
    SLICE_X29Y50         FDCE                                         r  ingressLoop[6].ingressFifo/buffer_fifo/infer_fifo.next_wr_addr_reg[2]/D
  -------------------------------------------------------------------    -------------------

                         (clock wbClk rise edge)      0.000     0.000 r  
    H16                                               0.000     0.000 r  wbClk (IN)
                         net (fo=0)                   0.000     0.000    wbClk
    H16                  IBUF (Prop_ibuf_I_O)         0.413     0.413 r  wbClk_IBUF_inst/O
                         net (fo=1, routed)           0.683     1.096    wbClk_IBUF
    BUFGCTRL_X0Y16       BUFG (Prop_bufg_I_O)         0.029     1.125 r  wbClk_IBUF_BUFG_inst/O
                         net (fo=704, routed)         0.829     1.954    ingressLoop[6].ingressFifo/buffer_fifo/rd_clk
    SLICE_X29Y50         FDCE                                         r  ingressLoop[6].ingressFifo/buffer_fifo/infer_fifo.next_wr_addr_reg[2]/C
                         clock pessimism             -0.247     1.707    
    SLICE_X29Y50         FDCE (Hold_fdce_C_D)         0.066     1.773    ingressLoop[6].ingressFifo/buffer_fifo/infer_fifo.next_wr_addr_reg[2]
  -------------------------------------------------------------------
                         required time                         -1.773    
                         arrival time                           1.790    
  -------------------------------------------------------------------
                         slack                                  0.017    

Slack (MET) :             0.027ns  (arrival time - required time)
  Source:                 ingressLoop[6].ingressFifo/buffer_fifo/infer_fifo.two_wr_addr_reg[4]/C
                            (rising edge-triggered cell FDCE clocked by wbClk  {rise@0.000ns fall@5.000ns period=10.000ns})
  Destination:            ingressLoop[6].ingressFifo/buffer_fifo/infer_fifo.next_wr_addr_reg[4]/D
                            (rising edge-triggered cell FDCE clocked by wbClk  {rise@0.000ns fall@5.000ns period=10.000ns})
  Path Group:             wbClk
  Path Type:              Hold (Min at Fast Process Corner)
  Requirement:            0.000ns  (wbClk rise@0.000ns - wbClk rise@0.000ns)
  Data Path Delay:        0.307ns  (logic 0.128ns (41.692%)  route 0.179ns (58.308%))
  Logic Levels:           0  
  Clock Path Skew:        0.263ns (DCD - SCD - CPR)
    Destination Clock Delay (DCD):    1.954ns
    Source Clock Delay      (SCD):    1.444ns
    Clock Pessimism Removal (CPR):    0.247ns

    Location             Delay type                Incr(ns)  Path(ns)    Netlist Resource(s)
  -------------------------------------------------------------------    -------------------
                         (clock wbClk rise edge)      0.000     0.000 r  
    H16                                               0.000     0.000 r  wbClk (IN)
                         net (fo=0)                   0.000     0.000    wbClk
    H16                  IBUF (Prop_ibuf_I_O)         0.225     0.225 r  wbClk_IBUF_inst/O
                         net (fo=1, routed)           0.627     0.852    wbClk_IBUF
    BUFGCTRL_X0Y16       BUFG (Prop_bufg_I_O)         0.026     0.878 r  wbClk_IBUF_BUFG_inst/O
                         net (fo=704, routed)         0.566     1.444    ingressLoop[6].ingressFifo/buffer_fifo/rd_clk
    SLICE_X29Y49         FDCE                                         r  ingressLoop[6].ingressFifo/buffer_fifo/infer_fifo.two_wr_addr_reg[4]/C
  -------------------------------------------------------------------    -------------------
    SLICE_X29Y49         FDCE (Prop_fdce_C_Q)         0.128     1.572 r  ingressLoop[6].ingressFifo/buffer_fifo/infer_fifo.two_wr_addr_reg[4]/Q
                         net (fo=1, routed)           0.179     1.751    ingressLoop[6].ingressFifo/buffer_fifo/infer_fifo.two_wr_addr[4]
    SLICE_X29Y50         FDCE                                         r  ingressLoop[6].ingressFifo/buffer_fifo/infer_fifo.next_wr_addr_reg[4]/D
  -------------------------------------------------------------------    -------------------

                         (clock wbClk rise edge)      0.000     0.000 r  
    H16                                               0.000     0.000 r  wbClk (IN)
                         net (fo=0)                   0.000     0.000    wbClk
    H16                  IBUF (Prop_ibuf_I_O)         0.413     0.413 r  wbClk_IBUF_inst/O
                         net (fo=1, routed)           0.683     1.096    wbClk_IBUF
    BUFGCTRL_X0Y16       BUFG (Prop_bufg_I_O)         0.029     1.125 r  wbClk_IBUF_BUFG_inst/O
                         net (fo=704, routed)         0.829     1.954    ingressLoop[6].ingressFifo/buffer_fifo/rd_clk
    SLICE_X29Y50         FDCE                                         r  ingressLoop[6].ingressFifo/buffer_fifo/infer_fifo.next_wr_addr_reg[4]/C
                         clock pessimism             -0.247     1.707    
    SLICE_X29Y50         FDCE (Hold_fdce_C_D)         0.017     1.724    ingressLoop[6].ingressFifo/buffer_fifo/infer_fifo.next_wr_addr_reg[4]
  -------------------------------------------------------------------
                         required time                         -1.724    
                         arrival time                           1.751    
  -------------------------------------------------------------------
                         slack                                  0.027    

Slack (MET) :             0.034ns  (arrival time - required time)
  Source:                 ingressLoop[1].ingressFifo/buffer_fifo/infer_fifo.two_wr_addr_reg[4]/C
                            (rising edge-triggered cell FDCE clocked by wbClk  {rise@0.000ns fall@5.000ns period=10.000ns})
  Destination:            ingressLoop[1].ingressFifo/buffer_fifo/infer_fifo.next_wr_addr_reg[4]/D
                            (rising edge-triggered cell FDCE clocked by wbClk  {rise@0.000ns fall@5.000ns period=10.000ns})
  Path Group:             wbClk
  Path Type:              Hold (Min at Fast Process Corner)
  Requirement:            0.000ns  (wbClk rise@0.000ns - wbClk rise@0.000ns)
  Data Path Delay:        0.309ns  (logic 0.148ns (47.890%)  route 0.161ns (52.110%))
  Logic Levels:           0  
  Clock Path Skew:        0.263ns (DCD - SCD - CPR)
    Destination Clock Delay (DCD):    1.945ns
    Source Clock Delay      (SCD):    1.430ns
    Clock Pessimism Removal (CPR):    0.252ns

    Location             Delay type                Incr(ns)  Path(ns)    Netlist Resource(s)
  -------------------------------------------------------------------    -------------------
                         (clock wbClk rise edge)      0.000     0.000 r  
    H16                                               0.000     0.000 r  wbClk (IN)
                         net (fo=0)                   0.000     0.000    wbClk
    H16                  IBUF (Prop_ibuf_I_O)         0.225     0.225 r  wbClk_IBUF_inst/O
                         net (fo=1, routed)           0.627     0.852    wbClk_IBUF
    BUFGCTRL_X0Y16       BUFG (Prop_bufg_I_O)         0.026     0.878 r  wbClk_IBUF_BUFG_inst/O
                         net (fo=704, routed)         0.552     1.430    ingressLoop[1].ingressFifo/buffer_fifo/rd_clk
    SLICE_X20Y63         FDCE                                         r  ingressLoop[1].ingressFifo/buffer_fifo/infer_fifo.two_wr_addr_reg[4]/C
  -------------------------------------------------------------------    -------------------
    SLICE_X20Y63         FDCE (Prop_fdce_C_Q)         0.148     1.578 r  ingressLoop[1].ingressFifo/buffer_fifo/infer_fifo.two_wr_addr_reg[4]/Q
                         net (fo=1, routed)           0.161     1.739    ingressLoop[1].ingressFifo/buffer_fifo/infer_fifo.two_wr_addr[4]
    SLICE_X22Y64         FDCE                                         r  ingressLoop[1].ingressFifo/buffer_fifo/infer_fifo.next_wr_addr_reg[4]/D
  -------------------------------------------------------------------    -------------------

                         (clock wbClk rise edge)      0.000     0.000 r  
    H16                                               0.000     0.000 r  wbClk (IN)
                         net (fo=0)                   0.000     0.000    wbClk
    H16                  IBUF (Prop_ibuf_I_O)         0.413     0.413 r  wbClk_IBUF_inst/O
                         net (fo=1, routed)           0.683     1.096    wbClk_IBUF
    BUFGCTRL_X0Y16       BUFG (Prop_bufg_I_O)         0.029     1.125 r  wbClk_IBUF_BUFG_inst/O
                         net (fo=704, routed)         0.820     1.945    ingressLoop[1].ingressFifo/buffer_fifo/rd_clk
    SLICE_X22Y64         FDCE                                         r  ingressLoop[1].ingressFifo/buffer_fifo/infer_fifo.next_wr_addr_reg[4]/C
                         clock pessimism             -0.252     1.693    
    SLICE_X22Y64         FDCE (Hold_fdce_C_D)         0.012     1.705    ingressLoop[1].ingressFifo/buffer_fifo/infer_fifo.next_wr_addr_reg[4]
  -------------------------------------------------------------------
                         required time                         -1.705    
                         arrival time                           1.739    
  -------------------------------------------------------------------
                         slack                                  0.034    

Slack (MET) :             0.035ns  (arrival time - required time)
  Source:                 ingressLoop[6].ingressFifo/buffer_fifo/infer_fifo.two_wr_addr_reg[5]/C
                            (rising edge-triggered cell FDCE clocked by wbClk  {rise@0.000ns fall@5.000ns period=10.000ns})
  Destination:            ingressLoop[6].ingressFifo/buffer_fifo/infer_fifo.next_wr_addr_reg[5]/D
                            (rising edge-triggered cell FDCE clocked by wbClk  {rise@0.000ns fall@5.000ns period=10.000ns})
  Path Group:             wbClk
  Path Type:              Hold (Min at Fast Process Corner)
  Requirement:            0.000ns  (wbClk rise@0.000ns - wbClk rise@0.000ns)
  Data Path Delay:        0.361ns  (logic 0.141ns (39.097%)  route 0.220ns (60.903%))
  Logic Levels:           0  
  Clock Path Skew:        0.263ns (DCD - SCD - CPR)
    Destination Clock Delay (DCD):    1.954ns
    Source Clock Delay      (SCD):    1.444ns
    Clock Pessimism Removal (CPR):    0.247ns

    Location             Delay type                Incr(ns)  Path(ns)    Netlist Resource(s)
  -------------------------------------------------------------------    -------------------
                         (clock wbClk rise edge)      0.000     0.000 r  
    H16                                               0.000     0.000 r  wbClk (IN)
                         net (fo=0)                   0.000     0.000    wbClk
    H16                  IBUF (Prop_ibuf_I_O)         0.225     0.225 r  wbClk_IBUF_inst/O
                         net (fo=1, routed)           0.627     0.852    wbClk_IBUF
    BUFGCTRL_X0Y16       BUFG (Prop_bufg_I_O)         0.026     0.878 r  wbClk_IBUF_BUFG_inst/O
                         net (fo=704, routed)         0.566     1.444    ingressLoop[6].ingressFifo/buffer_fifo/rd_clk
    SLICE_X27Y49         FDCE                                         r  ingressLoop[6].ingressFifo/buffer_fifo/infer_fifo.two_wr_addr_reg[5]/C
  -------------------------------------------------------------------    -------------------
    SLICE_X27Y49         FDCE (Prop_fdce_C_Q)         0.141     1.585 r  ingressLoop[6].ingressFifo/buffer_fifo/infer_fifo.two_wr_addr_reg[5]/Q
                         net (fo=1, routed)           0.220     1.805    ingressLoop[6].ingressFifo/buffer_fifo/infer_fifo.two_wr_addr[5]
    SLICE_X27Y50         FDCE                                         r  ingressLoop[6].ingressFifo/buffer_fifo/infer_fifo.next_wr_addr_reg[5]/D
  -------------------------------------------------------------------    -------------------

                         (clock wbClk rise edge)      0.000     0.000 r  
    H16                                               0.000     0.000 r  wbClk (IN)
                         net (fo=0)                   0.000     0.000    wbClk
    H16                  IBUF (Prop_ibuf_I_O)         0.413     0.413 r  wbClk_IBUF_inst/O
                         net (fo=1, routed)           0.683     1.096    wbClk_IBUF
    BUFGCTRL_X0Y16       BUFG (Prop_bufg_I_O)         0.029     1.125 r  wbClk_IBUF_BUFG_inst/O
                         net (fo=704, routed)         0.829     1.954    ingressLoop[6].ingressFifo/buffer_fifo/rd_clk
    SLICE_X27Y50         FDCE                                         r  ingressLoop[6].ingressFifo/buffer_fifo/infer_fifo.next_wr_addr_reg[5]/C
                         clock pessimism             -0.247     1.707    
    SLICE_X27Y50         FDCE (Hold_fdce_C_D)         0.062     1.769    ingressLoop[6].ingressFifo/buffer_fifo/infer_fifo.next_wr_addr_reg[5]
  -------------------------------------------------------------------
                         required time                         -1.769    
                         arrival time                           1.805    
  -------------------------------------------------------------------
                         slack                                  0.035    

Slack (MET) :             0.036ns  (arrival time - required time)
  Source:                 ingressLoop[1].ingressFifo/buffer_fifo/infer_fifo.two_wr_addr_reg[2]/C
                            (rising edge-triggered cell FDCE clocked by wbClk  {rise@0.000ns fall@5.000ns period=10.000ns})
  Destination:            ingressLoop[1].ingressFifo/buffer_fifo/infer_fifo.next_wr_addr_reg[2]/D
                            (rising edge-triggered cell FDCE clocked by wbClk  {rise@0.000ns fall@5.000ns period=10.000ns})
  Path Group:             wbClk
  Path Type:              Hold (Min at Fast Process Corner)
  Requirement:            0.000ns  (wbClk rise@0.000ns - wbClk rise@0.000ns)
  Data Path Delay:        0.346ns  (logic 0.164ns (47.383%)  route 0.182ns (52.617%))
  Logic Levels:           0  
  Clock Path Skew:        0.263ns (DCD - SCD - CPR)
    Destination Clock Delay (DCD):    1.945ns
    Source Clock Delay      (SCD):    1.430ns
    Clock Pessimism Removal (CPR):    0.252ns

    Location             Delay type                Incr(ns)  Path(ns)    Netlist Resource(s)
  -------------------------------------------------------------------    -------------------
                         (clock wbClk rise edge)      0.000     0.000 r  
    H16                                               0.000     0.000 r  wbClk (IN)
                         net (fo=0)                   0.000     0.000    wbClk
    H16                  IBUF (Prop_ibuf_I_O)         0.225     0.225 r  wbClk_IBUF_inst/O
                         net (fo=1, routed)           0.627     0.852    wbClk_IBUF
    BUFGCTRL_X0Y16       BUFG (Prop_bufg_I_O)         0.026     0.878 r  wbClk_IBUF_BUFG_inst/O
                         net (fo=704, routed)         0.552     1.430    ingressLoop[1].ingressFifo/buffer_fifo/rd_clk
    SLICE_X20Y63         FDCE                                         r  ingressLoop[1].ingressFifo/buffer_fifo/infer_fifo.two_wr_addr_reg[2]/C
  -------------------------------------------------------------------    -------------------
    SLICE_X20Y63         FDCE (Prop_fdce_C_Q)         0.164     1.594 r  ingressLoop[1].ingressFifo/buffer_fifo/infer_fifo.two_wr_addr_reg[2]/Q
                         net (fo=1, routed)           0.182     1.776    ingressLoop[1].ingressFifo/buffer_fifo/infer_fifo.two_wr_addr[2]
    SLICE_X22Y63         FDCE                                         r  ingressLoop[1].ingressFifo/buffer_fifo/infer_fifo.next_wr_addr_reg[2]/D
  -------------------------------------------------------------------    -------------------

                         (clock wbClk rise edge)      0.000     0.000 r  
    H16                                               0.000     0.000 r  wbClk (IN)
                         net (fo=0)                   0.000     0.000    wbClk
    H16                  IBUF (Prop_ibuf_I_O)         0.413     0.413 r  wbClk_IBUF_inst/O
                         net (fo=1, routed)           0.683     1.096    wbClk_IBUF
    BUFGCTRL_X0Y16       BUFG (Prop_bufg_I_O)         0.029     1.125 r  wbClk_IBUF_BUFG_inst/O
                         net (fo=704, routed)         0.820     1.945    ingressLoop[1].ingressFifo/buffer_fifo/rd_clk
    SLICE_X22Y63         FDCE                                         r  ingressLoop[1].ingressFifo/buffer_fifo/infer_fifo.next_wr_addr_reg[2]/C
                         clock pessimism             -0.252     1.693    
    SLICE_X22Y63         FDCE (Hold_fdce_C_D)         0.047     1.740    ingressLoop[1].ingressFifo/buffer_fifo/infer_fifo.next_wr_addr_reg[2]
  -------------------------------------------------------------------
                         required time                         -1.740    
                         arrival time                           1.776    
  -------------------------------------------------------------------
                         slack                                  0.036    

Slack (MET) :             0.054ns  (arrival time - required time)
  Source:                 egressLoop[7].egressFifo/buffer_fifo/infer_fifo.two_rd_addr_reg[2]/C
                            (rising edge-triggered cell FDCE clocked by wbClk  {rise@0.000ns fall@5.000ns period=10.000ns})
  Destination:            egressLoop[7].egressFifo/buffer_fifo/infer_fifo.next_rd_addr_reg[2]/D
                            (rising edge-triggered cell FDCE clocked by wbClk  {rise@0.000ns fall@5.000ns period=10.000ns})
  Path Group:             wbClk
  Path Type:              Hold (Min at Fast Process Corner)
  Requirement:            0.000ns  (wbClk rise@0.000ns - wbClk rise@0.000ns)
  Data Path Delay:        0.308ns  (logic 0.148ns (47.994%)  route 0.160ns (52.006%))
  Logic Levels:           0  
  Clock Path Skew:        0.262ns (DCD - SCD - CPR)
    Destination Clock Delay (DCD):    1.948ns
    Source Clock Delay      (SCD):    1.434ns
    Clock Pessimism Removal (CPR):    0.252ns

    Location             Delay type                Incr(ns)  Path(ns)    Netlist Resource(s)
  -------------------------------------------------------------------    -------------------
                         (clock wbClk rise edge)      0.000     0.000 r  
    H16                                               0.000     0.000 r  wbClk (IN)
                         net (fo=0)                   0.000     0.000    wbClk
    H16                  IBUF (Prop_ibuf_I_O)         0.225     0.225 r  wbClk_IBUF_inst/O
                         net (fo=1, routed)           0.627     0.852    wbClk_IBUF
    BUFGCTRL_X0Y16       BUFG (Prop_bufg_I_O)         0.026     0.878 r  wbClk_IBUF_BUFG_inst/O
                         net (fo=704, routed)         0.556     1.434    egressLoop[7].egressFifo/buffer_fifo/rd_clk
    SLICE_X20Y17         FDCE                                         r  egressLoop[7].egressFifo/buffer_fifo/infer_fifo.two_rd_addr_reg[2]/C
  -------------------------------------------------------------------    -------------------
    SLICE_X20Y17         FDCE (Prop_fdce_C_Q)         0.148     1.582 r  egressLoop[7].egressFifo/buffer_fifo/infer_fifo.two_rd_addr_reg[2]/Q
                         net (fo=1, routed)           0.160     1.742    egressLoop[7].egressFifo/buffer_fifo/infer_fifo.two_rd_addr[2]
    SLICE_X22Y16         FDCE                                         r  egressLoop[7].egressFifo/buffer_fifo/infer_fifo.next_rd_addr_reg[2]/D
  -------------------------------------------------------------------    -------------------

                         (clock wbClk rise edge)      0.000     0.000 r  
    H16                                               0.000     0.000 r  wbClk (IN)
                         net (fo=0)                   0.000     0.000    wbClk
    H16                  IBUF (Prop_ibuf_I_O)         0.413     0.413 r  wbClk_IBUF_inst/O
                         net (fo=1, routed)           0.683     1.096    wbClk_IBUF
    BUFGCTRL_X0Y16       BUFG (Prop_bufg_I_O)         0.029     1.125 r  wbClk_IBUF_BUFG_inst/O
                         net (fo=704, routed)         0.823     1.948    egressLoop[7].egressFifo/buffer_fifo/rd_clk
    SLICE_X22Y16         FDCE                                         r  egressLoop[7].egressFifo/buffer_fifo/infer_fifo.next_rd_addr_reg[2]/C
                         clock pessimism             -0.252     1.696    
    SLICE_X22Y16         FDCE (Hold_fdce_C_D)        -0.008     1.688    egressLoop[7].egressFifo/buffer_fifo/infer_fifo.next_rd_addr_reg[2]
  -------------------------------------------------------------------
                         required time                         -1.688    
                         arrival time                           1.742    
  -------------------------------------------------------------------
                         slack                                  0.054    

Slack (MET) :             0.056ns  (arrival time - required time)
  Source:                 ingressLoop[6].ingressFifo/buffer_fifo/infer_fifo.two_wr_addr_reg[1]/C
                            (rising edge-triggered cell FDPE clocked by wbClk  {rise@0.000ns fall@5.000ns period=10.000ns})
  Destination:            ingressLoop[6].ingressFifo/buffer_fifo/infer_fifo.next_wr_addr_reg[1]/D
                            (rising edge-triggered cell FDCE clocked by wbClk  {rise@0.000ns fall@5.000ns period=10.000ns})
  Path Group:             wbClk
  Path Type:              Hold (Min at Fast Process Corner)
  Requirement:            0.000ns  (wbClk rise@0.000ns - wbClk rise@0.000ns)
  Data Path Delay:        0.390ns  (logic 0.141ns (36.185%)  route 0.249ns (63.815%))
  Logic Levels:           0  
  Clock Path Skew:        0.263ns (DCD - SCD - CPR)
    Destination Clock Delay (DCD):    1.954ns
    Source Clock Delay      (SCD):    1.444ns
    Clock Pessimism Removal (CPR):    0.247ns

    Location             Delay type                Incr(ns)  Path(ns)    Netlist Resource(s)
  -------------------------------------------------------------------    -------------------
                         (clock wbClk rise edge)      0.000     0.000 r  
    H16                                               0.000     0.000 r  wbClk (IN)
                         net (fo=0)                   0.000     0.000    wbClk
    H16                  IBUF (Prop_ibuf_I_O)         0.225     0.225 r  wbClk_IBUF_inst/O
                         net (fo=1, routed)           0.627     0.852    wbClk_IBUF
    BUFGCTRL_X0Y16       BUFG (Prop_bufg_I_O)         0.026     0.878 r  wbClk_IBUF_BUFG_inst/O
                         net (fo=704, routed)         0.566     1.444    ingressLoop[6].ingressFifo/buffer_fifo/rd_clk
    SLICE_X29Y49         FDPE                                         r  ingressLoop[6].ingressFifo/buffer_fifo/infer_fifo.two_wr_addr_reg[1]/C
  -------------------------------------------------------------------    -------------------
    SLICE_X29Y49         FDPE (Prop_fdpe_C_Q)         0.141     1.585 r  ingressLoop[6].ingressFifo/buffer_fifo/infer_fifo.two_wr_addr_reg[1]/Q
                         net (fo=1, routed)           0.249     1.834    ingressLoop[6].ingressFifo/buffer_fifo/infer_fifo.two_wr_addr[1]
    SLICE_X29Y50         FDCE                                         r  ingressLoop[6].ingressFifo/buffer_fifo/infer_fifo.next_wr_addr_reg[1]/D
  -------------------------------------------------------------------    -------------------

                         (clock wbClk rise edge)      0.000     0.000 r  
    H16                                               0.000     0.000 r  wbClk (IN)
                         net (fo=0)                   0.000     0.000    wbClk
    H16                  IBUF (Prop_ibuf_I_O)         0.413     0.413 r  wbClk_IBUF_inst/O
                         net (fo=1, routed)           0.683     1.096    wbClk_IBUF
    BUFGCTRL_X0Y16       BUFG (Prop_bufg_I_O)         0.029     1.125 r  wbClk_IBUF_BUFG_inst/O
                         net (fo=704, routed)         0.829     1.954    ingressLoop[6].ingressFifo/buffer_fifo/rd_clk
    SLICE_X29Y50         FDCE                                         r  ingressLoop[6].ingressFifo/buffer_fifo/infer_fifo.next_wr_addr_reg[1]/C
                         clock pessimism             -0.247     1.707    
    SLICE_X29Y50         FDCE (Hold_fdce_C_D)         0.070     1.777    ingressLoop[6].ingressFifo/buffer_fifo/infer_fifo.next_wr_addr_reg[1]
  -------------------------------------------------------------------
                         required time                         -1.777    
                         arrival time                           1.834    
  -------------------------------------------------------------------
                         slack                                  0.056    

Slack (MET) :             0.062ns  (arrival time - required time)
  Source:                 egressLoop[2].egressFifo/buffer_fifo/infer_fifo.two_rd_addr_reg[0]/C
                            (rising edge-triggered cell FDPE clocked by wbClk  {rise@0.000ns fall@5.000ns period=10.000ns})
  Destination:            egressLoop[2].egressFifo/buffer_fifo/infer_fifo.two_rd_addr_reg[1]/D
                            (rising edge-triggered cell FDPE clocked by wbClk  {rise@0.000ns fall@5.000ns period=10.000ns})
  Path Group:             wbClk
  Path Type:              Hold (Min at Fast Process Corner)
  Requirement:            0.000ns  (wbClk rise@0.000ns - wbClk rise@0.000ns)
  Data Path Delay:        0.414ns  (logic 0.246ns (59.407%)  route 0.168ns (40.593%))
  Logic Levels:           1  (LUT2=1)
  Clock Path Skew:        0.261ns (DCD - SCD - CPR)
    Destination Clock Delay (DCD):    1.947ns
    Source Clock Delay      (SCD):    1.434ns
    Clock Pessimism Removal (CPR):    0.252ns

    Location             Delay type                Incr(ns)  Path(ns)    Netlist Resource(s)
  -------------------------------------------------------------------    -------------------
                         (clock wbClk rise edge)      0.000     0.000 r  
    H16                                               0.000     0.000 r  wbClk (IN)
                         net (fo=0)                   0.000     0.000    wbClk
    H16                  IBUF (Prop_ibuf_I_O)         0.225     0.225 r  wbClk_IBUF_inst/O
                         net (fo=1, routed)           0.627     0.852    wbClk_IBUF
    BUFGCTRL_X0Y16       BUFG (Prop_bufg_I_O)         0.026     0.878 r  wbClk_IBUF_BUFG_inst/O
                         net (fo=704, routed)         0.556     1.434    egressLoop[2].egressFifo/buffer_fifo/rd_clk
    SLICE_X20Y32         FDPE                                         r  egressLoop[2].egressFifo/buffer_fifo/infer_fifo.two_rd_addr_reg[0]/C
  -------------------------------------------------------------------    -------------------
    SLICE_X20Y32         FDPE (Prop_fdpe_C_Q)         0.148     1.582 r  egressLoop[2].egressFifo/buffer_fifo/infer_fifo.two_rd_addr_reg[0]/Q
                         net (fo=8, routed)           0.168     1.750    egressLoop[2].egressFifo/buffer_fifo/infer_fifo.two_rd_addr[0]
    SLICE_X22Y32         LUT2 (Prop_lut2_I0_O)        0.098     1.848 r  egressLoop[2].egressFifo/buffer_fifo/infer_fifo.two_rd_addr[1]_i_1__9/O
                         net (fo=1, routed)           0.000     1.848    egressLoop[2].egressFifo/buffer_fifo/infer_fifo.two_rd_addr0[1]
    SLICE_X22Y32         FDPE                                         r  egressLoop[2].egressFifo/buffer_fifo/infer_fifo.two_rd_addr_reg[1]/D
  -------------------------------------------------------------------    -------------------

                         (clock wbClk rise edge)      0.000     0.000 r  
    H16                                               0.000     0.000 r  wbClk (IN)
                         net (fo=0)                   0.000     0.000    wbClk
    H16                  IBUF (Prop_ibuf_I_O)         0.413     0.413 r  wbClk_IBUF_inst/O
                         net (fo=1, routed)           0.683     1.096    wbClk_IBUF
    BUFGCTRL_X0Y16       BUFG (Prop_bufg_I_O)         0.029     1.125 r  wbClk_IBUF_BUFG_inst/O
                         net (fo=704, routed)         0.822     1.947    egressLoop[2].egressFifo/buffer_fifo/rd_clk
    SLICE_X22Y32         FDPE                                         r  egressLoop[2].egressFifo/buffer_fifo/infer_fifo.two_rd_addr_reg[1]/C
                         clock pessimism             -0.252     1.695    
    SLICE_X22Y32         FDPE (Hold_fdpe_C_D)         0.091     1.786    egressLoop[2].egressFifo/buffer_fifo/infer_fifo.two_rd_addr_reg[1]
  -------------------------------------------------------------------
                         required time                         -1.786    
                         arrival time                           1.848    
  -------------------------------------------------------------------
                         slack                                  0.062    

Slack (MET) :             0.066ns  (arrival time - required time)
  Source:                 egressLoop[2].egressFifo/buffer_fifo/infer_fifo.two_rd_addr_reg[2]/C
                            (rising edge-triggered cell FDCE clocked by wbClk  {rise@0.000ns fall@5.000ns period=10.000ns})
  Destination:            egressLoop[2].egressFifo/buffer_fifo/infer_fifo.next_rd_addr_reg[2]/D
                            (rising edge-triggered cell FDCE clocked by wbClk  {rise@0.000ns fall@5.000ns period=10.000ns})
  Path Group:             wbClk
  Path Type:              Hold (Min at Fast Process Corner)
  Requirement:            0.000ns  (wbClk rise@0.000ns - wbClk rise@0.000ns)
  Data Path Delay:        0.348ns  (logic 0.128ns (36.735%)  route 0.220ns (63.265%))
  Logic Levels:           0  
  Clock Path Skew:        0.261ns (DCD - SCD - CPR)
    Destination Clock Delay (DCD):    1.947ns
    Source Clock Delay      (SCD):    1.434ns
    Clock Pessimism Removal (CPR):    0.252ns

    Location             Delay type                Incr(ns)  Path(ns)    Netlist Resource(s)
  -------------------------------------------------------------------    -------------------
                         (clock wbClk rise edge)      0.000     0.000 r  
    H16                                               0.000     0.000 r  wbClk (IN)
                         net (fo=0)                   0.000     0.000    wbClk
    H16                  IBUF (Prop_ibuf_I_O)         0.225     0.225 r  wbClk_IBUF_inst/O
                         net (fo=1, routed)           0.627     0.852    wbClk_IBUF
    BUFGCTRL_X0Y16       BUFG (Prop_bufg_I_O)         0.026     0.878 r  wbClk_IBUF_BUFG_inst/O
                         net (fo=704, routed)         0.556     1.434    egressLoop[2].egressFifo/buffer_fifo/rd_clk
    SLICE_X21Y32         FDCE                                         r  egressLoop[2].egressFifo/buffer_fifo/infer_fifo.two_rd_addr_reg[2]/C
  -------------------------------------------------------------------    -------------------
    SLICE_X21Y32         FDCE (Prop_fdce_C_Q)         0.128     1.562 r  egressLoop[2].egressFifo/buffer_fifo/infer_fifo.two_rd_addr_reg[2]/Q
                         net (fo=1, routed)           0.220     1.782    egressLoop[2].egressFifo/buffer_fifo/infer_fifo.two_rd_addr[2]
    SLICE_X22Y32         FDCE                                         r  egressLoop[2].egressFifo/buffer_fifo/infer_fifo.next_rd_addr_reg[2]/D
  -------------------------------------------------------------------    -------------------

                         (clock wbClk rise edge)      0.000     0.000 r  
    H16                                               0.000     0.000 r  wbClk (IN)
                         net (fo=0)                   0.000     0.000    wbClk
    H16                  IBUF (Prop_ibuf_I_O)         0.413     0.413 r  wbClk_IBUF_inst/O
                         net (fo=1, routed)           0.683     1.096    wbClk_IBUF
    BUFGCTRL_X0Y16       BUFG (Prop_bufg_I_O)         0.029     1.125 r  wbClk_IBUF_BUFG_inst/O
                         net (fo=704, routed)         0.822     1.947    egressLoop[2].egressFifo/buffer_fifo/rd_clk
    SLICE_X22Y32         FDCE                                         r  egressLoop[2].egressFifo/buffer_fifo/infer_fifo.next_rd_addr_reg[2]/C
                         clock pessimism             -0.252     1.695    
    SLICE_X22Y32         FDCE (Hold_fdce_C_D)         0.021     1.716    egressLoop[2].egressFifo/buffer_fifo/infer_fifo.next_rd_addr_reg[2]
  -------------------------------------------------------------------
                         required time                         -1.716    
                         arrival time                           1.782    
  -------------------------------------------------------------------
                         slack                                  0.066    





Pulse Width Checks
--------------------------------------------------------------------------------------
Clock Name:         wbClk
Waveform(ns):       { 0.000 5.000 }
Period(ns):         10.000
Sources:            { wbClk }

Check Type        Corner  Lib Pin             Reference Pin  Required(ns)  Actual(ns)  Slack(ns)  Location      Pin
Min Period        n/a     RAMB36E1/CLKBWRCLK  n/a            2.576         10.000      7.424      RAMB36_X0Y6   egressLoop[0].egressFifo/buffer_fifo/infer_fifo.block_ram_performance.fifo_ram_reg/CLKBWRCLK
Min Period        n/a     RAMB36E1/CLKBWRCLK  n/a            2.576         10.000      7.424      RAMB36_X1Y4   egressLoop[1].egressFifo/buffer_fifo/infer_fifo.block_ram_performance.fifo_ram_reg/CLKBWRCLK
Min Period        n/a     RAMB36E1/CLKBWRCLK  n/a            2.576         10.000      7.424      RAMB36_X1Y6   egressLoop[2].egressFifo/buffer_fifo/infer_fifo.block_ram_performance.fifo_ram_reg/CLKBWRCLK
Min Period        n/a     RAMB36E1/CLKBWRCLK  n/a            2.576         10.000      7.424      RAMB36_X0Y2   egressLoop[3].egressFifo/buffer_fifo/infer_fifo.block_ram_performance.fifo_ram_reg/CLKBWRCLK
Min Period        n/a     RAMB36E1/CLKBWRCLK  n/a            2.576         10.000      7.424      RAMB36_X0Y4   egressLoop[4].egressFifo/buffer_fifo/infer_fifo.block_ram_performance.fifo_ram_reg/CLKBWRCLK
Min Period        n/a     RAMB36E1/CLKBWRCLK  n/a            2.576         10.000      7.424      RAMB36_X0Y3   egressLoop[5].egressFifo/buffer_fifo/infer_fifo.block_ram_performance.fifo_ram_reg/CLKBWRCLK
Min Period        n/a     RAMB36E1/CLKBWRCLK  n/a            2.576         10.000      7.424      RAMB36_X0Y5   egressLoop[6].egressFifo/buffer_fifo/infer_fifo.block_ram_performance.fifo_ram_reg/CLKBWRCLK
Min Period        n/a     RAMB36E1/CLKBWRCLK  n/a            2.576         10.000      7.424      RAMB36_X1Y3   egressLoop[7].egressFifo/buffer_fifo/infer_fifo.block_ram_performance.fifo_ram_reg/CLKBWRCLK
Min Period        n/a     RAMB36E1/CLKARDCLK  n/a            2.576         10.000      7.424      RAMB36_X0Y12  ingressLoop[0].ingressFifo/buffer_fifo/infer_fifo.block_ram_performance.fifo_ram_reg/CLKARDCLK
Min Period        n/a     RAMB36E1/CLKARDCLK  n/a            2.576         10.000      7.424      RAMB36_X1Y14  ingressLoop[1].ingressFifo/buffer_fifo/infer_fifo.block_ram_performance.fifo_ram_reg/CLKARDCLK
Low Pulse Width   Slow    FDRE/C              n/a            0.500         5.000       4.500      SLICE_X26Y47  FSM_sequential_loadState_reg[0]/C
Low Pulse Width   Fast    FDRE/C              n/a            0.500         5.000       4.500      SLICE_X26Y47  FSM_sequential_loadState_reg[0]/C
Low Pulse Width   Slow    FDRE/C              n/a            0.500         5.000       4.500      SLICE_X26Y48  FSM_sequential_loadState_reg[1]/C
Low Pulse Width   Fast    FDRE/C              n/a            0.500         5.000       4.500      SLICE_X26Y48  FSM_sequential_loadState_reg[1]/C
Low Pulse Width   Slow    FDRE/C              n/a            0.500         5.000       4.500      SLICE_X26Y48  FSM_sequential_loadState_reg[2]/C
Low Pulse Width   Fast    FDRE/C              n/a            0.500         5.000       4.500      SLICE_X26Y48  FSM_sequential_loadState_reg[2]/C
Low Pulse Width   Slow    FDRE/C              n/a            0.500         5.000       4.500      SLICE_X22Y24  demuxState_reg/C
Low Pulse Width   Fast    FDRE/C              n/a            0.500         5.000       4.500      SLICE_X22Y24  demuxState_reg/C
Low Pulse Width   Slow    FDRE/C              n/a            0.500         5.000       4.500      SLICE_X12Y29  error_reg/C
Low Pulse Width   Fast    FDRE/C              n/a            0.500         5.000       4.500      SLICE_X12Y29  error_reg/C
High Pulse Width  Slow    FDRE/C              n/a            0.500         5.000       4.500      SLICE_X26Y47  FSM_sequential_loadState_reg[0]/C
High Pulse Width  Fast    FDRE/C              n/a            0.500         5.000       4.500      SLICE_X26Y47  FSM_sequential_loadState_reg[0]/C
High Pulse Width  Slow    FDRE/C              n/a            0.500         5.000       4.500      SLICE_X26Y48  FSM_sequential_loadState_reg[1]/C
High Pulse Width  Fast    FDRE/C              n/a            0.500         5.000       4.500      SLICE_X26Y48  FSM_sequential_loadState_reg[1]/C
High Pulse Width  Slow    FDRE/C              n/a            0.500         5.000       4.500      SLICE_X26Y48  FSM_sequential_loadState_reg[2]/C
High Pulse Width  Fast    FDRE/C              n/a            0.500         5.000       4.500      SLICE_X26Y48  FSM_sequential_loadState_reg[2]/C
High Pulse Width  Slow    FDRE/C              n/a            0.500         5.000       4.500      SLICE_X22Y24  demuxState_reg/C
High Pulse Width  Fast    FDRE/C              n/a            0.500         5.000       4.500      SLICE_X22Y24  demuxState_reg/C
High Pulse Width  Slow    FDRE/C              n/a            0.500         5.000       4.500      SLICE_X12Y29  error_reg/C
High Pulse Width  Fast    FDRE/C              n/a            0.500         5.000       4.500      SLICE_X12Y29  error_reg/C



--------------------------------------------------------------------------------------
Path Group:  (none)
From Clock:  wbClk
  To Clock:  bftClk

Max Delay           336 Endpoints
Min Delay           336 Endpoints
--------------------------------------------------------------------------------------


Max Delay Paths
--------------------------------------------------------------------------------------
Slack:                    inf
  Source:                 ingressFifoWrEn_reg/C
                            (rising edge-triggered cell FDRE clocked by wbClk  {rise@0.000ns fall@5.000ns period=10.000ns})
  Destination:            ingressLoop[3].ingressFifo/buffer_fifo/infer_fifo.rd_addr_reg[2]/CE
                            (rising edge-triggered cell FDCE clocked by bftClk  {rise@0.000ns fall@2.500ns period=5.000ns})
  Path Group:             (none)
  Path Type:              Setup (Max at Slow Process Corner)
  Data Path Delay:        5.092ns  (logic 0.580ns (11.391%)  route 4.512ns (88.609%))
  Logic Levels:           1  (LUT2=1)
  Clock Path Skew:        -0.517ns (DCD - SCD + CPR)
    Destination Clock Delay (DCD):    4.787ns
    Source Clock Delay      (SCD):    5.304ns
    Clock Pessimism Removal (CPR):    0.000ns
  Clock Uncertainty:      0.035ns  ((TSJ^2 + TIJ^2)^1/2 + DJ) / 2 + PE
    Total System Jitter     (TSJ):    0.071ns
    Total Input Jitter      (TIJ):    0.000ns
    Discrete Jitter          (DJ):    0.000ns
    Phase Error              (PE):    0.000ns
  Timing Exception:       False Path

    Location             Delay type                Incr(ns)  Path(ns)    Netlist Resource(s)
  -------------------------------------------------------------------    -------------------
                         (clock wbClk rise edge)      0.000     0.000 r  
    H16                                               0.000     0.000 r  wbClk (IN)
                         net (fo=0)                   0.000     0.000    wbClk
    H16                  IBUF (Prop_ibuf_I_O)         1.457     1.457 r  wbClk_IBUF_inst/O
                         net (fo=1, routed)           2.076     3.533    wbClk_IBUF
    BUFGCTRL_X0Y16       BUFG (Prop_bufg_I_O)         0.101     3.634 r  wbClk_IBUF_BUFG_inst/O
                         net (fo=704, routed)         1.670     5.304    wbClk_IBUF_BUFG
    SLICE_X22Y39         FDRE                                         r  ingressFifoWrEn_reg/C
  -------------------------------------------------------------------    -------------------
    SLICE_X22Y39         FDRE (Prop_fdre_C_Q)         0.456     5.760 r  ingressFifoWrEn_reg/Q
                         net (fo=24, routed)          3.138     8.899    ingressLoop[3].ingressFifo/buffer_fifo/ingressFifoWrEn
    SLICE_X6Y66          LUT2 (Prop_lut2_I0_O)        0.124     9.023 r  ingressLoop[3].ingressFifo/buffer_fifo/infer_fifo.two_rd_addr[9]_i_1__2/O
                         net (fo=39, routed)          1.373    10.396    ingressLoop[3].ingressFifo/buffer_fifo/infer_fifo.two_rd_addr[9]_i_1__2_n_0
    SLICE_X4Y64          FDCE                                         r  ingressLoop[3].ingressFifo/buffer_fifo/infer_fifo.rd_addr_reg[2]/CE
  -------------------------------------------------------------------    -------------------

                         (clock bftClk rise edge)     0.000     0.000 r  
    H15                                               0.000     0.000 r  bftClk (IN)
                         net (fo=0)                   0.000     0.000    bftClk
    H15                  IBUF (Prop_ibuf_I_O)         1.390     1.390 r  bftClk_IBUF_inst/O
                         net (fo=1, routed)           1.770     3.160    bftClk_IBUF
    BUFGCTRL_X0Y0        BUFG (Prop_bufg_I_O)         0.091     3.251 r  bftClk_IBUF_BUFG_inst/O
                         net (fo=730, routed)         1.536     4.787    ingressLoop[3].ingressFifo/buffer_fifo/clk
    SLICE_X4Y64          FDCE                                         r  ingressLoop[3].ingressFifo/buffer_fifo/infer_fifo.rd_addr_reg[2]/C

Slack:                    inf
  Source:                 ingressFifoWrEn_reg/C
                            (rising edge-triggered cell FDRE clocked by wbClk  {rise@0.000ns fall@5.000ns period=10.000ns})
  Destination:            ingressLoop[3].ingressFifo/buffer_fifo/infer_fifo.rd_addr_reg[4]/CE
                            (rising edge-triggered cell FDCE clocked by bftClk  {rise@0.000ns fall@2.500ns period=5.000ns})
  Path Group:             (none)
  Path Type:              Setup (Max at Slow Process Corner)
  Data Path Delay:        5.092ns  (logic 0.580ns (11.391%)  route 4.512ns (88.609%))
  Logic Levels:           1  (LUT2=1)
  Clock Path Skew:        -0.517ns (DCD - SCD + CPR)
    Destination Clock Delay (DCD):    4.787ns
    Source Clock Delay      (SCD):    5.304ns
    Clock Pessimism Removal (CPR):    0.000ns
  Clock Uncertainty:      0.035ns  ((TSJ^2 + TIJ^2)^1/2 + DJ) / 2 + PE
    Total System Jitter     (TSJ):    0.071ns
    Total Input Jitter      (TIJ):    0.000ns
    Discrete Jitter          (DJ):    0.000ns
    Phase Error              (PE):    0.000ns
  Timing Exception:       False Path

    Location             Delay type                Incr(ns)  Path(ns)    Netlist Resource(s)
  -------------------------------------------------------------------    -------------------
                         (clock wbClk rise edge)      0.000     0.000 r  
    H16                                               0.000     0.000 r  wbClk (IN)
                         net (fo=0)                   0.000     0.000    wbClk
    H16                  IBUF (Prop_ibuf_I_O)         1.457     1.457 r  wbClk_IBUF_inst/O
                         net (fo=1, routed)           2.076     3.533    wbClk_IBUF
    BUFGCTRL_X0Y16       BUFG (Prop_bufg_I_O)         0.101     3.634 r  wbClk_IBUF_BUFG_inst/O
                         net (fo=704, routed)         1.670     5.304    wbClk_IBUF_BUFG
    SLICE_X22Y39         FDRE                                         r  ingressFifoWrEn_reg/C
  -------------------------------------------------------------------    -------------------
    SLICE_X22Y39         FDRE (Prop_fdre_C_Q)         0.456     5.760 r  ingressFifoWrEn_reg/Q
                         net (fo=24, routed)          3.138     8.899    ingressLoop[3].ingressFifo/buffer_fifo/ingressFifoWrEn
    SLICE_X6Y66          LUT2 (Prop_lut2_I0_O)        0.124     9.023 r  ingressLoop[3].ingressFifo/buffer_fifo/infer_fifo.two_rd_addr[9]_i_1__2/O
                         net (fo=39, routed)          1.373    10.396    ingressLoop[3].ingressFifo/buffer_fifo/infer_fifo.two_rd_addr[9]_i_1__2_n_0
    SLICE_X4Y64          FDCE                                         r  ingressLoop[3].ingressFifo/buffer_fifo/infer_fifo.rd_addr_reg[4]/CE
  -------------------------------------------------------------------    -------------------

                         (clock bftClk rise edge)     0.000     0.000 r  
    H15                                               0.000     0.000 r  bftClk (IN)
                         net (fo=0)                   0.000     0.000    bftClk
    H15                  IBUF (Prop_ibuf_I_O)         1.390     1.390 r  bftClk_IBUF_inst/O
                         net (fo=1, routed)           1.770     3.160    bftClk_IBUF
    BUFGCTRL_X0Y0        BUFG (Prop_bufg_I_O)         0.091     3.251 r  bftClk_IBUF_BUFG_inst/O
                         net (fo=730, routed)         1.536     4.787    ingressLoop[3].ingressFifo/buffer_fifo/clk
    SLICE_X4Y64          FDCE                                         r  ingressLoop[3].ingressFifo/buffer_fifo/infer_fifo.rd_addr_reg[4]/C

Slack:                    inf
  Source:                 ingressFifoWrEn_reg/C
                            (rising edge-triggered cell FDRE clocked by wbClk  {rise@0.000ns fall@5.000ns period=10.000ns})
  Destination:            ingressLoop[3].ingressFifo/buffer_fifo/infer_fifo.rd_addr_reg[5]/CE
                            (rising edge-triggered cell FDCE clocked by bftClk  {rise@0.000ns fall@2.500ns period=5.000ns})
  Path Group:             (none)
  Path Type:              Setup (Max at Slow Process Corner)
  Data Path Delay:        5.092ns  (logic 0.580ns (11.391%)  route 4.512ns (88.609%))
  Logic Levels:           1  (LUT2=1)
  Clock Path Skew:        -0.517ns (DCD - SCD + CPR)
    Destination Clock Delay (DCD):    4.787ns
    Source Clock Delay      (SCD):    5.304ns
    Clock Pessimism Removal (CPR):    0.000ns
  Clock Uncertainty:      0.035ns  ((TSJ^2 + TIJ^2)^1/2 + DJ) / 2 + PE
    Total System Jitter     (TSJ):    0.071ns
    Total Input Jitter      (TIJ):    0.000ns
    Discrete Jitter          (DJ):    0.000ns
    Phase Error              (PE):    0.000ns
  Timing Exception:       False Path

    Location             Delay type                Incr(ns)  Path(ns)    Netlist Resource(s)
  -------------------------------------------------------------------    -------------------
                         (clock wbClk rise edge)      0.000     0.000 r  
    H16                                               0.000     0.000 r  wbClk (IN)
                         net (fo=0)                   0.000     0.000    wbClk
    H16                  IBUF (Prop_ibuf_I_O)         1.457     1.457 r  wbClk_IBUF_inst/O
                         net (fo=1, routed)           2.076     3.533    wbClk_IBUF
    BUFGCTRL_X0Y16       BUFG (Prop_bufg_I_O)         0.101     3.634 r  wbClk_IBUF_BUFG_inst/O
                         net (fo=704, routed)         1.670     5.304    wbClk_IBUF_BUFG
    SLICE_X22Y39         FDRE                                         r  ingressFifoWrEn_reg/C
  -------------------------------------------------------------------    -------------------
    SLICE_X22Y39         FDRE (Prop_fdre_C_Q)         0.456     5.760 r  ingressFifoWrEn_reg/Q
                         net (fo=24, routed)          3.138     8.899    ingressLoop[3].ingressFifo/buffer_fifo/ingressFifoWrEn
    SLICE_X6Y66          LUT2 (Prop_lut2_I0_O)        0.124     9.023 r  ingressLoop[3].ingressFifo/buffer_fifo/infer_fifo.two_rd_addr[9]_i_1__2/O
                         net (fo=39, routed)          1.373    10.396    ingressLoop[3].ingressFifo/buffer_fifo/infer_fifo.two_rd_addr[9]_i_1__2_n_0
    SLICE_X4Y64          FDCE                                         r  ingressLoop[3].ingressFifo/buffer_fifo/infer_fifo.rd_addr_reg[5]/CE
  -------------------------------------------------------------------    -------------------

                         (clock bftClk rise edge)     0.000     0.000 r  
    H15                                               0.000     0.000 r  bftClk (IN)
                         net (fo=0)                   0.000     0.000    bftClk
    H15                  IBUF (Prop_ibuf_I_O)         1.390     1.390 r  bftClk_IBUF_inst/O
                         net (fo=1, routed)           1.770     3.160    bftClk_IBUF
    BUFGCTRL_X0Y0        BUFG (Prop_bufg_I_O)         0.091     3.251 r  bftClk_IBUF_BUFG_inst/O
                         net (fo=730, routed)         1.536     4.787    ingressLoop[3].ingressFifo/buffer_fifo/clk
    SLICE_X4Y64          FDCE                                         r  ingressLoop[3].ingressFifo/buffer_fifo/infer_fifo.rd_addr_reg[5]/C

Slack:                    inf
  Source:                 ingressFifoWrEn_reg/C
                            (rising edge-triggered cell FDRE clocked by wbClk  {rise@0.000ns fall@5.000ns period=10.000ns})
  Destination:            ingressLoop[3].ingressFifo/buffer_fifo/infer_fifo.rd_addr_reg[6]/CE
                            (rising edge-triggered cell FDCE clocked by bftClk  {rise@0.000ns fall@2.500ns period=5.000ns})
  Path Group:             (none)
  Path Type:              Setup (Max at Slow Process Corner)
  Data Path Delay:        5.092ns  (logic 0.580ns (11.391%)  route 4.512ns (88.609%))
  Logic Levels:           1  (LUT2=1)
  Clock Path Skew:        -0.517ns (DCD - SCD + CPR)
    Destination Clock Delay (DCD):    4.787ns
    Source Clock Delay      (SCD):    5.304ns
    Clock Pessimism Removal (CPR):    0.000ns
  Clock Uncertainty:      0.035ns  ((TSJ^2 + TIJ^2)^1/2 + DJ) / 2 + PE
    Total System Jitter     (TSJ):    0.071ns
    Total Input Jitter      (TIJ):    0.000ns
    Discrete Jitter          (DJ):    0.000ns
    Phase Error              (PE):    0.000ns
  Timing Exception:       False Path

    Location             Delay type                Incr(ns)  Path(ns)    Netlist Resource(s)
  -------------------------------------------------------------------    -------------------
                         (clock wbClk rise edge)      0.000     0.000 r  
    H16                                               0.000     0.000 r  wbClk (IN)
                         net (fo=0)                   0.000     0.000    wbClk
    H16                  IBUF (Prop_ibuf_I_O)         1.457     1.457 r  wbClk_IBUF_inst/O
                         net (fo=1, routed)           2.076     3.533    wbClk_IBUF
    BUFGCTRL_X0Y16       BUFG (Prop_bufg_I_O)         0.101     3.634 r  wbClk_IBUF_BUFG_inst/O
                         net (fo=704, routed)         1.670     5.304    wbClk_IBUF_BUFG
    SLICE_X22Y39         FDRE                                         r  ingressFifoWrEn_reg/C
  -------------------------------------------------------------------    -------------------
    SLICE_X22Y39         FDRE (Prop_fdre_C_Q)         0.456     5.760 r  ingressFifoWrEn_reg/Q
                         net (fo=24, routed)          3.138     8.899    ingressLoop[3].ingressFifo/buffer_fifo/ingressFifoWrEn
    SLICE_X6Y66          LUT2 (Prop_lut2_I0_O)        0.124     9.023 r  ingressLoop[3].ingressFifo/buffer_fifo/infer_fifo.two_rd_addr[9]_i_1__2/O
                         net (fo=39, routed)          1.373    10.396    ingressLoop[3].ingressFifo/buffer_fifo/infer_fifo.two_rd_addr[9]_i_1__2_n_0
    SLICE_X4Y64          FDCE                                         r  ingressLoop[3].ingressFifo/buffer_fifo/infer_fifo.rd_addr_reg[6]/CE
  -------------------------------------------------------------------    -------------------

                         (clock bftClk rise edge)     0.000     0.000 r  
    H15                                               0.000     0.000 r  bftClk (IN)
                         net (fo=0)                   0.000     0.000    bftClk
    H15                  IBUF (Prop_ibuf_I_O)         1.390     1.390 r  bftClk_IBUF_inst/O
                         net (fo=1, routed)           1.770     3.160    bftClk_IBUF
    BUFGCTRL_X0Y0        BUFG (Prop_bufg_I_O)         0.091     3.251 r  bftClk_IBUF_BUFG_inst/O
                         net (fo=730, routed)         1.536     4.787    ingressLoop[3].ingressFifo/buffer_fifo/clk
    SLICE_X4Y64          FDCE                                         r  ingressLoop[3].ingressFifo/buffer_fifo/infer_fifo.rd_addr_reg[6]/C

Slack:                    inf
  Source:                 ingressFifoWrEn_reg/C
                            (rising edge-triggered cell FDRE clocked by wbClk  {rise@0.000ns fall@5.000ns period=10.000ns})
  Destination:            ingressLoop[3].ingressFifo/buffer_fifo/infer_fifo.rd_addr_tmp_reg[6]/CE
                            (rising edge-triggered cell FDCE clocked by bftClk  {rise@0.000ns fall@2.500ns period=5.000ns})
  Path Group:             (none)
  Path Type:              Setup (Max at Slow Process Corner)
  Data Path Delay:        5.092ns  (logic 0.580ns (11.391%)  route 4.512ns (88.609%))
  Logic Levels:           1  (LUT2=1)
  Clock Path Skew:        -0.517ns (DCD - SCD + CPR)
    Destination Clock Delay (DCD):    4.787ns
    Source Clock Delay      (SCD):    5.304ns
    Clock Pessimism Removal (CPR):    0.000ns
  Clock Uncertainty:      0.035ns  ((TSJ^2 + TIJ^2)^1/2 + DJ) / 2 + PE
    Total System Jitter     (TSJ):    0.071ns
    Total Input Jitter      (TIJ):    0.000ns
    Discrete Jitter          (DJ):    0.000ns
    Phase Error              (PE):    0.000ns
  Timing Exception:       False Path

    Location             Delay type                Incr(ns)  Path(ns)    Netlist Resource(s)
  -------------------------------------------------------------------    -------------------
                         (clock wbClk rise edge)      0.000     0.000 r  
    H16                                               0.000     0.000 r  wbClk (IN)
                         net (fo=0)                   0.000     0.000    wbClk
    H16                  IBUF (Prop_ibuf_I_O)         1.457     1.457 r  wbClk_IBUF_inst/O
                         net (fo=1, routed)           2.076     3.533    wbClk_IBUF
    BUFGCTRL_X0Y16       BUFG (Prop_bufg_I_O)         0.101     3.634 r  wbClk_IBUF_BUFG_inst/O
                         net (fo=704, routed)         1.670     5.304    wbClk_IBUF_BUFG
    SLICE_X22Y39         FDRE                                         r  ingressFifoWrEn_reg/C
  -------------------------------------------------------------------    -------------------
    SLICE_X22Y39         FDRE (Prop_fdre_C_Q)         0.456     5.760 r  ingressFifoWrEn_reg/Q
                         net (fo=24, routed)          3.138     8.899    ingressLoop[3].ingressFifo/buffer_fifo/ingressFifoWrEn
    SLICE_X6Y66          LUT2 (Prop_lut2_I0_O)        0.124     9.023 r  ingressLoop[3].ingressFifo/buffer_fifo/infer_fifo.two_rd_addr[9]_i_1__2/O
                         net (fo=39, routed)          1.373    10.396    ingressLoop[3].ingressFifo/buffer_fifo/infer_fifo.two_rd_addr[9]_i_1__2_n_0
    SLICE_X4Y64          FDCE                                         r  ingressLoop[3].ingressFifo/buffer_fifo/infer_fifo.rd_addr_tmp_reg[6]/CE
  -------------------------------------------------------------------    -------------------

                         (clock bftClk rise edge)     0.000     0.000 r  
    H15                                               0.000     0.000 r  bftClk (IN)
                         net (fo=0)                   0.000     0.000    bftClk
    H15                  IBUF (Prop_ibuf_I_O)         1.390     1.390 r  bftClk_IBUF_inst/O
                         net (fo=1, routed)           1.770     3.160    bftClk_IBUF
    BUFGCTRL_X0Y0        BUFG (Prop_bufg_I_O)         0.091     3.251 r  bftClk_IBUF_BUFG_inst/O
                         net (fo=730, routed)         1.536     4.787    ingressLoop[3].ingressFifo/buffer_fifo/clk
    SLICE_X4Y64          FDCE                                         r  ingressLoop[3].ingressFifo/buffer_fifo/infer_fifo.rd_addr_tmp_reg[6]/C

Slack:                    inf
  Source:                 ingressFifoWrEn_reg/C
                            (rising edge-triggered cell FDRE clocked by wbClk  {rise@0.000ns fall@5.000ns period=10.000ns})
  Destination:            ingressLoop[3].ingressFifo/buffer_fifo/infer_fifo.rd_addr_tmp_reg[7]/CE
                            (rising edge-triggered cell FDCE clocked by bftClk  {rise@0.000ns fall@2.500ns period=5.000ns})
  Path Group:             (none)
  Path Type:              Setup (Max at Slow Process Corner)
  Data Path Delay:        5.092ns  (logic 0.580ns (11.391%)  route 4.512ns (88.609%))
  Logic Levels:           1  (LUT2=1)
  Clock Path Skew:        -0.517ns (DCD - SCD + CPR)
    Destination Clock Delay (DCD):    4.787ns
    Source Clock Delay      (SCD):    5.304ns
    Clock Pessimism Removal (CPR):    0.000ns
  Clock Uncertainty:      0.035ns  ((TSJ^2 + TIJ^2)^1/2 + DJ) / 2 + PE
    Total System Jitter     (TSJ):    0.071ns
    Total Input Jitter      (TIJ):    0.000ns
    Discrete Jitter          (DJ):    0.000ns
    Phase Error              (PE):    0.000ns
  Timing Exception:       False Path

    Location             Delay type                Incr(ns)  Path(ns)    Netlist Resource(s)
  -------------------------------------------------------------------    -------------------
                         (clock wbClk rise edge)      0.000     0.000 r  
    H16                                               0.000     0.000 r  wbClk (IN)
                         net (fo=0)                   0.000     0.000    wbClk
    H16                  IBUF (Prop_ibuf_I_O)         1.457     1.457 r  wbClk_IBUF_inst/O
                         net (fo=1, routed)           2.076     3.533    wbClk_IBUF
    BUFGCTRL_X0Y16       BUFG (Prop_bufg_I_O)         0.101     3.634 r  wbClk_IBUF_BUFG_inst/O
                         net (fo=704, routed)         1.670     5.304    wbClk_IBUF_BUFG
    SLICE_X22Y39         FDRE                                         r  ingressFifoWrEn_reg/C
  -------------------------------------------------------------------    -------------------
    SLICE_X22Y39         FDRE (Prop_fdre_C_Q)         0.456     5.760 r  ingressFifoWrEn_reg/Q
                         net (fo=24, routed)          3.138     8.899    ingressLoop[3].ingressFifo/buffer_fifo/ingressFifoWrEn
    SLICE_X6Y66          LUT2 (Prop_lut2_I0_O)        0.124     9.023 r  ingressLoop[3].ingressFifo/buffer_fifo/infer_fifo.two_rd_addr[9]_i_1__2/O
                         net (fo=39, routed)          1.373    10.396    ingressLoop[3].ingressFifo/buffer_fifo/infer_fifo.two_rd_addr[9]_i_1__2_n_0
    SLICE_X4Y64          FDCE                                         r  ingressLoop[3].ingressFifo/buffer_fifo/infer_fifo.rd_addr_tmp_reg[7]/CE
  -------------------------------------------------------------------    -------------------

                         (clock bftClk rise edge)     0.000     0.000 r  
    H15                                               0.000     0.000 r  bftClk (IN)
                         net (fo=0)                   0.000     0.000    bftClk
    H15                  IBUF (Prop_ibuf_I_O)         1.390     1.390 r  bftClk_IBUF_inst/O
                         net (fo=1, routed)           1.770     3.160    bftClk_IBUF
    BUFGCTRL_X0Y0        BUFG (Prop_bufg_I_O)         0.091     3.251 r  bftClk_IBUF_BUFG_inst/O
                         net (fo=730, routed)         1.536     4.787    ingressLoop[3].ingressFifo/buffer_fifo/clk
    SLICE_X4Y64          FDCE                                         r  ingressLoop[3].ingressFifo/buffer_fifo/infer_fifo.rd_addr_tmp_reg[7]/C

Slack:                    inf
  Source:                 ingressFifoWrEn_reg/C
                            (rising edge-triggered cell FDRE clocked by wbClk  {rise@0.000ns fall@5.000ns period=10.000ns})
  Destination:            ingressLoop[3].ingressFifo/buffer_fifo/infer_fifo.rd_addr_tmp_reg[8]/CE
                            (rising edge-triggered cell FDCE clocked by bftClk  {rise@0.000ns fall@2.500ns period=5.000ns})
  Path Group:             (none)
  Path Type:              Setup (Max at Slow Process Corner)
  Data Path Delay:        5.092ns  (logic 0.580ns (11.391%)  route 4.512ns (88.609%))
  Logic Levels:           1  (LUT2=1)
  Clock Path Skew:        -0.517ns (DCD - SCD + CPR)
    Destination Clock Delay (DCD):    4.787ns
    Source Clock Delay      (SCD):    5.304ns
    Clock Pessimism Removal (CPR):    0.000ns
  Clock Uncertainty:      0.035ns  ((TSJ^2 + TIJ^2)^1/2 + DJ) / 2 + PE
    Total System Jitter     (TSJ):    0.071ns
    Total Input Jitter      (TIJ):    0.000ns
    Discrete Jitter          (DJ):    0.000ns
    Phase Error              (PE):    0.000ns
  Timing Exception:       False Path

    Location             Delay type                Incr(ns)  Path(ns)    Netlist Resource(s)
  -------------------------------------------------------------------    -------------------
                         (clock wbClk rise edge)      0.000     0.000 r  
    H16                                               0.000     0.000 r  wbClk (IN)
                         net (fo=0)                   0.000     0.000    wbClk
    H16                  IBUF (Prop_ibuf_I_O)         1.457     1.457 r  wbClk_IBUF_inst/O
                         net (fo=1, routed)           2.076     3.533    wbClk_IBUF
    BUFGCTRL_X0Y16       BUFG (Prop_bufg_I_O)         0.101     3.634 r  wbClk_IBUF_BUFG_inst/O
                         net (fo=704, routed)         1.670     5.304    wbClk_IBUF_BUFG
    SLICE_X22Y39         FDRE                                         r  ingressFifoWrEn_reg/C
  -------------------------------------------------------------------    -------------------
    SLICE_X22Y39         FDRE (Prop_fdre_C_Q)         0.456     5.760 r  ingressFifoWrEn_reg/Q
                         net (fo=24, routed)          3.138     8.899    ingressLoop[3].ingressFifo/buffer_fifo/ingressFifoWrEn
    SLICE_X6Y66          LUT2 (Prop_lut2_I0_O)        0.124     9.023 r  ingressLoop[3].ingressFifo/buffer_fifo/infer_fifo.two_rd_addr[9]_i_1__2/O
                         net (fo=39, routed)          1.373    10.396    ingressLoop[3].ingressFifo/buffer_fifo/infer_fifo.two_rd_addr[9]_i_1__2_n_0
    SLICE_X4Y64          FDCE                                         r  ingressLoop[3].ingressFifo/buffer_fifo/infer_fifo.rd_addr_tmp_reg[8]/CE
  -------------------------------------------------------------------    -------------------

                         (clock bftClk rise edge)     0.000     0.000 r  
    H15                                               0.000     0.000 r  bftClk (IN)
                         net (fo=0)                   0.000     0.000    bftClk
    H15                  IBUF (Prop_ibuf_I_O)         1.390     1.390 r  bftClk_IBUF_inst/O
                         net (fo=1, routed)           1.770     3.160    bftClk_IBUF
    BUFGCTRL_X0Y0        BUFG (Prop_bufg_I_O)         0.091     3.251 r  bftClk_IBUF_BUFG_inst/O
                         net (fo=730, routed)         1.536     4.787    ingressLoop[3].ingressFifo/buffer_fifo/clk
    SLICE_X4Y64          FDCE                                         r  ingressLoop[3].ingressFifo/buffer_fifo/infer_fifo.rd_addr_tmp_reg[8]/C

Slack:                    inf
  Source:                 ingressFifoWrEn_reg/C
                            (rising edge-triggered cell FDRE clocked by wbClk  {rise@0.000ns fall@5.000ns period=10.000ns})
  Destination:            ingressLoop[3].ingressFifo/buffer_fifo/infer_fifo.rd_addr_tmp_reg[9]/CE
                            (rising edge-triggered cell FDCE clocked by bftClk  {rise@0.000ns fall@2.500ns period=5.000ns})
  Path Group:             (none)
  Path Type:              Setup (Max at Slow Process Corner)
  Data Path Delay:        5.092ns  (logic 0.580ns (11.391%)  route 4.512ns (88.609%))
  Logic Levels:           1  (LUT2=1)
  Clock Path Skew:        -0.517ns (DCD - SCD + CPR)
    Destination Clock Delay (DCD):    4.787ns
    Source Clock Delay      (SCD):    5.304ns
    Clock Pessimism Removal (CPR):    0.000ns
  Clock Uncertainty:      0.035ns  ((TSJ^2 + TIJ^2)^1/2 + DJ) / 2 + PE
    Total System Jitter     (TSJ):    0.071ns
    Total Input Jitter      (TIJ):    0.000ns
    Discrete Jitter          (DJ):    0.000ns
    Phase Error              (PE):    0.000ns
  Timing Exception:       False Path

    Location             Delay type                Incr(ns)  Path(ns)    Netlist Resource(s)
  -------------------------------------------------------------------    -------------------
                         (clock wbClk rise edge)      0.000     0.000 r  
    H16                                               0.000     0.000 r  wbClk (IN)
                         net (fo=0)                   0.000     0.000    wbClk
    H16                  IBUF (Prop_ibuf_I_O)         1.457     1.457 r  wbClk_IBUF_inst/O
                         net (fo=1, routed)           2.076     3.533    wbClk_IBUF
    BUFGCTRL_X0Y16       BUFG (Prop_bufg_I_O)         0.101     3.634 r  wbClk_IBUF_BUFG_inst/O
                         net (fo=704, routed)         1.670     5.304    wbClk_IBUF_BUFG
    SLICE_X22Y39         FDRE                                         r  ingressFifoWrEn_reg/C
  -------------------------------------------------------------------    -------------------
    SLICE_X22Y39         FDRE (Prop_fdre_C_Q)         0.456     5.760 r  ingressFifoWrEn_reg/Q
                         net (fo=24, routed)          3.138     8.899    ingressLoop[3].ingressFifo/buffer_fifo/ingressFifoWrEn
    SLICE_X6Y66          LUT2 (Prop_lut2_I0_O)        0.124     9.023 r  ingressLoop[3].ingressFifo/buffer_fifo/infer_fifo.two_rd_addr[9]_i_1__2/O
                         net (fo=39, routed)          1.373    10.396    ingressLoop[3].ingressFifo/buffer_fifo/infer_fifo.two_rd_addr[9]_i_1__2_n_0
    SLICE_X4Y64          FDCE                                         r  ingressLoop[3].ingressFifo/buffer_fifo/infer_fifo.rd_addr_tmp_reg[9]/CE
  -------------------------------------------------------------------    -------------------

                         (clock bftClk rise edge)     0.000     0.000 r  
    H15                                               0.000     0.000 r  bftClk (IN)
                         net (fo=0)                   0.000     0.000    bftClk
    H15                  IBUF (Prop_ibuf_I_O)         1.390     1.390 r  bftClk_IBUF_inst/O
                         net (fo=1, routed)           1.770     3.160    bftClk_IBUF
    BUFGCTRL_X0Y0        BUFG (Prop_bufg_I_O)         0.091     3.251 r  bftClk_IBUF_BUFG_inst/O
                         net (fo=730, routed)         1.536     4.787    ingressLoop[3].ingressFifo/buffer_fifo/clk
    SLICE_X4Y64          FDCE                                         r  ingressLoop[3].ingressFifo/buffer_fifo/infer_fifo.rd_addr_tmp_reg[9]/C

Slack:                    inf
  Source:                 ingressFifoWrEn_reg/C
                            (rising edge-triggered cell FDRE clocked by wbClk  {rise@0.000ns fall@5.000ns period=10.000ns})
  Destination:            ingressLoop[3].ingressFifo/buffer_fifo/infer_fifo.rd_addr_tmp_reg[0]/CE
                            (rising edge-triggered cell FDPE clocked by bftClk  {rise@0.000ns fall@2.500ns period=5.000ns})
  Path Group:             (none)
  Path Type:              Setup (Max at Slow Process Corner)
  Data Path Delay:        4.943ns  (logic 0.580ns (11.735%)  route 4.363ns (88.265%))
  Logic Levels:           1  (LUT2=1)
  Clock Path Skew:        -0.517ns (DCD - SCD + CPR)
    Destination Clock Delay (DCD):    4.787ns
    Source Clock Delay      (SCD):    5.304ns
    Clock Pessimism Removal (CPR):    0.000ns
  Clock Uncertainty:      0.035ns  ((TSJ^2 + TIJ^2)^1/2 + DJ) / 2 + PE
    Total System Jitter     (TSJ):    0.071ns
    Total Input Jitter      (TIJ):    0.000ns
    Discrete Jitter          (DJ):    0.000ns
    Phase Error              (PE):    0.000ns
  Timing Exception:       False Path

    Location             Delay type                Incr(ns)  Path(ns)    Netlist Resource(s)
  -------------------------------------------------------------------    -------------------
                         (clock wbClk rise edge)      0.000     0.000 r  
    H16                                               0.000     0.000 r  wbClk (IN)
                         net (fo=0)                   0.000     0.000    wbClk
    H16                  IBUF (Prop_ibuf_I_O)         1.457     1.457 r  wbClk_IBUF_inst/O
                         net (fo=1, routed)           2.076     3.533    wbClk_IBUF
    BUFGCTRL_X0Y16       BUFG (Prop_bufg_I_O)         0.101     3.634 r  wbClk_IBUF_BUFG_inst/O
                         net (fo=704, routed)         1.670     5.304    wbClk_IBUF_BUFG
    SLICE_X22Y39         FDRE                                         r  ingressFifoWrEn_reg/C
  -------------------------------------------------------------------    -------------------
    SLICE_X22Y39         FDRE (Prop_fdre_C_Q)         0.456     5.760 r  ingressFifoWrEn_reg/Q
                         net (fo=24, routed)          3.138     8.899    ingressLoop[3].ingressFifo/buffer_fifo/ingressFifoWrEn
    SLICE_X6Y66          LUT2 (Prop_lut2_I0_O)        0.124     9.023 r  ingressLoop[3].ingressFifo/buffer_fifo/infer_fifo.two_rd_addr[9]_i_1__2/O
                         net (fo=39, routed)          1.224    10.247    ingressLoop[3].ingressFifo/buffer_fifo/infer_fifo.two_rd_addr[9]_i_1__2_n_0
    SLICE_X2Y63          FDPE                                         r  ingressLoop[3].ingressFifo/buffer_fifo/infer_fifo.rd_addr_tmp_reg[0]/CE
  -------------------------------------------------------------------    -------------------

                         (clock bftClk rise edge)     0.000     0.000 r  
    H15                                               0.000     0.000 r  bftClk (IN)
                         net (fo=0)                   0.000     0.000    bftClk
    H15                  IBUF (Prop_ibuf_I_O)         1.390     1.390 r  bftClk_IBUF_inst/O
                         net (fo=1, routed)           1.770     3.160    bftClk_IBUF
    BUFGCTRL_X0Y0        BUFG (Prop_bufg_I_O)         0.091     3.251 r  bftClk_IBUF_BUFG_inst/O
                         net (fo=730, routed)         1.536     4.787    ingressLoop[3].ingressFifo/buffer_fifo/clk
    SLICE_X2Y63          FDPE                                         r  ingressLoop[3].ingressFifo/buffer_fifo/infer_fifo.rd_addr_tmp_reg[0]/C

Slack:                    inf
  Source:                 ingressFifoWrEn_reg/C
                            (rising edge-triggered cell FDRE clocked by wbClk  {rise@0.000ns fall@5.000ns period=10.000ns})
  Destination:            ingressLoop[3].ingressFifo/buffer_fifo/infer_fifo.rd_addr_tmp_reg[2]/CE
                            (rising edge-triggered cell FDCE clocked by bftClk  {rise@0.000ns fall@2.500ns period=5.000ns})
  Path Group:             (none)
  Path Type:              Setup (Max at Slow Process Corner)
  Data Path Delay:        4.943ns  (logic 0.580ns (11.735%)  route 4.363ns (88.265%))
  Logic Levels:           1  (LUT2=1)
  Clock Path Skew:        -0.517ns (DCD - SCD + CPR)
    Destination Clock Delay (DCD):    4.787ns
    Source Clock Delay      (SCD):    5.304ns
    Clock Pessimism Removal (CPR):    0.000ns
  Clock Uncertainty:      0.035ns  ((TSJ^2 + TIJ^2)^1/2 + DJ) / 2 + PE
    Total System Jitter     (TSJ):    0.071ns
    Total Input Jitter      (TIJ):    0.000ns
    Discrete Jitter          (DJ):    0.000ns
    Phase Error              (PE):    0.000ns
  Timing Exception:       False Path

    Location             Delay type                Incr(ns)  Path(ns)    Netlist Resource(s)
  -------------------------------------------------------------------    -------------------
                         (clock wbClk rise edge)      0.000     0.000 r  
    H16                                               0.000     0.000 r  wbClk (IN)
                         net (fo=0)                   0.000     0.000    wbClk
    H16                  IBUF (Prop_ibuf_I_O)         1.457     1.457 r  wbClk_IBUF_inst/O
                         net (fo=1, routed)           2.076     3.533    wbClk_IBUF
    BUFGCTRL_X0Y16       BUFG (Prop_bufg_I_O)         0.101     3.634 r  wbClk_IBUF_BUFG_inst/O
                         net (fo=704, routed)         1.670     5.304    wbClk_IBUF_BUFG
    SLICE_X22Y39         FDRE                                         r  ingressFifoWrEn_reg/C
  -------------------------------------------------------------------    -------------------
    SLICE_X22Y39         FDRE (Prop_fdre_C_Q)         0.456     5.760 r  ingressFifoWrEn_reg/Q
                         net (fo=24, routed)          3.138     8.899    ingressLoop[3].ingressFifo/buffer_fifo/ingressFifoWrEn
    SLICE_X6Y66          LUT2 (Prop_lut2_I0_O)        0.124     9.023 r  ingressLoop[3].ingressFifo/buffer_fifo/infer_fifo.two_rd_addr[9]_i_1__2/O
                         net (fo=39, routed)          1.224    10.247    ingressLoop[3].ingressFifo/buffer_fifo/infer_fifo.two_rd_addr[9]_i_1__2_n_0
    SLICE_X2Y63          FDCE                                         r  ingressLoop[3].ingressFifo/buffer_fifo/infer_fifo.rd_addr_tmp_reg[2]/CE
  -------------------------------------------------------------------    -------------------

                         (clock bftClk rise edge)     0.000     0.000 r  
    H15                                               0.000     0.000 r  bftClk (IN)
                         net (fo=0)                   0.000     0.000    bftClk
    H15                  IBUF (Prop_ibuf_I_O)         1.390     1.390 r  bftClk_IBUF_inst/O
                         net (fo=1, routed)           1.770     3.160    bftClk_IBUF
    BUFGCTRL_X0Y0        BUFG (Prop_bufg_I_O)         0.091     3.251 r  bftClk_IBUF_BUFG_inst/O
                         net (fo=730, routed)         1.536     4.787    ingressLoop[3].ingressFifo/buffer_fifo/clk
    SLICE_X2Y63          FDCE                                         r  ingressLoop[3].ingressFifo/buffer_fifo/infer_fifo.rd_addr_tmp_reg[2]/C





Min Delay Paths
--------------------------------------------------------------------------------------
Slack:                    inf
  Source:                 ingressFifoWrEn_reg/C
                            (rising edge-triggered cell FDRE clocked by wbClk  {rise@0.000ns fall@5.000ns period=10.000ns})
  Destination:            ingressLoop[4].ingressFifo/buffer_fifo/infer_fifo.empty_reg_reg/D
                            (rising edge-triggered cell FDPE clocked by bftClk  {rise@0.000ns fall@2.500ns period=5.000ns})
  Path Group:             (none)
  Path Type:              Hold (Min at Fast Process Corner)
  Data Path Delay:        0.623ns  (logic 0.186ns (29.834%)  route 0.437ns (70.166%))
  Logic Levels:           1  (LUT4=1)
  Clock Path Skew:        0.797ns (DCD - SCD - CPR)
    Destination Clock Delay (DCD):    2.235ns
    Source Clock Delay      (SCD):    1.438ns
    Clock Pessimism Removal (CPR):    -0.000ns
  Clock Uncertainty:      0.035ns  ((TSJ^2 + TIJ^2)^1/2 + DJ) / 2 + PE
    Total System Jitter     (TSJ):    0.071ns
    Total Input Jitter      (TIJ):    0.000ns
    Discrete Jitter          (DJ):    0.000ns
    Phase Error              (PE):    0.000ns
  Timing Exception:       False Path

    Location             Delay type                Incr(ns)  Path(ns)    Netlist Resource(s)
  -------------------------------------------------------------------    -------------------
                         (clock wbClk rise edge)      0.000     0.000 r  
    H16                                               0.000     0.000 r  wbClk (IN)
                         net (fo=0)                   0.000     0.000    wbClk
    H16                  IBUF (Prop_ibuf_I_O)         0.225     0.225 r  wbClk_IBUF_inst/O
                         net (fo=1, routed)           0.627     0.852    wbClk_IBUF
    BUFGCTRL_X0Y16       BUFG (Prop_bufg_I_O)         0.026     0.878 r  wbClk_IBUF_BUFG_inst/O
                         net (fo=704, routed)         0.560     1.438    wbClk_IBUF_BUFG
    SLICE_X22Y39         FDRE                                         r  ingressFifoWrEn_reg/C
  -------------------------------------------------------------------    -------------------
    SLICE_X22Y39         FDRE (Prop_fdre_C_Q)         0.141     1.579 r  ingressFifoWrEn_reg/Q
                         net (fo=24, routed)          0.437     2.016    ingressLoop[4].ingressFifo/buffer_fifo/ingressFifoWrEn
    SLICE_X27Y38         LUT4 (Prop_lut4_I1_O)        0.045     2.061 r  ingressLoop[4].ingressFifo/buffer_fifo/infer_fifo.empty_reg_i_1__3/O
                         net (fo=1, routed)           0.000     2.061    ingressLoop[4].ingressFifo/buffer_fifo/infer_fifo.empty_reg_reg0
    SLICE_X27Y38         FDPE                                         r  ingressLoop[4].ingressFifo/buffer_fifo/infer_fifo.empty_reg_reg/D
  -------------------------------------------------------------------    -------------------

                         (clock bftClk rise edge)     0.000     0.000 r  
    H15                                               0.000     0.000 r  bftClk (IN)
                         net (fo=0)                   0.000     0.000    bftClk
    H15                  IBUF (Prop_ibuf_I_O)         0.416     0.416 r  bftClk_IBUF_inst/O
                         net (fo=1, routed)           0.961     1.377    bftClk_IBUF
    BUFGCTRL_X0Y0        BUFG (Prop_bufg_I_O)         0.029     1.406 r  bftClk_IBUF_BUFG_inst/O
                         net (fo=730, routed)         0.829     2.235    ingressLoop[4].ingressFifo/buffer_fifo/clk
    SLICE_X27Y38         FDPE                                         r  ingressLoop[4].ingressFifo/buffer_fifo/infer_fifo.empty_reg_reg/C

Slack:                    inf
  Source:                 ingressLoop[0].ingressFifo/buffer_fifo/infer_fifo.wr_addr_reg[9]/C
                            (rising edge-triggered cell FDCE clocked by wbClk  {rise@0.000ns fall@5.000ns period=10.000ns})
  Destination:            ingressLoop[0].ingressFifo/buffer_fifo/infer_fifo.empty_reg_reg/D
                            (rising edge-triggered cell FDPE clocked by bftClk  {rise@0.000ns fall@2.500ns period=5.000ns})
  Path Group:             (none)
  Path Type:              Hold (Min at Fast Process Corner)
  Data Path Delay:        0.725ns  (logic 0.340ns (46.918%)  route 0.385ns (53.082%))
  Logic Levels:           3  (CARRY4=1 LUT2=1 LUT4=1)
  Clock Path Skew:        0.802ns (DCD - SCD - CPR)
    Destination Clock Delay (DCD):    2.237ns
    Source Clock Delay      (SCD):    1.435ns
    Clock Pessimism Removal (CPR):    -0.000ns
  Clock Uncertainty:      0.035ns  ((TSJ^2 + TIJ^2)^1/2 + DJ) / 2 + PE
    Total System Jitter     (TSJ):    0.071ns
    Total Input Jitter      (TIJ):    0.000ns
    Discrete Jitter          (DJ):    0.000ns
    Phase Error              (PE):    0.000ns
  Timing Exception:       False Path

    Location             Delay type                Incr(ns)  Path(ns)    Netlist Resource(s)
  -------------------------------------------------------------------    -------------------
                         (clock wbClk rise edge)      0.000     0.000 r  
    H16                                               0.000     0.000 r  wbClk (IN)
                         net (fo=0)                   0.000     0.000    wbClk
    H16                  IBUF (Prop_ibuf_I_O)         0.225     0.225 r  wbClk_IBUF_inst/O
                         net (fo=1, routed)           0.627     0.852    wbClk_IBUF
    BUFGCTRL_X0Y16       BUFG (Prop_bufg_I_O)         0.026     0.878 r  wbClk_IBUF_BUFG_inst/O
                         net (fo=704, routed)         0.557     1.435    ingressLoop[0].ingressFifo/buffer_fifo/rd_clk
    SLICE_X14Y60         FDCE                                         r  ingressLoop[0].ingressFifo/buffer_fifo/infer_fifo.wr_addr_reg[9]/C
  -------------------------------------------------------------------    -------------------
    SLICE_X14Y60         FDCE (Prop_fdce_C_Q)         0.141     1.576 r  ingressLoop[0].ingressFifo/buffer_fifo/infer_fifo.wr_addr_reg[9]/Q
                         net (fo=3, routed)           0.165     1.741    ingressLoop[0].ingressFifo/buffer_fifo/infer_fifo.wr_addr[9]
    SLICE_X12Y60         LUT2 (Prop_lut2_I1_O)        0.045     1.786 r  ingressLoop[0].ingressFifo/buffer_fifo/infer_fifo.empty_reg_reg2_carry_i_1__14/O
                         net (fo=1, routed)           0.000     1.786    ingressLoop[0].ingressFifo/buffer_fifo/infer_fifo.empty_reg_reg2_carry_i_1__14_n_0
    SLICE_X12Y60         CARRY4 (Prop_carry4_S[3]_CO[3])
                                                      0.109     1.895 r  ingressLoop[0].ingressFifo/buffer_fifo/infer_fifo.empty_reg_reg2_carry/CO[3]
                         net (fo=2, routed)           0.220     2.115    ingressLoop[0].ingressFifo/buffer_fifo/infer_fifo.empty_reg_reg2
    SLICE_X11Y60         LUT4 (Prop_lut4_I2_O)        0.045     2.160 r  ingressLoop[0].ingressFifo/buffer_fifo/infer_fifo.empty_reg_i_1/O
                         net (fo=1, routed)           0.000     2.160    ingressLoop[0].ingressFifo/buffer_fifo/infer_fifo.empty_reg_reg0
    SLICE_X11Y60         FDPE                                         r  ingressLoop[0].ingressFifo/buffer_fifo/infer_fifo.empty_reg_reg/D
  -------------------------------------------------------------------    -------------------

                         (clock bftClk rise edge)     0.000     0.000 r  
    H15                                               0.000     0.000 r  bftClk (IN)
                         net (fo=0)                   0.000     0.000    bftClk
    H15                  IBUF (Prop_ibuf_I_O)         0.416     0.416 r  bftClk_IBUF_inst/O
                         net (fo=1, routed)           0.961     1.377    bftClk_IBUF
    BUFGCTRL_X0Y0        BUFG (Prop_bufg_I_O)         0.029     1.406 r  bftClk_IBUF_BUFG_inst/O
                         net (fo=730, routed)         0.831     2.237    ingressLoop[0].ingressFifo/buffer_fifo/clk
    SLICE_X11Y60         FDPE                                         r  ingressLoop[0].ingressFifo/buffer_fifo/infer_fifo.empty_reg_reg/C

Slack:                    inf
  Source:                 ingressLoop[5].ingressFifo/buffer_fifo/infer_fifo.wr_addr_reg[2]/C
                            (rising edge-triggered cell FDCE clocked by wbClk  {rise@0.000ns fall@5.000ns period=10.000ns})
  Destination:            ingressLoop[5].ingressFifo/buffer_fifo/infer_fifo.empty_reg_reg/D
                            (rising edge-triggered cell FDPE clocked by bftClk  {rise@0.000ns fall@2.500ns period=5.000ns})
  Path Group:             (none)
  Path Type:              Hold (Min at Fast Process Corner)
  Data Path Delay:        0.724ns  (logic 0.383ns (52.899%)  route 0.341ns (47.101%))
  Logic Levels:           3  (CARRY4=1 LUT4=1 LUT6=1)
  Clock Path Skew:        0.794ns (DCD - SCD - CPR)
    Destination Clock Delay (DCD):    2.237ns
    Source Clock Delay      (SCD):    1.443ns
    Clock Pessimism Removal (CPR):    -0.000ns
  Clock Uncertainty:      0.035ns  ((TSJ^2 + TIJ^2)^1/2 + DJ) / 2 + PE
    Total System Jitter     (TSJ):    0.071ns
    Total Input Jitter      (TIJ):    0.000ns
    Discrete Jitter          (DJ):    0.000ns
    Phase Error              (PE):    0.000ns
  Timing Exception:       False Path

    Location             Delay type                Incr(ns)  Path(ns)    Netlist Resource(s)
  -------------------------------------------------------------------    -------------------
                         (clock wbClk rise edge)      0.000     0.000 r  
    H16                                               0.000     0.000 r  wbClk (IN)
                         net (fo=0)                   0.000     0.000    wbClk
    H16                  IBUF (Prop_ibuf_I_O)         0.225     0.225 r  wbClk_IBUF_inst/O
                         net (fo=1, routed)           0.627     0.852    wbClk_IBUF
    BUFGCTRL_X0Y16       BUFG (Prop_bufg_I_O)         0.026     0.878 r  wbClk_IBUF_BUFG_inst/O
                         net (fo=704, routed)         0.565     1.443    ingressLoop[5].ingressFifo/buffer_fifo/rd_clk
    SLICE_X26Y45         FDCE                                         r  ingressLoop[5].ingressFifo/buffer_fifo/infer_fifo.wr_addr_reg[2]/C
  -------------------------------------------------------------------    -------------------
    SLICE_X26Y45         FDCE (Prop_fdce_C_Q)         0.141     1.584 r  ingressLoop[5].ingressFifo/buffer_fifo/infer_fifo.wr_addr_reg[2]/Q
                         net (fo=3, routed)           0.066     1.650    ingressLoop[5].ingressFifo/buffer_fifo/infer_fifo.wr_addr[2]
    SLICE_X27Y45         LUT6 (Prop_lut6_I3_O)        0.045     1.695 r  ingressLoop[5].ingressFifo/buffer_fifo/infer_fifo.empty_reg_reg2_carry_i_4__4/O
                         net (fo=1, routed)           0.000     1.695    ingressLoop[5].ingressFifo/buffer_fifo/infer_fifo.empty_reg_reg2_carry_i_4__4_n_0
    SLICE_X27Y45         CARRY4 (Prop_carry4_S[0]_CO[3])
                                                      0.152     1.847 r  ingressLoop[5].ingressFifo/buffer_fifo/infer_fifo.empty_reg_reg2_carry/CO[3]
                         net (fo=2, routed)           0.275     2.122    ingressLoop[5].ingressFifo/buffer_fifo/infer_fifo.empty_reg_reg2
    SLICE_X26Y46         LUT4 (Prop_lut4_I2_O)        0.045     2.167 r  ingressLoop[5].ingressFifo/buffer_fifo/infer_fifo.empty_reg_i_1__4/O
                         net (fo=1, routed)           0.000     2.167    ingressLoop[5].ingressFifo/buffer_fifo/infer_fifo.empty_reg_reg0
    SLICE_X26Y46         FDPE                                         r  ingressLoop[5].ingressFifo/buffer_fifo/infer_fifo.empty_reg_reg/D
  -------------------------------------------------------------------    -------------------

                         (clock bftClk rise edge)     0.000     0.000 r  
    H15                                               0.000     0.000 r  bftClk (IN)
                         net (fo=0)                   0.000     0.000    bftClk
    H15                  IBUF (Prop_ibuf_I_O)         0.416     0.416 r  bftClk_IBUF_inst/O
                         net (fo=1, routed)           0.961     1.377    bftClk_IBUF
    BUFGCTRL_X0Y0        BUFG (Prop_bufg_I_O)         0.029     1.406 r  bftClk_IBUF_BUFG_inst/O
                         net (fo=730, routed)         0.831     2.237    ingressLoop[5].ingressFifo/buffer_fifo/clk
    SLICE_X26Y46         FDPE                                         r  ingressLoop[5].ingressFifo/buffer_fifo/infer_fifo.empty_reg_reg/C

Slack:                    inf
  Source:                 ingressLoop[7].ingressFifo/buffer_fifo/infer_fifo.wr_addr_reg[8]/C
                            (rising edge-triggered cell FDCE clocked by wbClk  {rise@0.000ns fall@5.000ns period=10.000ns})
  Destination:            ingressLoop[7].ingressFifo/buffer_fifo/infer_fifo.empty_reg_reg/D
                            (rising edge-triggered cell FDPE clocked by bftClk  {rise@0.000ns fall@2.500ns period=5.000ns})
  Path Group:             (none)
  Path Type:              Hold (Min at Fast Process Corner)
  Data Path Delay:        0.758ns  (logic 0.402ns (53.014%)  route 0.356ns (46.986%))
  Logic Levels:           3  (CARRY4=1 LUT4=1 LUT6=1)
  Clock Path Skew:        0.798ns (DCD - SCD - CPR)
    Destination Clock Delay (DCD):    2.234ns
    Source Clock Delay      (SCD):    1.436ns
    Clock Pessimism Removal (CPR):    -0.000ns
  Clock Uncertainty:      0.035ns  ((TSJ^2 + TIJ^2)^1/2 + DJ) / 2 + PE
    Total System Jitter     (TSJ):    0.071ns
    Total Input Jitter      (TIJ):    0.000ns
    Discrete Jitter          (DJ):    0.000ns
    Phase Error              (PE):    0.000ns
  Timing Exception:       False Path

    Location             Delay type                Incr(ns)  Path(ns)    Netlist Resource(s)
  -------------------------------------------------------------------    -------------------
                         (clock wbClk rise edge)      0.000     0.000 r  
    H16                                               0.000     0.000 r  wbClk (IN)
                         net (fo=0)                   0.000     0.000    wbClk
    H16                  IBUF (Prop_ibuf_I_O)         0.225     0.225 r  wbClk_IBUF_inst/O
                         net (fo=1, routed)           0.627     0.852    wbClk_IBUF
    BUFGCTRL_X0Y16       BUFG (Prop_bufg_I_O)         0.026     0.878 r  wbClk_IBUF_BUFG_inst/O
                         net (fo=704, routed)         0.558     1.436    ingressLoop[7].ingressFifo/buffer_fifo/rd_clk
    SLICE_X28Y59         FDCE                                         r  ingressLoop[7].ingressFifo/buffer_fifo/infer_fifo.wr_addr_reg[8]/C
  -------------------------------------------------------------------    -------------------
    SLICE_X28Y59         FDCE (Prop_fdce_C_Q)         0.148     1.584 r  ingressLoop[7].ingressFifo/buffer_fifo/infer_fifo.wr_addr_reg[8]/Q
                         net (fo=3, routed)           0.130     1.714    ingressLoop[7].ingressFifo/buffer_fifo/infer_fifo.wr_addr[8]
    SLICE_X28Y60         LUT6 (Prop_lut6_I2_O)        0.098     1.812 r  ingressLoop[7].ingressFifo/buffer_fifo/i__carry_i_2__6/O
                         net (fo=1, routed)           0.000     1.812    ingressLoop[7].ingressFifo/buffer_fifo/i__carry_i_2__6_n_0
    SLICE_X28Y60         CARRY4 (Prop_carry4_S[2]_CO[3])
                                                      0.111     1.923 r  ingressLoop[7].ingressFifo/buffer_fifo/infer_fifo.empty_reg_reg2_inferred__0/i__carry/CO[3]
                         net (fo=1, routed)           0.227     2.149    ingressLoop[7].ingressFifo/buffer_fifo/infer_fifo.empty_reg_reg20_out
    SLICE_X26Y60         LUT4 (Prop_lut4_I0_O)        0.045     2.194 r  ingressLoop[7].ingressFifo/buffer_fifo/infer_fifo.empty_reg_i_1__6/O
                         net (fo=1, routed)           0.000     2.194    ingressLoop[7].ingressFifo/buffer_fifo/infer_fifo.empty_reg_reg0
    SLICE_X26Y60         FDPE                                         r  ingressLoop[7].ingressFifo/buffer_fifo/infer_fifo.empty_reg_reg/D
  -------------------------------------------------------------------    -------------------

                         (clock bftClk rise edge)     0.000     0.000 r  
    H15                                               0.000     0.000 r  bftClk (IN)
                         net (fo=0)                   0.000     0.000    bftClk
    H15                  IBUF (Prop_ibuf_I_O)         0.416     0.416 r  bftClk_IBUF_inst/O
                         net (fo=1, routed)           0.961     1.377    bftClk_IBUF
    BUFGCTRL_X0Y0        BUFG (Prop_bufg_I_O)         0.029     1.406 r  bftClk_IBUF_BUFG_inst/O
                         net (fo=730, routed)         0.828     2.234    ingressLoop[7].ingressFifo/buffer_fifo/clk
    SLICE_X26Y60         FDPE                                         r  ingressLoop[7].ingressFifo/buffer_fifo/infer_fifo.empty_reg_reg/C

Slack:                    inf
  Source:                 ingressLoop[6].ingressFifo/buffer_fifo/infer_fifo.wr_addr_reg[0]/C
                            (rising edge-triggered cell FDCE clocked by wbClk  {rise@0.000ns fall@5.000ns period=10.000ns})
  Destination:            ingressLoop[6].ingressFifo/buffer_fifo/infer_fifo.empty_reg_reg/D
                            (rising edge-triggered cell FDPE clocked by bftClk  {rise@0.000ns fall@2.500ns period=5.000ns})
  Path Group:             (none)
  Path Type:              Hold (Min at Fast Process Corner)
  Data Path Delay:        0.777ns  (logic 0.383ns (49.310%)  route 0.394ns (50.690%))
  Logic Levels:           3  (CARRY4=1 LUT4=1 LUT6=1)
  Clock Path Skew:        0.799ns (DCD - SCD - CPR)
    Destination Clock Delay (DCD):    2.237ns
    Source Clock Delay      (SCD):    1.438ns
    Clock Pessimism Removal (CPR):    -0.000ns
  Clock Uncertainty:      0.035ns  ((TSJ^2 + TIJ^2)^1/2 + DJ) / 2 + PE
    Total System Jitter     (TSJ):    0.071ns
    Total Input Jitter      (TIJ):    0.000ns
    Discrete Jitter          (DJ):    0.000ns
    Phase Error              (PE):    0.000ns
  Timing Exception:       False Path

    Location             Delay type                Incr(ns)  Path(ns)    Netlist Resource(s)
  -------------------------------------------------------------------    -------------------
                         (clock wbClk rise edge)      0.000     0.000 r  
    H16                                               0.000     0.000 r  wbClk (IN)
                         net (fo=0)                   0.000     0.000    wbClk
    H16                  IBUF (Prop_ibuf_I_O)         0.225     0.225 r  wbClk_IBUF_inst/O
                         net (fo=1, routed)           0.627     0.852    wbClk_IBUF
    BUFGCTRL_X0Y16       BUFG (Prop_bufg_I_O)         0.026     0.878 r  wbClk_IBUF_BUFG_inst/O
                         net (fo=704, routed)         0.560     1.438    ingressLoop[6].ingressFifo/buffer_fifo/rd_clk
    SLICE_X29Y50         FDCE                                         r  ingressLoop[6].ingressFifo/buffer_fifo/infer_fifo.wr_addr_reg[0]/C
  -------------------------------------------------------------------    -------------------
    SLICE_X29Y50         FDCE (Prop_fdce_C_Q)         0.141     1.579 r  ingressLoop[6].ingressFifo/buffer_fifo/infer_fifo.wr_addr_reg[0]/Q
                         net (fo=3, routed)           0.134     1.713    ingressLoop[6].ingressFifo/buffer_fifo/infer_fifo.wr_addr[0]
    SLICE_X27Y51         LUT6 (Prop_lut6_I1_O)        0.045     1.758 r  ingressLoop[6].ingressFifo/buffer_fifo/i__carry_i_4__5/O
                         net (fo=1, routed)           0.000     1.758    ingressLoop[6].ingressFifo/buffer_fifo/i__carry_i_4__5_n_0
    SLICE_X27Y51         CARRY4 (Prop_carry4_S[0]_CO[3])
                                                      0.152     1.910 r  ingressLoop[6].ingressFifo/buffer_fifo/infer_fifo.empty_reg_reg2_inferred__0/i__carry/CO[3]
                         net (fo=1, routed)           0.259     2.170    ingressLoop[6].ingressFifo/buffer_fifo/infer_fifo.empty_reg_reg20_out
    SLICE_X26Y52         LUT4 (Prop_lut4_I0_O)        0.045     2.215 r  ingressLoop[6].ingressFifo/buffer_fifo/infer_fifo.empty_reg_i_1__5/O
                         net (fo=1, routed)           0.000     2.215    ingressLoop[6].ingressFifo/buffer_fifo/infer_fifo.empty_reg_reg0
    SLICE_X26Y52         FDPE                                         r  ingressLoop[6].ingressFifo/buffer_fifo/infer_fifo.empty_reg_reg/D
  -------------------------------------------------------------------    -------------------

                         (clock bftClk rise edge)     0.000     0.000 r  
    H15                                               0.000     0.000 r  bftClk (IN)
                         net (fo=0)                   0.000     0.000    bftClk
    H15                  IBUF (Prop_ibuf_I_O)         0.416     0.416 r  bftClk_IBUF_inst/O
                         net (fo=1, routed)           0.961     1.377    bftClk_IBUF
    BUFGCTRL_X0Y0        BUFG (Prop_bufg_I_O)         0.029     1.406 r  bftClk_IBUF_BUFG_inst/O
                         net (fo=730, routed)         0.831     2.237    ingressLoop[6].ingressFifo/buffer_fifo/clk
    SLICE_X26Y52         FDPE                                         r  ingressLoop[6].ingressFifo/buffer_fifo/infer_fifo.empty_reg_reg/C

Slack:                    inf
  Source:                 egressLoop[2].egressFifo/buffer_fifo/infer_fifo.rd_addr_reg[9]/C
                            (rising edge-triggered cell FDCE clocked by wbClk  {rise@0.000ns fall@5.000ns period=10.000ns})
  Destination:            egressLoop[2].egressFifo/buffer_fifo/infer_fifo.full_reg_reg/D
                            (rising edge-triggered cell FDCE clocked by bftClk  {rise@0.000ns fall@2.500ns period=5.000ns})
  Path Group:             (none)
  Path Type:              Hold (Min at Fast Process Corner)
  Data Path Delay:        0.798ns  (logic 0.380ns (47.613%)  route 0.418ns (52.387%))
  Logic Levels:           3  (CARRY4=1 LUT2=1 LUT4=1)
  Clock Path Skew:        0.791ns (DCD - SCD - CPR)
    Destination Clock Delay (DCD):    2.223ns
    Source Clock Delay      (SCD):    1.432ns
    Clock Pessimism Removal (CPR):    -0.000ns
  Clock Uncertainty:      0.035ns  ((TSJ^2 + TIJ^2)^1/2 + DJ) / 2 + PE
    Total System Jitter     (TSJ):    0.071ns
    Total Input Jitter      (TIJ):    0.000ns
    Discrete Jitter          (DJ):    0.000ns
    Phase Error              (PE):    0.000ns
  Timing Exception:       False Path

    Location             Delay type                Incr(ns)  Path(ns)    Netlist Resource(s)
  -------------------------------------------------------------------    -------------------
                         (clock wbClk rise edge)      0.000     0.000 r  
    H16                                               0.000     0.000 r  wbClk (IN)
                         net (fo=0)                   0.000     0.000    wbClk
    H16                  IBUF (Prop_ibuf_I_O)         0.225     0.225 r  wbClk_IBUF_inst/O
                         net (fo=1, routed)           0.627     0.852    wbClk_IBUF
    BUFGCTRL_X0Y16       BUFG (Prop_bufg_I_O)         0.026     0.878 r  wbClk_IBUF_BUFG_inst/O
                         net (fo=704, routed)         0.554     1.432    egressLoop[2].egressFifo/buffer_fifo/rd_clk
    SLICE_X22Y30         FDCE                                         r  egressLoop[2].egressFifo/buffer_fifo/infer_fifo.rd_addr_reg[9]/C
  -------------------------------------------------------------------    -------------------
    SLICE_X22Y30         FDCE (Prop_fdce_C_Q)         0.128     1.560 r  egressLoop[2].egressFifo/buffer_fifo/infer_fifo.rd_addr_reg[9]/Q
                         net (fo=3, routed)           0.137     1.697    egressLoop[2].egressFifo/buffer_fifo/infer_fifo.rd_addr[9]
    SLICE_X24Y30         LUT2 (Prop_lut2_I0_O)        0.098     1.795 r  egressLoop[2].egressFifo/buffer_fifo/infer_fifo.full_reg_reg2_carry_i_1__4/O
                         net (fo=1, routed)           0.000     1.795    egressLoop[2].egressFifo/buffer_fifo/infer_fifo.full_reg_reg2_carry_i_1__4_n_0
    SLICE_X24Y30         CARRY4 (Prop_carry4_S[3]_CO[3])
                                                      0.109     1.904 r  egressLoop[2].egressFifo/buffer_fifo/infer_fifo.full_reg_reg2_carry/CO[3]
                         net (fo=1, routed)           0.281     2.185    egressLoop[2].egressFifo/buffer_fifo/infer_fifo.full_reg_reg2
    SLICE_X24Y29         LUT4 (Prop_lut4_I0_O)        0.045     2.230 r  egressLoop[2].egressFifo/buffer_fifo/infer_fifo.full_reg_i_1__9/O
                         net (fo=1, routed)           0.000     2.230    egressLoop[2].egressFifo/buffer_fifo/infer_fifo.full_reg_reg0
    SLICE_X24Y29         FDCE                                         r  egressLoop[2].egressFifo/buffer_fifo/infer_fifo.full_reg_reg/D
  -------------------------------------------------------------------    -------------------

                         (clock bftClk rise edge)     0.000     0.000 r  
    H15                                               0.000     0.000 r  bftClk (IN)
                         net (fo=0)                   0.000     0.000    bftClk
    H15                  IBUF (Prop_ibuf_I_O)         0.416     0.416 r  bftClk_IBUF_inst/O
                         net (fo=1, routed)           0.961     1.377    bftClk_IBUF
    BUFGCTRL_X0Y0        BUFG (Prop_bufg_I_O)         0.029     1.406 r  bftClk_IBUF_BUFG_inst/O
                         net (fo=730, routed)         0.817     2.223    egressLoop[2].egressFifo/buffer_fifo/clk
    SLICE_X24Y29         FDCE                                         r  egressLoop[2].egressFifo/buffer_fifo/infer_fifo.full_reg_reg/C

Slack:                    inf
  Source:                 egressLoop[6].egressFifo/buffer_fifo/infer_fifo.rd_addr_reg[0]/C
                            (rising edge-triggered cell FDCE clocked by wbClk  {rise@0.000ns fall@5.000ns period=10.000ns})
  Destination:            egressLoop[6].egressFifo/buffer_fifo/infer_fifo.full_reg_reg/D
                            (rising edge-triggered cell FDCE clocked by bftClk  {rise@0.000ns fall@2.500ns period=5.000ns})
  Path Group:             (none)
  Path Type:              Hold (Min at Fast Process Corner)
  Data Path Delay:        0.805ns  (logic 0.383ns (47.571%)  route 0.422ns (52.429%))
  Logic Levels:           3  (CARRY4=1 LUT4=1 LUT6=1)
  Clock Path Skew:        0.793ns (DCD - SCD - CPR)
    Destination Clock Delay (DCD):    2.227ns
    Source Clock Delay      (SCD):    1.434ns
    Clock Pessimism Removal (CPR):    -0.000ns
  Clock Uncertainty:      0.035ns  ((TSJ^2 + TIJ^2)^1/2 + DJ) / 2 + PE
    Total System Jitter     (TSJ):    0.071ns
    Total Input Jitter      (TIJ):    0.000ns
    Discrete Jitter          (DJ):    0.000ns
    Phase Error              (PE):    0.000ns
  Timing Exception:       False Path

    Location             Delay type                Incr(ns)  Path(ns)    Netlist Resource(s)
  -------------------------------------------------------------------    -------------------
                         (clock wbClk rise edge)      0.000     0.000 r  
    H16                                               0.000     0.000 r  wbClk (IN)
                         net (fo=0)                   0.000     0.000    wbClk
    H16                  IBUF (Prop_ibuf_I_O)         0.225     0.225 r  wbClk_IBUF_inst/O
                         net (fo=1, routed)           0.627     0.852    wbClk_IBUF
    BUFGCTRL_X0Y16       BUFG (Prop_bufg_I_O)         0.026     0.878 r  wbClk_IBUF_BUFG_inst/O
                         net (fo=704, routed)         0.556     1.434    egressLoop[6].egressFifo/buffer_fifo/rd_clk
    SLICE_X19Y20         FDCE                                         r  egressLoop[6].egressFifo/buffer_fifo/infer_fifo.rd_addr_reg[0]/C
  -------------------------------------------------------------------    -------------------
    SLICE_X19Y20         FDCE (Prop_fdce_C_Q)         0.141     1.575 r  egressLoop[6].egressFifo/buffer_fifo/infer_fifo.rd_addr_reg[0]/Q
                         net (fo=3, routed)           0.158     1.733    egressLoop[6].egressFifo/buffer_fifo/infer_fifo.rd_addr[0]
    SLICE_X19Y19         LUT6 (Prop_lut6_I1_O)        0.045     1.778 r  egressLoop[6].egressFifo/buffer_fifo/infer_fifo.full_reg_reg2_carry_i_4__13/O
                         net (fo=1, routed)           0.000     1.778    egressLoop[6].egressFifo/buffer_fifo/infer_fifo.full_reg_reg2_carry_i_4__13_n_0
    SLICE_X19Y19         CARRY4 (Prop_carry4_S[0]_CO[3])
                                                      0.152     1.930 r  egressLoop[6].egressFifo/buffer_fifo/infer_fifo.full_reg_reg2_carry/CO[3]
                         net (fo=1, routed)           0.264     2.194    egressLoop[6].egressFifo/buffer_fifo/infer_fifo.full_reg_reg2
    SLICE_X15Y19         LUT4 (Prop_lut4_I0_O)        0.045     2.239 r  egressLoop[6].egressFifo/buffer_fifo/infer_fifo.full_reg_i_1__13/O
                         net (fo=1, routed)           0.000     2.239    egressLoop[6].egressFifo/buffer_fifo/infer_fifo.full_reg_reg0
    SLICE_X15Y19         FDCE                                         r  egressLoop[6].egressFifo/buffer_fifo/infer_fifo.full_reg_reg/D
  -------------------------------------------------------------------    -------------------

                         (clock bftClk rise edge)     0.000     0.000 r  
    H15                                               0.000     0.000 r  bftClk (IN)
                         net (fo=0)                   0.000     0.000    bftClk
    H15                  IBUF (Prop_ibuf_I_O)         0.416     0.416 r  bftClk_IBUF_inst/O
                         net (fo=1, routed)           0.961     1.377    bftClk_IBUF
    BUFGCTRL_X0Y0        BUFG (Prop_bufg_I_O)         0.029     1.406 r  bftClk_IBUF_BUFG_inst/O
                         net (fo=730, routed)         0.821     2.227    egressLoop[6].egressFifo/buffer_fifo/clk
    SLICE_X15Y19         FDCE                                         r  egressLoop[6].egressFifo/buffer_fifo/infer_fifo.full_reg_reg/C

Slack:                    inf
  Source:                 ingressFifoWrEn_reg/C
                            (rising edge-triggered cell FDRE clocked by wbClk  {rise@0.000ns fall@5.000ns period=10.000ns})
  Destination:            ingressLoop[4].ingressFifo/buffer_fifo/infer_fifo.rd_addr_reg[0]/CE
                            (rising edge-triggered cell FDCE clocked by bftClk  {rise@0.000ns fall@2.500ns period=5.000ns})
  Path Group:             (none)
  Path Type:              Hold (Min at Fast Process Corner)
  Data Path Delay:        0.822ns  (logic 0.186ns (22.615%)  route 0.636ns (77.385%))
  Logic Levels:           1  (LUT2=1)
  Clock Path Skew:        0.794ns (DCD - SCD - CPR)
    Destination Clock Delay (DCD):    2.232ns
    Source Clock Delay      (SCD):    1.438ns
    Clock Pessimism Removal (CPR):    -0.000ns
  Clock Uncertainty:      0.035ns  ((TSJ^2 + TIJ^2)^1/2 + DJ) / 2 + PE
    Total System Jitter     (TSJ):    0.071ns
    Total Input Jitter      (TIJ):    0.000ns
    Discrete Jitter          (DJ):    0.000ns
    Phase Error              (PE):    0.000ns
  Timing Exception:       False Path

    Location             Delay type                Incr(ns)  Path(ns)    Netlist Resource(s)
  -------------------------------------------------------------------    -------------------
                         (clock wbClk rise edge)      0.000     0.000 r  
    H16                                               0.000     0.000 r  wbClk (IN)
                         net (fo=0)                   0.000     0.000    wbClk
    H16                  IBUF (Prop_ibuf_I_O)         0.225     0.225 r  wbClk_IBUF_inst/O
                         net (fo=1, routed)           0.627     0.852    wbClk_IBUF
    BUFGCTRL_X0Y16       BUFG (Prop_bufg_I_O)         0.026     0.878 r  wbClk_IBUF_BUFG_inst/O
                         net (fo=704, routed)         0.560     1.438    wbClk_IBUF_BUFG
    SLICE_X22Y39         FDRE                                         r  ingressFifoWrEn_reg/C
  -------------------------------------------------------------------    -------------------
    SLICE_X22Y39         FDRE (Prop_fdre_C_Q)         0.141     1.579 r  ingressFifoWrEn_reg/Q
                         net (fo=24, routed)          0.436     2.015    ingressLoop[4].ingressFifo/buffer_fifo/ingressFifoWrEn
    SLICE_X27Y38         LUT2 (Prop_lut2_I0_O)        0.045     2.060 r  ingressLoop[4].ingressFifo/buffer_fifo/infer_fifo.two_rd_addr[9]_i_1__3/O
                         net (fo=39, routed)          0.200     2.260    ingressLoop[4].ingressFifo/buffer_fifo/infer_fifo.two_rd_addr[9]_i_1__3_n_0
    SLICE_X27Y35         FDCE                                         r  ingressLoop[4].ingressFifo/buffer_fifo/infer_fifo.rd_addr_reg[0]/CE
  -------------------------------------------------------------------    -------------------

                         (clock bftClk rise edge)     0.000     0.000 r  
    H15                                               0.000     0.000 r  bftClk (IN)
                         net (fo=0)                   0.000     0.000    bftClk
    H15                  IBUF (Prop_ibuf_I_O)         0.416     0.416 r  bftClk_IBUF_inst/O
                         net (fo=1, routed)           0.961     1.377    bftClk_IBUF
    BUFGCTRL_X0Y0        BUFG (Prop_bufg_I_O)         0.029     1.406 r  bftClk_IBUF_BUFG_inst/O
                         net (fo=730, routed)         0.826     2.232    ingressLoop[4].ingressFifo/buffer_fifo/clk
    SLICE_X27Y35         FDCE                                         r  ingressLoop[4].ingressFifo/buffer_fifo/infer_fifo.rd_addr_reg[0]/C

Slack:                    inf
  Source:                 ingressFifoWrEn_reg/C
                            (rising edge-triggered cell FDRE clocked by wbClk  {rise@0.000ns fall@5.000ns period=10.000ns})
  Destination:            ingressLoop[4].ingressFifo/buffer_fifo/infer_fifo.block_ram_performance.fifo_ram_reg/ENBWREN
                            (rising edge-triggered cell RAMB36E1 clocked by bftClk  {rise@0.000ns fall@2.500ns period=5.000ns})
  Path Group:             (none)
  Path Type:              Hold (Min at Fast Process Corner)
  Data Path Delay:        0.834ns  (logic 0.186ns (22.313%)  route 0.648ns (77.687%))
  Logic Levels:           1  (LUT3=1)
  Clock Path Skew:        0.837ns (DCD - SCD - CPR)
    Destination Clock Delay (DCD):    2.275ns
    Source Clock Delay      (SCD):    1.438ns
    Clock Pessimism Removal (CPR):    -0.000ns
  Clock Uncertainty:      0.035ns  ((TSJ^2 + TIJ^2)^1/2 + DJ) / 2 + PE
    Total System Jitter     (TSJ):    0.071ns
    Total Input Jitter      (TIJ):    0.000ns
    Discrete Jitter          (DJ):    0.000ns
    Phase Error              (PE):    0.000ns
  Timing Exception:       False Path

    Location             Delay type                Incr(ns)  Path(ns)    Netlist Resource(s)
  -------------------------------------------------------------------    -------------------
                         (clock wbClk rise edge)      0.000     0.000 r  
    H16                                               0.000     0.000 r  wbClk (IN)
                         net (fo=0)                   0.000     0.000    wbClk
    H16                  IBUF (Prop_ibuf_I_O)         0.225     0.225 r  wbClk_IBUF_inst/O
                         net (fo=1, routed)           0.627     0.852    wbClk_IBUF
    BUFGCTRL_X0Y16       BUFG (Prop_bufg_I_O)         0.026     0.878 r  wbClk_IBUF_BUFG_inst/O
                         net (fo=704, routed)         0.560     1.438    wbClk_IBUF_BUFG
    SLICE_X22Y39         FDRE                                         r  ingressFifoWrEn_reg/C
  -------------------------------------------------------------------    -------------------
    SLICE_X22Y39         FDRE (Prop_fdre_C_Q)         0.141     1.579 r  ingressFifoWrEn_reg/Q
                         net (fo=24, routed)          0.436     2.015    ingressLoop[4].ingressFifo/buffer_fifo/ingressFifoWrEn
    SLICE_X27Y38         LUT3 (Prop_lut3_I2_O)        0.045     2.060 r  ingressLoop[4].ingressFifo/buffer_fifo/infer_fifo.block_ram_performance.fifo_ram_reg_i_2__3/O
                         net (fo=1, routed)           0.211     2.272    ingressLoop[4].ingressFifo/buffer_fifo/infer_fifo.block_ram_performance.fifo_ram_reg_i_2__3_n_0
    RAMB36_X1Y7          RAMB36E1                                     r  ingressLoop[4].ingressFifo/buffer_fifo/infer_fifo.block_ram_performance.fifo_ram_reg/ENBWREN
  -------------------------------------------------------------------    -------------------

                         (clock bftClk rise edge)     0.000     0.000 r  
    H15                                               0.000     0.000 r  bftClk (IN)
                         net (fo=0)                   0.000     0.000    bftClk
    H15                  IBUF (Prop_ibuf_I_O)         0.416     0.416 r  bftClk_IBUF_inst/O
                         net (fo=1, routed)           0.961     1.377    bftClk_IBUF
    BUFGCTRL_X0Y0        BUFG (Prop_bufg_I_O)         0.029     1.406 r  bftClk_IBUF_BUFG_inst/O
                         net (fo=730, routed)         0.868     2.275    ingressLoop[4].ingressFifo/buffer_fifo/clk
    RAMB36_X1Y7          RAMB36E1                                     r  ingressLoop[4].ingressFifo/buffer_fifo/infer_fifo.block_ram_performance.fifo_ram_reg/CLKBWRCLK

Slack:                    inf
  Source:                 egressLoop[3].egressFifo/buffer_fifo/infer_fifo.rd_addr_reg[1]/C
                            (rising edge-triggered cell FDCE clocked by wbClk  {rise@0.000ns fall@5.000ns period=10.000ns})
  Destination:            egressLoop[3].egressFifo/buffer_fifo/infer_fifo.full_reg_reg/D
                            (rising edge-triggered cell FDCE clocked by bftClk  {rise@0.000ns fall@2.500ns period=5.000ns})
  Path Group:             (none)
  Path Type:              Hold (Min at Fast Process Corner)
  Data Path Delay:        0.837ns  (logic 0.406ns (48.500%)  route 0.431ns (51.500%))
  Logic Levels:           3  (CARRY4=1 LUT4=1 LUT6=1)
  Clock Path Skew:        0.791ns (DCD - SCD - CPR)
    Destination Clock Delay (DCD):    2.235ns
    Source Clock Delay      (SCD):    1.444ns
    Clock Pessimism Removal (CPR):    -0.000ns
  Clock Uncertainty:      0.035ns  ((TSJ^2 + TIJ^2)^1/2 + DJ) / 2 + PE
    Total System Jitter     (TSJ):    0.071ns
    Total Input Jitter      (TIJ):    0.000ns
    Discrete Jitter          (DJ):    0.000ns
    Phase Error              (PE):    0.000ns
  Timing Exception:       False Path

    Location             Delay type                Incr(ns)  Path(ns)    Netlist Resource(s)
  -------------------------------------------------------------------    -------------------
                         (clock wbClk rise edge)      0.000     0.000 r  
    H16                                               0.000     0.000 r  wbClk (IN)
                         net (fo=0)                   0.000     0.000    wbClk
    H16                  IBUF (Prop_ibuf_I_O)         0.225     0.225 r  wbClk_IBUF_inst/O
                         net (fo=1, routed)           0.627     0.852    wbClk_IBUF
    BUFGCTRL_X0Y16       BUFG (Prop_bufg_I_O)         0.026     0.878 r  wbClk_IBUF_BUFG_inst/O
                         net (fo=704, routed)         0.566     1.444    egressLoop[3].egressFifo/buffer_fifo/rd_clk
    SLICE_X6Y11          FDCE                                         r  egressLoop[3].egressFifo/buffer_fifo/infer_fifo.rd_addr_reg[1]/C
  -------------------------------------------------------------------    -------------------
    SLICE_X6Y11          FDCE (Prop_fdce_C_Q)         0.164     1.608 r  egressLoop[3].egressFifo/buffer_fifo/infer_fifo.rd_addr_reg[1]/Q
                         net (fo=3, routed)           0.121     1.729    egressLoop[3].egressFifo/buffer_fifo/infer_fifo.rd_addr[1]
    SLICE_X9Y10          LUT6 (Prop_lut6_I4_O)        0.045     1.774 r  egressLoop[3].egressFifo/buffer_fifo/infer_fifo.full_reg_reg2_carry_i_4__10/O
                         net (fo=1, routed)           0.000     1.774    egressLoop[3].egressFifo/buffer_fifo/infer_fifo.full_reg_reg2_carry_i_4__10_n_0
    SLICE_X9Y10          CARRY4 (Prop_carry4_S[0]_CO[3])
                                                      0.152     1.926 r  egressLoop[3].egressFifo/buffer_fifo/infer_fifo.full_reg_reg2_carry/CO[3]
                         net (fo=1, routed)           0.310     2.236    egressLoop[3].egressFifo/buffer_fifo/infer_fifo.full_reg_reg2
    SLICE_X8Y13          LUT4 (Prop_lut4_I0_O)        0.045     2.281 r  egressLoop[3].egressFifo/buffer_fifo/infer_fifo.full_reg_i_1__10/O
                         net (fo=1, routed)           0.000     2.281    egressLoop[3].egressFifo/buffer_fifo/infer_fifo.full_reg_reg0
    SLICE_X8Y13          FDCE                                         r  egressLoop[3].egressFifo/buffer_fifo/infer_fifo.full_reg_reg/D
  -------------------------------------------------------------------    -------------------

                         (clock bftClk rise edge)     0.000     0.000 r  
    H15                                               0.000     0.000 r  bftClk (IN)
                         net (fo=0)                   0.000     0.000    bftClk
    H15                  IBUF (Prop_ibuf_I_O)         0.416     0.416 r  bftClk_IBUF_inst/O
                         net (fo=1, routed)           0.961     1.377    bftClk_IBUF
    BUFGCTRL_X0Y0        BUFG (Prop_bufg_I_O)         0.029     1.406 r  bftClk_IBUF_BUFG_inst/O
                         net (fo=730, routed)         0.829     2.235    egressLoop[3].egressFifo/buffer_fifo/clk
    SLICE_X8Y13          FDCE                                         r  egressLoop[3].egressFifo/buffer_fifo/infer_fifo.full_reg_reg/C





--------------------------------------------------------------------------------------
Path Group:  (none)
From Clock:  bftClk
  To Clock:  wbClk

Max Delay            17 Endpoints
Min Delay            17 Endpoints
--------------------------------------------------------------------------------------


Max Delay Paths
--------------------------------------------------------------------------------------
Slack:                    inf
  Source:                 egressLoop[0].egressFifo/buffer_fifo/infer_fifo.wr_addr_reg[5]/C
                            (rising edge-triggered cell FDCE clocked by bftClk  {rise@0.000ns fall@2.500ns period=5.000ns})
  Destination:            egressLoop[0].egressFifo/buffer_fifo/infer_fifo.empty_reg_reg/D
                            (rising edge-triggered cell FDPE clocked by wbClk  {rise@0.000ns fall@5.000ns period=10.000ns})
  Path Group:             (none)
  Path Type:              Setup (Max at Slow Process Corner)
  Data Path Delay:        4.050ns  (logic 1.237ns (30.546%)  route 2.813ns (69.454%))
  Logic Levels:           3  (CARRY4=1 LUT4=1 LUT6=1)
  Clock Path Skew:        -0.480ns (DCD - SCD + CPR)
    Destination Clock Delay (DCD):    4.858ns
    Source Clock Delay      (SCD):    5.339ns
    Clock Pessimism Removal (CPR):    0.000ns
  Clock Uncertainty:      0.035ns  ((TSJ^2 + TIJ^2)^1/2 + DJ) / 2 + PE
    Total System Jitter     (TSJ):    0.071ns
    Total Input Jitter      (TIJ):    0.000ns
    Discrete Jitter          (DJ):    0.000ns
    Phase Error              (PE):    0.000ns
  Timing Exception:       False Path

    Location             Delay type                Incr(ns)  Path(ns)    Netlist Resource(s)
  -------------------------------------------------------------------    -------------------
                         (clock bftClk rise edge)     0.000     0.000 r  
    H15                                               0.000     0.000 r  bftClk (IN)
                         net (fo=0)                   0.000     0.000    bftClk
    H15                  IBUF (Prop_ibuf_I_O)         1.461     1.461 r  bftClk_IBUF_inst/O
                         net (fo=1, routed)           2.062     3.523    bftClk_IBUF
    BUFGCTRL_X0Y0        BUFG (Prop_bufg_I_O)         0.101     3.624 r  bftClk_IBUF_BUFG_inst/O
                         net (fo=730, routed)         1.715     5.339    egressLoop[0].egressFifo/buffer_fifo/clk
    SLICE_X3Y29          FDCE                                         r  egressLoop[0].egressFifo/buffer_fifo/infer_fifo.wr_addr_reg[5]/C
  -------------------------------------------------------------------    -------------------
    SLICE_X3Y29          FDCE (Prop_fdce_C_Q)         0.456     5.795 r  egressLoop[0].egressFifo/buffer_fifo/infer_fifo.wr_addr_reg[5]/Q
                         net (fo=3, routed)           1.296     7.091    egressLoop[0].egressFifo/buffer_fifo/infer_fifo.wr_addr[5]
    SLICE_X4Y30          LUT6 (Prop_lut6_I2_O)        0.124     7.215 r  egressLoop[0].egressFifo/buffer_fifo/i__carry_i_3__7/O
                         net (fo=1, routed)           0.000     7.215    egressLoop[0].egressFifo/buffer_fifo/i__carry_i_3__7_n_0
    SLICE_X4Y30          CARRY4 (Prop_carry4_S[1]_CO[3])
                                                      0.533     7.748 r  egressLoop[0].egressFifo/buffer_fifo/infer_fifo.empty_reg_reg2_inferred__0/i__carry/CO[3]
                         net (fo=1, routed)           1.516     9.264    egressLoop[0].egressFifo/buffer_fifo/infer_fifo.empty_reg_reg20_out
    SLICE_X11Y31         LUT4 (Prop_lut4_I0_O)        0.124     9.388 r  egressLoop[0].egressFifo/buffer_fifo/infer_fifo.empty_reg_i_1__7/O
                         net (fo=1, routed)           0.000     9.388    egressLoop[0].egressFifo/buffer_fifo/infer_fifo.empty_reg_reg0
    SLICE_X11Y31         FDPE                                         r  egressLoop[0].egressFifo/buffer_fifo/infer_fifo.empty_reg_reg/D
  -------------------------------------------------------------------    -------------------

                         (clock wbClk rise edge)      0.000     0.000 r  
    H16                                               0.000     0.000 r  wbClk (IN)
                         net (fo=0)                   0.000     0.000    wbClk
    H16                  IBUF (Prop_ibuf_I_O)         1.387     1.387 r  wbClk_IBUF_inst/O
                         net (fo=1, routed)           1.880     3.267    wbClk_IBUF
    BUFGCTRL_X0Y16       BUFG (Prop_bufg_I_O)         0.091     3.358 r  wbClk_IBUF_BUFG_inst/O
                         net (fo=704, routed)         1.500     4.858    egressLoop[0].egressFifo/buffer_fifo/rd_clk
    SLICE_X11Y31         FDPE                                         r  egressLoop[0].egressFifo/buffer_fifo/infer_fifo.empty_reg_reg/C

Slack:                    inf
  Source:                 egressLoop[2].egressFifo/buffer_fifo/infer_fifo.wr_addr_reg[0]/C
                            (rising edge-triggered cell FDCE clocked by bftClk  {rise@0.000ns fall@2.500ns period=5.000ns})
  Destination:            egressLoop[2].egressFifo/buffer_fifo/infer_fifo.empty_reg_reg/D
                            (rising edge-triggered cell FDPE clocked by wbClk  {rise@0.000ns fall@5.000ns period=10.000ns})
  Path Group:             (none)
  Path Type:              Setup (Max at Slow Process Corner)
  Data Path Delay:        3.939ns  (logic 1.236ns (31.382%)  route 2.703ns (68.618%))
  Logic Levels:           3  (CARRY4=1 LUT4=1 LUT6=1)
  Clock Path Skew:        -0.433ns (DCD - SCD + CPR)
    Destination Clock Delay (DCD):    4.846ns
    Source Clock Delay      (SCD):    5.280ns
    Clock Pessimism Removal (CPR):    0.000ns
  Clock Uncertainty:      0.035ns  ((TSJ^2 + TIJ^2)^1/2 + DJ) / 2 + PE
    Total System Jitter     (TSJ):    0.071ns
    Total Input Jitter      (TIJ):    0.000ns
    Discrete Jitter          (DJ):    0.000ns
    Phase Error              (PE):    0.000ns
  Timing Exception:       False Path

    Location             Delay type                Incr(ns)  Path(ns)    Netlist Resource(s)
  -------------------------------------------------------------------    -------------------
                         (clock bftClk rise edge)     0.000     0.000 r  
    H15                                               0.000     0.000 r  bftClk (IN)
                         net (fo=0)                   0.000     0.000    bftClk
    H15                  IBUF (Prop_ibuf_I_O)         1.461     1.461 r  bftClk_IBUF_inst/O
                         net (fo=1, routed)           2.062     3.523    bftClk_IBUF
    BUFGCTRL_X0Y0        BUFG (Prop_bufg_I_O)         0.101     3.624 r  bftClk_IBUF_BUFG_inst/O
                         net (fo=730, routed)         1.656     5.280    egressLoop[2].egressFifo/buffer_fifo/clk
    SLICE_X22Y29         FDCE                                         r  egressLoop[2].egressFifo/buffer_fifo/infer_fifo.wr_addr_reg[0]/C
  -------------------------------------------------------------------    -------------------
    SLICE_X22Y29         FDCE (Prop_fdce_C_Q)         0.456     5.736 r  egressLoop[2].egressFifo/buffer_fifo/infer_fifo.wr_addr_reg[0]/Q
                         net (fo=3, routed)           1.589     7.324    egressLoop[2].egressFifo/buffer_fifo/infer_fifo.wr_addr[0]
    SLICE_X23Y30         LUT6 (Prop_lut6_I1_O)        0.124     7.448 r  egressLoop[2].egressFifo/buffer_fifo/i__carry_i_4__9/O
                         net (fo=1, routed)           0.000     7.448    egressLoop[2].egressFifo/buffer_fifo/i__carry_i_4__9_n_0
    SLICE_X23Y30         CARRY4 (Prop_carry4_S[0]_CO[3])
                                                      0.532     7.980 r  egressLoop[2].egressFifo/buffer_fifo/infer_fifo.empty_reg_reg2_inferred__0/i__carry/CO[3]
                         net (fo=1, routed)           1.114     9.094    egressLoop[2].egressFifo/buffer_fifo/infer_fifo.empty_reg_reg20_out
    SLICE_X24Y31         LUT4 (Prop_lut4_I0_O)        0.124     9.218 r  egressLoop[2].egressFifo/buffer_fifo/infer_fifo.empty_reg_i_1__9/O
                         net (fo=1, routed)           0.000     9.218    egressLoop[2].egressFifo/buffer_fifo/infer_fifo.empty_reg_reg0
    SLICE_X24Y31         FDPE                                         r  egressLoop[2].egressFifo/buffer_fifo/infer_fifo.empty_reg_reg/D
  -------------------------------------------------------------------    -------------------

                         (clock wbClk rise edge)      0.000     0.000 r  
    H16                                               0.000     0.000 r  wbClk (IN)
                         net (fo=0)                   0.000     0.000    wbClk
    H16                  IBUF (Prop_ibuf_I_O)         1.387     1.387 r  wbClk_IBUF_inst/O
                         net (fo=1, routed)           1.880     3.267    wbClk_IBUF
    BUFGCTRL_X0Y16       BUFG (Prop_bufg_I_O)         0.091     3.358 r  wbClk_IBUF_BUFG_inst/O
                         net (fo=704, routed)         1.488     4.846    egressLoop[2].egressFifo/buffer_fifo/rd_clk
    SLICE_X24Y31         FDPE                                         r  egressLoop[2].egressFifo/buffer_fifo/infer_fifo.empty_reg_reg/C

Slack:                    inf
  Source:                 egressLoop[4].egressFifo/buffer_fifo/infer_fifo.wr_addr_reg[2]/C
                            (rising edge-triggered cell FDCE clocked by bftClk  {rise@0.000ns fall@2.500ns period=5.000ns})
  Destination:            egressLoop[4].egressFifo/buffer_fifo/infer_fifo.empty_reg_reg/D
                            (rising edge-triggered cell FDPE clocked by wbClk  {rise@0.000ns fall@5.000ns period=10.000ns})
  Path Group:             (none)
  Path Type:              Setup (Max at Slow Process Corner)
  Data Path Delay:        3.908ns  (logic 1.236ns (31.628%)  route 2.672ns (68.372%))
  Logic Levels:           3  (CARRY4=1 LUT4=1 LUT6=1)
  Clock Path Skew:        -0.436ns (DCD - SCD + CPR)
    Destination Clock Delay (DCD):    4.854ns
    Source Clock Delay      (SCD):    5.291ns
    Clock Pessimism Removal (CPR):    0.000ns
  Clock Uncertainty:      0.035ns  ((TSJ^2 + TIJ^2)^1/2 + DJ) / 2 + PE
    Total System Jitter     (TSJ):    0.071ns
    Total Input Jitter      (TIJ):    0.000ns
    Discrete Jitter          (DJ):    0.000ns
    Phase Error              (PE):    0.000ns
  Timing Exception:       False Path

    Location             Delay type                Incr(ns)  Path(ns)    Netlist Resource(s)
  -------------------------------------------------------------------    -------------------
                         (clock bftClk rise edge)     0.000     0.000 r  
    H15                                               0.000     0.000 r  bftClk (IN)
                         net (fo=0)                   0.000     0.000    bftClk
    H15                  IBUF (Prop_ibuf_I_O)         1.461     1.461 r  bftClk_IBUF_inst/O
                         net (fo=1, routed)           2.062     3.523    bftClk_IBUF
    BUFGCTRL_X0Y0        BUFG (Prop_bufg_I_O)         0.101     3.624 r  bftClk_IBUF_BUFG_inst/O
                         net (fo=730, routed)         1.667     5.291    egressLoop[4].egressFifo/buffer_fifo/clk
    SLICE_X7Y21          FDCE                                         r  egressLoop[4].egressFifo/buffer_fifo/infer_fifo.wr_addr_reg[2]/C
  -------------------------------------------------------------------    -------------------
    SLICE_X7Y21          FDCE (Prop_fdce_C_Q)         0.456     5.747 r  egressLoop[4].egressFifo/buffer_fifo/infer_fifo.wr_addr_reg[2]/Q
                         net (fo=3, routed)           1.386     7.133    egressLoop[4].egressFifo/buffer_fifo/infer_fifo.wr_addr[2]
    SLICE_X5Y20          LUT6 (Prop_lut6_I3_O)        0.124     7.257 r  egressLoop[4].egressFifo/buffer_fifo/infer_fifo.empty_reg_reg2_carry_i_4__11/O
                         net (fo=1, routed)           0.000     7.257    egressLoop[4].egressFifo/buffer_fifo/infer_fifo.empty_reg_reg2_carry_i_4__11_n_0
    SLICE_X5Y20          CARRY4 (Prop_carry4_S[0]_CO[3])
                                                      0.532     7.789 r  egressLoop[4].egressFifo/buffer_fifo/infer_fifo.empty_reg_reg2_carry/CO[3]
                         net (fo=2, routed)           1.286     9.075    egressLoop[4].egressFifo/buffer_fifo/infer_fifo.empty_reg_reg2
    SLICE_X9Y22          LUT4 (Prop_lut4_I2_O)        0.124     9.199 r  egressLoop[4].egressFifo/buffer_fifo/infer_fifo.empty_reg_i_1__11/O
                         net (fo=1, routed)           0.000     9.199    egressLoop[4].egressFifo/buffer_fifo/infer_fifo.empty_reg_reg0
    SLICE_X9Y22          FDPE                                         r  egressLoop[4].egressFifo/buffer_fifo/infer_fifo.empty_reg_reg/D
  -------------------------------------------------------------------    -------------------

                         (clock wbClk rise edge)      0.000     0.000 r  
    H16                                               0.000     0.000 r  wbClk (IN)
                         net (fo=0)                   0.000     0.000    wbClk
    H16                  IBUF (Prop_ibuf_I_O)         1.387     1.387 r  wbClk_IBUF_inst/O
                         net (fo=1, routed)           1.880     3.267    wbClk_IBUF
    BUFGCTRL_X0Y16       BUFG (Prop_bufg_I_O)         0.091     3.358 r  wbClk_IBUF_BUFG_inst/O
                         net (fo=704, routed)         1.496     4.854    egressLoop[4].egressFifo/buffer_fifo/rd_clk
    SLICE_X9Y22          FDPE                                         r  egressLoop[4].egressFifo/buffer_fifo/infer_fifo.empty_reg_reg/C

Slack:                    inf
  Source:                 egressLoop[3].egressFifo/buffer_fifo/infer_fifo.wr_addr_reg[6]/C
                            (rising edge-triggered cell FDCE clocked by bftClk  {rise@0.000ns fall@2.500ns period=5.000ns})
  Destination:            egressLoop[3].egressFifo/buffer_fifo/infer_fifo.empty_reg_reg/D
                            (rising edge-triggered cell FDPE clocked by wbClk  {rise@0.000ns fall@5.000ns period=10.000ns})
  Path Group:             (none)
  Path Type:              Setup (Max at Slow Process Corner)
  Data Path Delay:        3.891ns  (logic 1.301ns (33.433%)  route 2.590ns (66.567%))
  Logic Levels:           3  (CARRY4=1 LUT4=1 LUT6=1)
  Clock Path Skew:        -0.440ns (DCD - SCD + CPR)
    Destination Clock Delay (DCD):    4.862ns
    Source Clock Delay      (SCD):    5.303ns
    Clock Pessimism Removal (CPR):    0.000ns
  Clock Uncertainty:      0.035ns  ((TSJ^2 + TIJ^2)^1/2 + DJ) / 2 + PE
    Total System Jitter     (TSJ):    0.071ns
    Total Input Jitter      (TIJ):    0.000ns
    Discrete Jitter          (DJ):    0.000ns
    Phase Error              (PE):    0.000ns
  Timing Exception:       False Path

    Location             Delay type                Incr(ns)  Path(ns)    Netlist Resource(s)
  -------------------------------------------------------------------    -------------------
                         (clock bftClk rise edge)     0.000     0.000 r  
    H15                                               0.000     0.000 r  bftClk (IN)
                         net (fo=0)                   0.000     0.000    bftClk
    H15                  IBUF (Prop_ibuf_I_O)         1.461     1.461 r  bftClk_IBUF_inst/O
                         net (fo=1, routed)           2.062     3.523    bftClk_IBUF
    BUFGCTRL_X0Y0        BUFG (Prop_bufg_I_O)         0.101     3.624 r  bftClk_IBUF_BUFG_inst/O
                         net (fo=730, routed)         1.679     5.303    egressLoop[3].egressFifo/buffer_fifo/clk
    SLICE_X8Y10          FDCE                                         r  egressLoop[3].egressFifo/buffer_fifo/infer_fifo.wr_addr_reg[6]/C
  -------------------------------------------------------------------    -------------------
    SLICE_X8Y10          FDCE (Prop_fdce_C_Q)         0.478     5.781 r  egressLoop[3].egressFifo/buffer_fifo/infer_fifo.wr_addr_reg[6]/Q
                         net (fo=3, routed)           1.028     6.809    egressLoop[3].egressFifo/buffer_fifo/infer_fifo.wr_addr[6]
    SLICE_X7Y10          LUT6 (Prop_lut6_I0_O)        0.301     7.110 r  egressLoop[3].egressFifo/buffer_fifo/infer_fifo.empty_reg_reg2_carry_i_2__10/O
                         net (fo=1, routed)           0.000     7.110    egressLoop[3].egressFifo/buffer_fifo/infer_fifo.empty_reg_reg2_carry_i_2__10_n_0
    SLICE_X7Y10          CARRY4 (Prop_carry4_S[2]_CO[3])
                                                      0.398     7.508 r  egressLoop[3].egressFifo/buffer_fifo/infer_fifo.empty_reg_reg2_carry/CO[3]
                         net (fo=2, routed)           1.562     9.070    egressLoop[3].egressFifo/buffer_fifo/infer_fifo.empty_reg_reg2
    SLICE_X7Y13          LUT4 (Prop_lut4_I2_O)        0.124     9.194 r  egressLoop[3].egressFifo/buffer_fifo/infer_fifo.empty_reg_i_1__10/O
                         net (fo=1, routed)           0.000     9.194    egressLoop[3].egressFifo/buffer_fifo/infer_fifo.empty_reg_reg0
    SLICE_X7Y13          FDPE                                         r  egressLoop[3].egressFifo/buffer_fifo/infer_fifo.empty_reg_reg/D
  -------------------------------------------------------------------    -------------------

                         (clock wbClk rise edge)      0.000     0.000 r  
    H16                                               0.000     0.000 r  wbClk (IN)
                         net (fo=0)                   0.000     0.000    wbClk
    H16                  IBUF (Prop_ibuf_I_O)         1.387     1.387 r  wbClk_IBUF_inst/O
                         net (fo=1, routed)           1.880     3.267    wbClk_IBUF
    BUFGCTRL_X0Y16       BUFG (Prop_bufg_I_O)         0.091     3.358 r  wbClk_IBUF_BUFG_inst/O
                         net (fo=704, routed)         1.504     4.862    egressLoop[3].egressFifo/buffer_fifo/rd_clk
    SLICE_X7Y13          FDPE                                         r  egressLoop[3].egressFifo/buffer_fifo/infer_fifo.empty_reg_reg/C

Slack:                    inf
  Source:                 ingressLoop[1].ingressFifo/buffer_fifo/infer_fifo.rd_addr_reg[3]/C
                            (rising edge-triggered cell FDCE clocked by bftClk  {rise@0.000ns fall@2.500ns period=5.000ns})
  Destination:            ingressLoop[1].ingressFifo/buffer_fifo/infer_fifo.full_reg_reg/D
                            (rising edge-triggered cell FDCE clocked by wbClk  {rise@0.000ns fall@5.000ns period=10.000ns})
  Path Group:             (none)
  Path Type:              Setup (Max at Slow Process Corner)
  Data Path Delay:        3.911ns  (logic 1.430ns (36.560%)  route 2.481ns (63.440%))
  Logic Levels:           3  (CARRY4=1 LUT4=1 LUT6=1)
  Clock Path Skew:        -0.436ns (DCD - SCD + CPR)
    Destination Clock Delay (DCD):    4.839ns
    Source Clock Delay      (SCD):    5.275ns
    Clock Pessimism Removal (CPR):    0.000ns
  Clock Uncertainty:      0.035ns  ((TSJ^2 + TIJ^2)^1/2 + DJ) / 2 + PE
    Total System Jitter     (TSJ):    0.071ns
    Total Input Jitter      (TIJ):    0.000ns
    Discrete Jitter          (DJ):    0.000ns
    Phase Error              (PE):    0.000ns
  Timing Exception:       False Path

    Location             Delay type                Incr(ns)  Path(ns)    Netlist Resource(s)
  -------------------------------------------------------------------    -------------------
                         (clock bftClk rise edge)     0.000     0.000 r  
    H15                                               0.000     0.000 r  bftClk (IN)
                         net (fo=0)                   0.000     0.000    bftClk
    H15                  IBUF (Prop_ibuf_I_O)         1.461     1.461 r  bftClk_IBUF_inst/O
                         net (fo=1, routed)           2.062     3.523    bftClk_IBUF
    BUFGCTRL_X0Y0        BUFG (Prop_bufg_I_O)         0.101     3.624 r  bftClk_IBUF_BUFG_inst/O
                         net (fo=730, routed)         1.651     5.275    ingressLoop[1].ingressFifo/buffer_fifo/clk
    SLICE_X24Y65         FDCE                                         r  ingressLoop[1].ingressFifo/buffer_fifo/infer_fifo.rd_addr_reg[3]/C
  -------------------------------------------------------------------    -------------------
    SLICE_X24Y65         FDCE (Prop_fdce_C_Q)         0.478     5.753 r  ingressLoop[1].ingressFifo/buffer_fifo/infer_fifo.rd_addr_reg[3]/Q
                         net (fo=3, routed)           1.289     7.042    ingressLoop[1].ingressFifo/buffer_fifo/infer_fifo.rd_addr[3]
    SLICE_X24Y64         LUT6 (Prop_lut6_I1_O)        0.295     7.337 r  ingressLoop[1].ingressFifo/buffer_fifo/infer_fifo.full_reg_reg2_carry_i_3__0/O
                         net (fo=1, routed)           0.000     7.337    ingressLoop[1].ingressFifo/buffer_fifo/infer_fifo.full_reg_reg2_carry_i_3__0_n_0
    SLICE_X24Y64         CARRY4 (Prop_carry4_S[1]_CO[3])
                                                      0.533     7.870 r  ingressLoop[1].ingressFifo/buffer_fifo/infer_fifo.full_reg_reg2_carry/CO[3]
                         net (fo=1, routed)           1.192     9.062    ingressLoop[1].ingressFifo/buffer_fifo/infer_fifo.full_reg_reg2
    SLICE_X26Y64         LUT4 (Prop_lut4_I0_O)        0.124     9.186 r  ingressLoop[1].ingressFifo/buffer_fifo/infer_fifo.full_reg_i_1/O
                         net (fo=1, routed)           0.000     9.186    ingressLoop[1].ingressFifo/buffer_fifo/infer_fifo.full_reg_reg0
    SLICE_X26Y64         FDCE                                         r  ingressLoop[1].ingressFifo/buffer_fifo/infer_fifo.full_reg_reg/D
  -------------------------------------------------------------------    -------------------

                         (clock wbClk rise edge)      0.000     0.000 r  
    H16                                               0.000     0.000 r  wbClk (IN)
                         net (fo=0)                   0.000     0.000    wbClk
    H16                  IBUF (Prop_ibuf_I_O)         1.387     1.387 r  wbClk_IBUF_inst/O
                         net (fo=1, routed)           1.880     3.267    wbClk_IBUF
    BUFGCTRL_X0Y16       BUFG (Prop_bufg_I_O)         0.091     3.358 r  wbClk_IBUF_BUFG_inst/O
                         net (fo=704, routed)         1.481     4.839    ingressLoop[1].ingressFifo/buffer_fifo/rd_clk
    SLICE_X26Y64         FDCE                                         r  ingressLoop[1].ingressFifo/buffer_fifo/infer_fifo.full_reg_reg/C

Slack:                    inf
  Source:                 egressLoop[7].egressFifo/buffer_fifo/infer_fifo.wr_addr_reg[0]/C
                            (rising edge-triggered cell FDCE clocked by bftClk  {rise@0.000ns fall@2.500ns period=5.000ns})
  Destination:            egressLoop[7].egressFifo/buffer_fifo/infer_fifo.empty_reg_reg/D
                            (rising edge-triggered cell FDPE clocked by wbClk  {rise@0.000ns fall@5.000ns period=10.000ns})
  Path Group:             (none)
  Path Type:              Setup (Max at Slow Process Corner)
  Data Path Delay:        3.818ns  (logic 1.236ns (32.369%)  route 2.582ns (67.631%))
  Logic Levels:           3  (CARRY4=1 LUT4=1 LUT6=1)
  Clock Path Skew:        -0.440ns (DCD - SCD + CPR)
    Destination Clock Delay (DCD):    4.845ns
    Source Clock Delay      (SCD):    5.286ns
    Clock Pessimism Removal (CPR):    0.000ns
  Clock Uncertainty:      0.035ns  ((TSJ^2 + TIJ^2)^1/2 + DJ) / 2 + PE
    Total System Jitter     (TSJ):    0.071ns
    Total Input Jitter      (TIJ):    0.000ns
    Discrete Jitter          (DJ):    0.000ns
    Phase Error              (PE):    0.000ns
  Timing Exception:       False Path

    Location             Delay type                Incr(ns)  Path(ns)    Netlist Resource(s)
  -------------------------------------------------------------------    -------------------
                         (clock bftClk rise edge)     0.000     0.000 r  
    H15                                               0.000     0.000 r  bftClk (IN)
                         net (fo=0)                   0.000     0.000    bftClk
    H15                  IBUF (Prop_ibuf_I_O)         1.461     1.461 r  bftClk_IBUF_inst/O
                         net (fo=1, routed)           2.062     3.523    bftClk_IBUF
    BUFGCTRL_X0Y0        BUFG (Prop_bufg_I_O)         0.101     3.624 r  bftClk_IBUF_BUFG_inst/O
                         net (fo=730, routed)         1.662     5.286    egressLoop[7].egressFifo/buffer_fifo/clk
    SLICE_X23Y15         FDCE                                         r  egressLoop[7].egressFifo/buffer_fifo/infer_fifo.wr_addr_reg[0]/C
  -------------------------------------------------------------------    -------------------
    SLICE_X23Y15         FDCE (Prop_fdce_C_Q)         0.456     5.742 r  egressLoop[7].egressFifo/buffer_fifo/infer_fifo.wr_addr_reg[0]/Q
                         net (fo=3, routed)           1.712     7.454    egressLoop[7].egressFifo/buffer_fifo/infer_fifo.wr_addr[0]
    SLICE_X23Y16         LUT6 (Prop_lut6_I1_O)        0.124     7.578 r  egressLoop[7].egressFifo/buffer_fifo/i__carry_i_4__14/O
                         net (fo=1, routed)           0.000     7.578    egressLoop[7].egressFifo/buffer_fifo/i__carry_i_4__14_n_0
    SLICE_X23Y16         CARRY4 (Prop_carry4_S[0]_CO[3])
                                                      0.532     8.110 r  egressLoop[7].egressFifo/buffer_fifo/infer_fifo.empty_reg_reg2_inferred__0/i__carry/CO[3]
                         net (fo=1, routed)           0.870     8.980    egressLoop[7].egressFifo/buffer_fifo/infer_fifo.empty_reg_reg20_out
    SLICE_X22Y19         LUT4 (Prop_lut4_I0_O)        0.124     9.104 r  egressLoop[7].egressFifo/buffer_fifo/infer_fifo.empty_reg_i_1__14/O
                         net (fo=1, routed)           0.000     9.104    egressLoop[7].egressFifo/buffer_fifo/infer_fifo.empty_reg_reg0
    SLICE_X22Y19         FDPE                                         r  egressLoop[7].egressFifo/buffer_fifo/infer_fifo.empty_reg_reg/D
  -------------------------------------------------------------------    -------------------

                         (clock wbClk rise edge)      0.000     0.000 r  
    H16                                               0.000     0.000 r  wbClk (IN)
                         net (fo=0)                   0.000     0.000    wbClk
    H16                  IBUF (Prop_ibuf_I_O)         1.387     1.387 r  wbClk_IBUF_inst/O
                         net (fo=1, routed)           1.880     3.267    wbClk_IBUF
    BUFGCTRL_X0Y16       BUFG (Prop_bufg_I_O)         0.091     3.358 r  wbClk_IBUF_BUFG_inst/O
                         net (fo=704, routed)         1.487     4.845    egressLoop[7].egressFifo/buffer_fifo/rd_clk
    SLICE_X22Y19         FDPE                                         r  egressLoop[7].egressFifo/buffer_fifo/infer_fifo.empty_reg_reg/C

Slack:                    inf
  Source:                 ingressLoop[6].ingressFifo/buffer_fifo/infer_fifo.rd_addr_reg[8]/C
                            (rising edge-triggered cell FDCE clocked by bftClk  {rise@0.000ns fall@2.500ns period=5.000ns})
  Destination:            ingressLoop[6].ingressFifo/buffer_fifo/infer_fifo.full_reg_reg/D
                            (rising edge-triggered cell FDCE clocked by wbClk  {rise@0.000ns fall@5.000ns period=10.000ns})
  Path Group:             (none)
  Path Type:              Setup (Max at Slow Process Corner)
  Data Path Delay:        3.806ns  (logic 1.102ns (28.955%)  route 2.704ns (71.045%))
  Logic Levels:           3  (CARRY4=1 LUT4=1 LUT6=1)
  Clock Path Skew:        -0.425ns (DCD - SCD + CPR)
    Destination Clock Delay (DCD):    4.861ns
    Source Clock Delay      (SCD):    5.287ns
    Clock Pessimism Removal (CPR):    0.000ns
  Clock Uncertainty:      0.035ns  ((TSJ^2 + TIJ^2)^1/2 + DJ) / 2 + PE
    Total System Jitter     (TSJ):    0.071ns
    Total Input Jitter      (TIJ):    0.000ns
    Discrete Jitter          (DJ):    0.000ns
    Phase Error              (PE):    0.000ns
  Timing Exception:       False Path

    Location             Delay type                Incr(ns)  Path(ns)    Netlist Resource(s)
  -------------------------------------------------------------------    -------------------
                         (clock bftClk rise edge)     0.000     0.000 r  
    H15                                               0.000     0.000 r  bftClk (IN)
                         net (fo=0)                   0.000     0.000    bftClk
    H15                  IBUF (Prop_ibuf_I_O)         1.461     1.461 r  bftClk_IBUF_inst/O
                         net (fo=1, routed)           2.062     3.523    bftClk_IBUF
    BUFGCTRL_X0Y0        BUFG (Prop_bufg_I_O)         0.101     3.624 r  bftClk_IBUF_BUFG_inst/O
                         net (fo=730, routed)         1.663     5.287    ingressLoop[6].ingressFifo/buffer_fifo/clk
    SLICE_X26Y51         FDCE                                         r  ingressLoop[6].ingressFifo/buffer_fifo/infer_fifo.rd_addr_reg[8]/C
  -------------------------------------------------------------------    -------------------
    SLICE_X26Y51         FDCE (Prop_fdce_C_Q)         0.456     5.743 r  ingressLoop[6].ingressFifo/buffer_fifo/infer_fifo.rd_addr_reg[8]/Q
                         net (fo=3, routed)           1.428     7.170    ingressLoop[6].ingressFifo/buffer_fifo/infer_fifo.rd_addr[8]
    SLICE_X27Y50         LUT6 (Prop_lut6_I2_O)        0.124     7.294 r  ingressLoop[6].ingressFifo/buffer_fifo/infer_fifo.full_reg_reg2_carry_i_2__5/O
                         net (fo=1, routed)           0.000     7.294    ingressLoop[6].ingressFifo/buffer_fifo/infer_fifo.full_reg_reg2_carry_i_2__5_n_0
    SLICE_X27Y50         CARRY4 (Prop_carry4_S[2]_CO[3])
                                                      0.398     7.692 r  ingressLoop[6].ingressFifo/buffer_fifo/infer_fifo.full_reg_reg2_carry/CO[3]
                         net (fo=1, routed)           1.276     8.969    ingressLoop[6].ingressFifo/buffer_fifo/infer_fifo.full_reg_reg2
    SLICE_X26Y49         LUT4 (Prop_lut4_I0_O)        0.124     9.093 r  ingressLoop[6].ingressFifo/buffer_fifo/infer_fifo.full_reg_i_1__6/O
                         net (fo=1, routed)           0.000     9.093    ingressLoop[6].ingressFifo/buffer_fifo/infer_fifo.full_reg_reg0
    SLICE_X26Y49         FDCE                                         r  ingressLoop[6].ingressFifo/buffer_fifo/infer_fifo.full_reg_reg/D
  -------------------------------------------------------------------    -------------------

                         (clock wbClk rise edge)      0.000     0.000 r  
    H16                                               0.000     0.000 r  wbClk (IN)
                         net (fo=0)                   0.000     0.000    wbClk
    H16                  IBUF (Prop_ibuf_I_O)         1.387     1.387 r  wbClk_IBUF_inst/O
                         net (fo=1, routed)           1.880     3.267    wbClk_IBUF
    BUFGCTRL_X0Y16       BUFG (Prop_bufg_I_O)         0.091     3.358 r  wbClk_IBUF_BUFG_inst/O
                         net (fo=704, routed)         1.503     4.861    ingressLoop[6].ingressFifo/buffer_fifo/rd_clk
    SLICE_X26Y49         FDCE                                         r  ingressLoop[6].ingressFifo/buffer_fifo/infer_fifo.full_reg_reg/C

Slack:                    inf
  Source:                 ingressLoop[4].ingressFifo/buffer_fifo/infer_fifo.rd_addr_reg[2]/C
                            (rising edge-triggered cell FDCE clocked by bftClk  {rise@0.000ns fall@2.500ns period=5.000ns})
  Destination:            ingressLoop[4].ingressFifo/buffer_fifo/infer_fifo.full_reg_reg/D
                            (rising edge-triggered cell FDCE clocked by wbClk  {rise@0.000ns fall@5.000ns period=10.000ns})
  Path Group:             (none)
  Path Type:              Setup (Max at Slow Process Corner)
  Data Path Delay:        3.729ns  (logic 1.298ns (34.812%)  route 2.431ns (65.188%))
  Logic Levels:           3  (CARRY4=1 LUT4=1 LUT6=1)
  Clock Path Skew:        -0.433ns (DCD - SCD + CPR)
    Destination Clock Delay (DCD):    4.857ns
    Source Clock Delay      (SCD):    5.291ns
    Clock Pessimism Removal (CPR):    0.000ns
  Clock Uncertainty:      0.035ns  ((TSJ^2 + TIJ^2)^1/2 + DJ) / 2 + PE
    Total System Jitter     (TSJ):    0.071ns
    Total Input Jitter      (TIJ):    0.000ns
    Discrete Jitter          (DJ):    0.000ns
    Phase Error              (PE):    0.000ns
  Timing Exception:       False Path

    Location             Delay type                Incr(ns)  Path(ns)    Netlist Resource(s)
  -------------------------------------------------------------------    -------------------
                         (clock bftClk rise edge)     0.000     0.000 r  
    H15                                               0.000     0.000 r  bftClk (IN)
                         net (fo=0)                   0.000     0.000    bftClk
    H15                  IBUF (Prop_ibuf_I_O)         1.461     1.461 r  bftClk_IBUF_inst/O
                         net (fo=1, routed)           2.062     3.523    bftClk_IBUF
    BUFGCTRL_X0Y0        BUFG (Prop_bufg_I_O)         0.101     3.624 r  bftClk_IBUF_BUFG_inst/O
                         net (fo=730, routed)         1.667     5.291    ingressLoop[4].ingressFifo/buffer_fifo/clk
    SLICE_X28Y34         FDCE                                         r  ingressLoop[4].ingressFifo/buffer_fifo/infer_fifo.rd_addr_reg[2]/C
  -------------------------------------------------------------------    -------------------
    SLICE_X28Y34         FDCE (Prop_fdce_C_Q)         0.518     5.809 r  ingressLoop[4].ingressFifo/buffer_fifo/infer_fifo.rd_addr_reg[2]/Q
                         net (fo=3, routed)           1.324     7.132    ingressLoop[4].ingressFifo/buffer_fifo/infer_fifo.rd_addr[2]
    SLICE_X27Y36         LUT6 (Prop_lut6_I2_O)        0.124     7.256 r  ingressLoop[4].ingressFifo/buffer_fifo/infer_fifo.full_reg_reg2_carry_i_4__3/O
                         net (fo=1, routed)           0.000     7.256    ingressLoop[4].ingressFifo/buffer_fifo/infer_fifo.full_reg_reg2_carry_i_4__3_n_0
    SLICE_X27Y36         CARRY4 (Prop_carry4_S[0]_CO[3])
                                                      0.532     7.788 r  ingressLoop[4].ingressFifo/buffer_fifo/infer_fifo.full_reg_reg2_carry/CO[3]
                         net (fo=1, routed)           1.107     8.895    ingressLoop[4].ingressFifo/buffer_fifo/infer_fifo.full_reg_reg2
    SLICE_X26Y38         LUT4 (Prop_lut4_I0_O)        0.124     9.019 r  ingressLoop[4].ingressFifo/buffer_fifo/infer_fifo.full_reg_i_1__5/O
                         net (fo=1, routed)           0.000     9.019    ingressLoop[4].ingressFifo/buffer_fifo/infer_fifo.full_reg_reg0
    SLICE_X26Y38         FDCE                                         r  ingressLoop[4].ingressFifo/buffer_fifo/infer_fifo.full_reg_reg/D
  -------------------------------------------------------------------    -------------------

                         (clock wbClk rise edge)      0.000     0.000 r  
    H16                                               0.000     0.000 r  wbClk (IN)
                         net (fo=0)                   0.000     0.000    wbClk
    H16                  IBUF (Prop_ibuf_I_O)         1.387     1.387 r  wbClk_IBUF_inst/O
                         net (fo=1, routed)           1.880     3.267    wbClk_IBUF
    BUFGCTRL_X0Y16       BUFG (Prop_bufg_I_O)         0.091     3.358 r  wbClk_IBUF_BUFG_inst/O
                         net (fo=704, routed)         1.499     4.857    ingressLoop[4].ingressFifo/buffer_fifo/rd_clk
    SLICE_X26Y38         FDCE                                         r  ingressLoop[4].ingressFifo/buffer_fifo/infer_fifo.full_reg_reg/C

Slack:                    inf
  Source:                 egressLoop[6].egressFifo/buffer_fifo/infer_fifo.wr_addr_reg[5]/C
                            (rising edge-triggered cell FDCE clocked by bftClk  {rise@0.000ns fall@2.500ns period=5.000ns})
  Destination:            egressLoop[6].egressFifo/buffer_fifo/infer_fifo.empty_reg_reg/D
                            (rising edge-triggered cell FDPE clocked by wbClk  {rise@0.000ns fall@5.000ns period=10.000ns})
  Path Group:             (none)
  Path Type:              Setup (Max at Slow Process Corner)
  Data Path Delay:        3.689ns  (logic 1.430ns (38.768%)  route 2.259ns (61.232%))
  Logic Levels:           3  (CARRY4=1 LUT4=1 LUT6=1)
  Clock Path Skew:        -0.439ns (DCD - SCD + CPR)
    Destination Clock Delay (DCD):    4.845ns
    Source Clock Delay      (SCD):    5.285ns
    Clock Pessimism Removal (CPR):    0.000ns
  Clock Uncertainty:      0.035ns  ((TSJ^2 + TIJ^2)^1/2 + DJ) / 2 + PE
    Total System Jitter     (TSJ):    0.071ns
    Total Input Jitter      (TIJ):    0.000ns
    Discrete Jitter          (DJ):    0.000ns
    Phase Error              (PE):    0.000ns
  Timing Exception:       False Path

    Location             Delay type                Incr(ns)  Path(ns)    Netlist Resource(s)
  -------------------------------------------------------------------    -------------------
                         (clock bftClk rise edge)     0.000     0.000 r  
    H15                                               0.000     0.000 r  bftClk (IN)
                         net (fo=0)                   0.000     0.000    bftClk
    H15                  IBUF (Prop_ibuf_I_O)         1.461     1.461 r  bftClk_IBUF_inst/O
                         net (fo=1, routed)           2.062     3.523    bftClk_IBUF
    BUFGCTRL_X0Y0        BUFG (Prop_bufg_I_O)         0.101     3.624 r  bftClk_IBUF_BUFG_inst/O
                         net (fo=730, routed)         1.661     5.285    egressLoop[6].egressFifo/buffer_fifo/clk
    SLICE_X20Y19         FDCE                                         r  egressLoop[6].egressFifo/buffer_fifo/infer_fifo.wr_addr_reg[5]/C
  -------------------------------------------------------------------    -------------------
    SLICE_X20Y19         FDCE (Prop_fdce_C_Q)         0.478     5.763 r  egressLoop[6].egressFifo/buffer_fifo/infer_fifo.wr_addr_reg[5]/Q
                         net (fo=3, routed)           1.006     6.769    egressLoop[6].egressFifo/buffer_fifo/infer_fifo.wr_addr[5]
    SLICE_X20Y20         LUT6 (Prop_lut6_I2_O)        0.295     7.064 r  egressLoop[6].egressFifo/buffer_fifo/i__carry_i_3__13/O
                         net (fo=1, routed)           0.000     7.064    egressLoop[6].egressFifo/buffer_fifo/i__carry_i_3__13_n_0
    SLICE_X20Y20         CARRY4 (Prop_carry4_S[1]_CO[3])
                                                      0.533     7.597 r  egressLoop[6].egressFifo/buffer_fifo/infer_fifo.empty_reg_reg2_inferred__0/i__carry/CO[3]
                         net (fo=1, routed)           1.253     8.849    egressLoop[6].egressFifo/buffer_fifo/infer_fifo.empty_reg_reg20_out
    SLICE_X22Y19         LUT4 (Prop_lut4_I0_O)        0.124     8.973 r  egressLoop[6].egressFifo/buffer_fifo/infer_fifo.empty_reg_i_1__13/O
                         net (fo=1, routed)           0.000     8.973    egressLoop[6].egressFifo/buffer_fifo/infer_fifo.empty_reg_reg0
    SLICE_X22Y19         FDPE                                         r  egressLoop[6].egressFifo/buffer_fifo/infer_fifo.empty_reg_reg/D
  -------------------------------------------------------------------    -------------------

                         (clock wbClk rise edge)      0.000     0.000 r  
    H16                                               0.000     0.000 r  wbClk (IN)
                         net (fo=0)                   0.000     0.000    wbClk
    H16                  IBUF (Prop_ibuf_I_O)         1.387     1.387 r  wbClk_IBUF_inst/O
                         net (fo=1, routed)           1.880     3.267    wbClk_IBUF
    BUFGCTRL_X0Y16       BUFG (Prop_bufg_I_O)         0.091     3.358 r  wbClk_IBUF_BUFG_inst/O
                         net (fo=704, routed)         1.487     4.845    egressLoop[6].egressFifo/buffer_fifo/rd_clk
    SLICE_X22Y19         FDPE                                         r  egressLoop[6].egressFifo/buffer_fifo/infer_fifo.empty_reg_reg/C

Slack:                    inf
  Source:                 ingressLoop[2].ingressFifo/buffer_fifo/infer_fifo.rd_addr_reg[0]/C
                            (rising edge-triggered cell FDCE clocked by bftClk  {rise@0.000ns fall@2.500ns period=5.000ns})
  Destination:            ingressLoop[2].ingressFifo/buffer_fifo/infer_fifo.full_reg_reg/D
                            (rising edge-triggered cell FDCE clocked by wbClk  {rise@0.000ns fall@5.000ns period=10.000ns})
  Path Group:             (none)
  Path Type:              Setup (Max at Slow Process Corner)
  Data Path Delay:        3.617ns  (logic 1.279ns (35.356%)  route 2.338ns (64.644%))
  Logic Levels:           3  (CARRY4=1 LUT4=1 LUT6=1)
  Clock Path Skew:        -0.436ns (DCD - SCD + CPR)
    Destination Clock Delay (DCD):    4.847ns
    Source Clock Delay      (SCD):    5.283ns
    Clock Pessimism Removal (CPR):    0.000ns
  Clock Uncertainty:      0.035ns  ((TSJ^2 + TIJ^2)^1/2 + DJ) / 2 + PE
    Total System Jitter     (TSJ):    0.071ns
    Total Input Jitter      (TIJ):    0.000ns
    Discrete Jitter          (DJ):    0.000ns
    Phase Error              (PE):    0.000ns
  Timing Exception:       False Path

    Location             Delay type                Incr(ns)  Path(ns)    Netlist Resource(s)
  -------------------------------------------------------------------    -------------------
                         (clock bftClk rise edge)     0.000     0.000 r  
    H15                                               0.000     0.000 r  bftClk (IN)
                         net (fo=0)                   0.000     0.000    bftClk
    H15                  IBUF (Prop_ibuf_I_O)         1.461     1.461 r  bftClk_IBUF_inst/O
                         net (fo=1, routed)           2.062     3.523    bftClk_IBUF
    BUFGCTRL_X0Y0        BUFG (Prop_bufg_I_O)         0.101     3.624 r  bftClk_IBUF_BUFG_inst/O
                         net (fo=730, routed)         1.659     5.283    ingressLoop[2].ingressFifo/buffer_fifo/clk
    SLICE_X6Y68          FDCE                                         r  ingressLoop[2].ingressFifo/buffer_fifo/infer_fifo.rd_addr_reg[0]/C
  -------------------------------------------------------------------    -------------------
    SLICE_X6Y68          FDCE (Prop_fdce_C_Q)         0.518     5.801 r  ingressLoop[2].ingressFifo/buffer_fifo/infer_fifo.rd_addr_reg[0]/Q
                         net (fo=3, routed)           0.993     6.794    ingressLoop[2].ingressFifo/buffer_fifo/infer_fifo.rd_addr[0]
    SLICE_X6Y69          LUT6 (Prop_lut6_I1_O)        0.124     6.918 r  ingressLoop[2].ingressFifo/buffer_fifo/infer_fifo.empty_reg_reg2_carry_i_4__1/O
                         net (fo=1, routed)           0.000     6.918    ingressLoop[2].ingressFifo/buffer_fifo/infer_fifo.empty_reg_reg2_carry_i_4__1_n_0
    SLICE_X6Y69          CARRY4 (Prop_carry4_S[0]_CO[3])
                                                      0.513     7.431 r  ingressLoop[2].ingressFifo/buffer_fifo/infer_fifo.empty_reg_reg2_carry/CO[3]
                         net (fo=2, routed)           1.345     8.776    ingressLoop[2].ingressFifo/buffer_fifo/infer_fifo.empty_reg_reg2
    SLICE_X10Y64         LUT4 (Prop_lut4_I2_O)        0.124     8.900 r  ingressLoop[2].ingressFifo/buffer_fifo/infer_fifo.full_reg_i_1__4/O
                         net (fo=1, routed)           0.000     8.900    ingressLoop[2].ingressFifo/buffer_fifo/infer_fifo.full_reg_reg0
    SLICE_X10Y64         FDCE                                         r  ingressLoop[2].ingressFifo/buffer_fifo/infer_fifo.full_reg_reg/D
  -------------------------------------------------------------------    -------------------

                         (clock wbClk rise edge)      0.000     0.000 r  
    H16                                               0.000     0.000 r  wbClk (IN)
                         net (fo=0)                   0.000     0.000    wbClk
    H16                  IBUF (Prop_ibuf_I_O)         1.387     1.387 r  wbClk_IBUF_inst/O
                         net (fo=1, routed)           1.880     3.267    wbClk_IBUF
    BUFGCTRL_X0Y16       BUFG (Prop_bufg_I_O)         0.091     3.358 r  wbClk_IBUF_BUFG_inst/O
                         net (fo=704, routed)         1.489     4.847    ingressLoop[2].ingressFifo/buffer_fifo/rd_clk
    SLICE_X10Y64         FDCE                                         r  ingressLoop[2].ingressFifo/buffer_fifo/infer_fifo.full_reg_reg/C





Min Delay Paths
--------------------------------------------------------------------------------------
Slack:                    inf
  Source:                 egressLoop[0].egressFifo/buffer_fifo/infer_fifo.full_reg_reg/C
                            (rising edge-triggered cell FDCE clocked by bftClk  {rise@0.000ns fall@2.500ns period=5.000ns})
  Destination:            error_reg/D
                            (rising edge-triggered cell FDRE clocked by wbClk  {rise@0.000ns fall@5.000ns period=10.000ns})
  Path Group:             (none)
  Path Type:              Hold (Min at Fast Process Corner)
  Data Path Delay:        0.454ns  (logic 0.209ns (45.990%)  route 0.245ns (54.010%))
  Logic Levels:           1  (LUT5=1)
  Clock Path Skew:        0.311ns (DCD - SCD - CPR)
    Destination Clock Delay (DCD):    1.950ns
    Source Clock Delay      (SCD):    1.639ns
    Clock Pessimism Removal (CPR):    -0.000ns
  Clock Uncertainty:      0.035ns  ((TSJ^2 + TIJ^2)^1/2 + DJ) / 2 + PE
    Total System Jitter     (TSJ):    0.071ns
    Total Input Jitter      (TIJ):    0.000ns
    Discrete Jitter          (DJ):    0.000ns
    Phase Error              (PE):    0.000ns
  Timing Exception:       False Path

    Location             Delay type                Incr(ns)  Path(ns)    Netlist Resource(s)
  -------------------------------------------------------------------    -------------------
                         (clock bftClk rise edge)     0.000     0.000 r  
    H15                                               0.000     0.000 r  bftClk (IN)
                         net (fo=0)                   0.000     0.000    bftClk
    H15                  IBUF (Prop_ibuf_I_O)         0.229     0.229 r  bftClk_IBUF_inst/O
                         net (fo=1, routed)           0.828     1.057    bftClk_IBUF
    BUFGCTRL_X0Y0        BUFG (Prop_bufg_I_O)         0.026     1.083 r  bftClk_IBUF_BUFG_inst/O
                         net (fo=730, routed)         0.557     1.639    egressLoop[0].egressFifo/buffer_fifo/clk
    SLICE_X6Y29          FDCE                                         r  egressLoop[0].egressFifo/buffer_fifo/infer_fifo.full_reg_reg/C
  -------------------------------------------------------------------    -------------------
    SLICE_X6Y29          FDCE (Prop_fdce_C_Q)         0.164     1.803 r  egressLoop[0].egressFifo/buffer_fifo/infer_fifo.full_reg_reg/Q
                         net (fo=4, routed)           0.245     2.049    egressLoop[1].egressFifo/buffer_fifo/error_reg_0
    SLICE_X12Y29         LUT5 (Prop_lut5_I3_O)        0.045     2.094 r  egressLoop[1].egressFifo/buffer_fifo/error_i_1/O
                         net (fo=1, routed)           0.000     2.094    egressLoop[1].egressFifo_n_0
    SLICE_X12Y29         FDRE                                         r  error_reg/D
  -------------------------------------------------------------------    -------------------

                         (clock wbClk rise edge)      0.000     0.000 r  
    H16                                               0.000     0.000 r  wbClk (IN)
                         net (fo=0)                   0.000     0.000    wbClk
    H16                  IBUF (Prop_ibuf_I_O)         0.413     0.413 r  wbClk_IBUF_inst/O
                         net (fo=1, routed)           0.683     1.096    wbClk_IBUF
    BUFGCTRL_X0Y16       BUFG (Prop_bufg_I_O)         0.029     1.125 r  wbClk_IBUF_BUFG_inst/O
                         net (fo=704, routed)         0.825     1.950    wbClk_IBUF_BUFG
    SLICE_X12Y29         FDRE                                         r  error_reg/C

Slack:                    inf
  Source:                 egressLoop[5].egressFifo/buffer_fifo/infer_fifo.wr_addr_reg[1]/C
                            (rising edge-triggered cell FDCE clocked by bftClk  {rise@0.000ns fall@2.500ns period=5.000ns})
  Destination:            egressLoop[5].egressFifo/buffer_fifo/infer_fifo.empty_reg_reg/D
                            (rising edge-triggered cell FDPE clocked by wbClk  {rise@0.000ns fall@5.000ns period=10.000ns})
  Path Group:             (none)
  Path Type:              Hold (Min at Fast Process Corner)
  Data Path Delay:        0.729ns  (logic 0.376ns (51.556%)  route 0.353ns (48.444%))
  Logic Levels:           3  (CARRY4=1 LUT4=1 LUT6=1)
  Clock Path Skew:        0.312ns (DCD - SCD - CPR)
    Destination Clock Delay (DCD):    1.954ns
    Source Clock Delay      (SCD):    1.642ns
    Clock Pessimism Removal (CPR):    -0.000ns
  Clock Uncertainty:      0.035ns  ((TSJ^2 + TIJ^2)^1/2 + DJ) / 2 + PE
    Total System Jitter     (TSJ):    0.071ns
    Total Input Jitter      (TIJ):    0.000ns
    Discrete Jitter          (DJ):    0.000ns
    Phase Error              (PE):    0.000ns
  Timing Exception:       False Path

    Location             Delay type                Incr(ns)  Path(ns)    Netlist Resource(s)
  -------------------------------------------------------------------    -------------------
                         (clock bftClk rise edge)     0.000     0.000 r  
    H15                                               0.000     0.000 r  bftClk (IN)
                         net (fo=0)                   0.000     0.000    bftClk
    H15                  IBUF (Prop_ibuf_I_O)         0.229     0.229 r  bftClk_IBUF_inst/O
                         net (fo=1, routed)           0.828     1.057    bftClk_IBUF
    BUFGCTRL_X0Y0        BUFG (Prop_bufg_I_O)         0.026     1.083 r  bftClk_IBUF_BUFG_inst/O
                         net (fo=730, routed)         0.560     1.642    egressLoop[5].egressFifo/buffer_fifo/clk
    SLICE_X7Y17          FDCE                                         r  egressLoop[5].egressFifo/buffer_fifo/infer_fifo.wr_addr_reg[1]/C
  -------------------------------------------------------------------    -------------------
    SLICE_X7Y17          FDCE (Prop_fdce_C_Q)         0.141     1.783 r  egressLoop[5].egressFifo/buffer_fifo/infer_fifo.wr_addr_reg[1]/Q
                         net (fo=3, routed)           0.137     1.921    egressLoop[5].egressFifo/buffer_fifo/infer_fifo.wr_addr[1]
    SLICE_X8Y17          LUT6 (Prop_lut6_I4_O)        0.045     1.966 r  egressLoop[5].egressFifo/buffer_fifo/i__carry_i_4__12/O
                         net (fo=1, routed)           0.000     1.966    egressLoop[5].egressFifo/buffer_fifo/i__carry_i_4__12_n_0
    SLICE_X8Y17          CARRY4 (Prop_carry4_S[0]_CO[3])
                                                      0.145     2.111 r  egressLoop[5].egressFifo/buffer_fifo/infer_fifo.empty_reg_reg2_inferred__0/i__carry/CO[3]
                         net (fo=1, routed)           0.216     2.327    egressLoop[5].egressFifo/buffer_fifo/infer_fifo.empty_reg_reg20_out
    SLICE_X9Y16          LUT4 (Prop_lut4_I0_O)        0.045     2.372 r  egressLoop[5].egressFifo/buffer_fifo/infer_fifo.empty_reg_i_1__12/O
                         net (fo=1, routed)           0.000     2.372    egressLoop[5].egressFifo/buffer_fifo/infer_fifo.empty_reg_reg0
    SLICE_X9Y16          FDPE                                         r  egressLoop[5].egressFifo/buffer_fifo/infer_fifo.empty_reg_reg/D
  -------------------------------------------------------------------    -------------------

                         (clock wbClk rise edge)      0.000     0.000 r  
    H16                                               0.000     0.000 r  wbClk (IN)
                         net (fo=0)                   0.000     0.000    wbClk
    H16                  IBUF (Prop_ibuf_I_O)         0.413     0.413 r  wbClk_IBUF_inst/O
                         net (fo=1, routed)           0.683     1.096    wbClk_IBUF
    BUFGCTRL_X0Y16       BUFG (Prop_bufg_I_O)         0.029     1.125 r  wbClk_IBUF_BUFG_inst/O
                         net (fo=704, routed)         0.829     1.954    egressLoop[5].egressFifo/buffer_fifo/rd_clk
    SLICE_X9Y16          FDPE                                         r  egressLoop[5].egressFifo/buffer_fifo/infer_fifo.empty_reg_reg/C

Slack:                    inf
  Source:                 ingressLoop[5].ingressFifo/buffer_fifo/infer_fifo.rd_addr_reg[7]/C
                            (rising edge-triggered cell FDCE clocked by bftClk  {rise@0.000ns fall@2.500ns period=5.000ns})
  Destination:            ingressLoop[5].ingressFifo/buffer_fifo/infer_fifo.full_reg_reg/D
                            (rising edge-triggered cell FDCE clocked by wbClk  {rise@0.000ns fall@5.000ns period=10.000ns})
  Path Group:             (none)
  Path Type:              Hold (Min at Fast Process Corner)
  Data Path Delay:        0.738ns  (logic 0.346ns (46.879%)  route 0.392ns (53.121%))
  Logic Levels:           3  (CARRY4=1 LUT4=1 LUT6=1)
  Clock Path Skew:        0.314ns (DCD - SCD - CPR)
    Destination Clock Delay (DCD):    1.959ns
    Source Clock Delay      (SCD):    1.645ns
    Clock Pessimism Removal (CPR):    -0.000ns
  Clock Uncertainty:      0.035ns  ((TSJ^2 + TIJ^2)^1/2 + DJ) / 2 + PE
    Total System Jitter     (TSJ):    0.071ns
    Total Input Jitter      (TIJ):    0.000ns
    Discrete Jitter          (DJ):    0.000ns
    Phase Error              (PE):    0.000ns
  Timing Exception:       False Path

    Location             Delay type                Incr(ns)  Path(ns)    Netlist Resource(s)
  -------------------------------------------------------------------    -------------------
                         (clock bftClk rise edge)     0.000     0.000 r  
    H15                                               0.000     0.000 r  bftClk (IN)
                         net (fo=0)                   0.000     0.000    bftClk
    H15                  IBUF (Prop_ibuf_I_O)         0.229     0.229 r  bftClk_IBUF_inst/O
                         net (fo=1, routed)           0.828     1.057    bftClk_IBUF
    BUFGCTRL_X0Y0        BUFG (Prop_bufg_I_O)         0.026     1.083 r  bftClk_IBUF_BUFG_inst/O
                         net (fo=730, routed)         0.563     1.645    ingressLoop[5].ingressFifo/buffer_fifo/clk
    SLICE_X27Y44         FDCE                                         r  ingressLoop[5].ingressFifo/buffer_fifo/infer_fifo.rd_addr_reg[7]/C
  -------------------------------------------------------------------    -------------------
    SLICE_X27Y44         FDCE (Prop_fdce_C_Q)         0.141     1.786 r  ingressLoop[5].ingressFifo/buffer_fifo/infer_fifo.rd_addr_reg[7]/Q
                         net (fo=3, routed)           0.085     1.871    ingressLoop[5].ingressFifo/buffer_fifo/infer_fifo.rd_addr[7]
    SLICE_X26Y44         LUT6 (Prop_lut6_I4_O)        0.045     1.916 r  ingressLoop[5].ingressFifo/buffer_fifo/infer_fifo.full_reg_reg2_carry_i_2__4/O
                         net (fo=1, routed)           0.000     1.916    ingressLoop[5].ingressFifo/buffer_fifo/infer_fifo.full_reg_reg2_carry_i_2__4_n_0
    SLICE_X26Y44         CARRY4 (Prop_carry4_S[2]_CO[3])
                                                      0.115     2.031 r  ingressLoop[5].ingressFifo/buffer_fifo/infer_fifo.full_reg_reg2_carry/CO[3]
                         net (fo=1, routed)           0.307     2.338    ingressLoop[5].ingressFifo/buffer_fifo/infer_fifo.full_reg_reg2
    SLICE_X27Y47         LUT4 (Prop_lut4_I0_O)        0.045     2.383 r  ingressLoop[5].ingressFifo/buffer_fifo/infer_fifo.full_reg_i_1__0/O
                         net (fo=1, routed)           0.000     2.383    ingressLoop[5].ingressFifo/buffer_fifo/infer_fifo.full_reg_reg0
    SLICE_X27Y47         FDCE                                         r  ingressLoop[5].ingressFifo/buffer_fifo/infer_fifo.full_reg_reg/D
  -------------------------------------------------------------------    -------------------

                         (clock wbClk rise edge)      0.000     0.000 r  
    H16                                               0.000     0.000 r  wbClk (IN)
                         net (fo=0)                   0.000     0.000    wbClk
    H16                  IBUF (Prop_ibuf_I_O)         0.413     0.413 r  wbClk_IBUF_inst/O
                         net (fo=1, routed)           0.683     1.096    wbClk_IBUF
    BUFGCTRL_X0Y16       BUFG (Prop_bufg_I_O)         0.029     1.125 r  wbClk_IBUF_BUFG_inst/O
                         net (fo=704, routed)         0.834     1.959    ingressLoop[5].ingressFifo/buffer_fifo/rd_clk
    SLICE_X27Y47         FDCE                                         r  ingressLoop[5].ingressFifo/buffer_fifo/infer_fifo.full_reg_reg/C

Slack:                    inf
  Source:                 ingressLoop[0].ingressFifo/buffer_fifo/infer_fifo.rd_addr_reg[4]/C
                            (rising edge-triggered cell FDCE clocked by bftClk  {rise@0.000ns fall@2.500ns period=5.000ns})
  Destination:            ingressLoop[0].ingressFifo/buffer_fifo/infer_fifo.full_reg_reg/D
                            (rising edge-triggered cell FDCE clocked by wbClk  {rise@0.000ns fall@5.000ns period=10.000ns})
  Path Group:             (none)
  Path Type:              Hold (Min at Fast Process Corner)
  Data Path Delay:        0.752ns  (logic 0.383ns (50.932%)  route 0.369ns (49.068%))
  Logic Levels:           3  (CARRY4=1 LUT4=1 LUT6=1)
  Clock Path Skew:        0.306ns (DCD - SCD - CPR)
    Destination Clock Delay (DCD):    1.951ns
    Source Clock Delay      (SCD):    1.644ns
    Clock Pessimism Removal (CPR):    -0.000ns
  Clock Uncertainty:      0.035ns  ((TSJ^2 + TIJ^2)^1/2 + DJ) / 2 + PE
    Total System Jitter     (TSJ):    0.071ns
    Total Input Jitter      (TIJ):    0.000ns
    Discrete Jitter          (DJ):    0.000ns
    Phase Error              (PE):    0.000ns
  Timing Exception:       False Path

    Location             Delay type                Incr(ns)  Path(ns)    Netlist Resource(s)
  -------------------------------------------------------------------    -------------------
                         (clock bftClk rise edge)     0.000     0.000 r  
    H15                                               0.000     0.000 r  bftClk (IN)
                         net (fo=0)                   0.000     0.000    bftClk
    H15                  IBUF (Prop_ibuf_I_O)         0.229     0.229 r  bftClk_IBUF_inst/O
                         net (fo=1, routed)           0.828     1.057    bftClk_IBUF
    BUFGCTRL_X0Y0        BUFG (Prop_bufg_I_O)         0.026     1.083 r  bftClk_IBUF_BUFG_inst/O
                         net (fo=730, routed)         0.562     1.644    ingressLoop[0].ingressFifo/buffer_fifo/clk
    SLICE_X13Y60         FDCE                                         r  ingressLoop[0].ingressFifo/buffer_fifo/infer_fifo.rd_addr_reg[4]/C
  -------------------------------------------------------------------    -------------------
    SLICE_X13Y60         FDCE (Prop_fdce_C_Q)         0.141     1.785 r  ingressLoop[0].ingressFifo/buffer_fifo/infer_fifo.rd_addr_reg[4]/Q
                         net (fo=3, routed)           0.080     1.865    ingressLoop[0].ingressFifo/buffer_fifo/infer_fifo.rd_addr[4]
    SLICE_X12Y60         LUT6 (Prop_lut6_I4_O)        0.045     1.910 r  ingressLoop[0].ingressFifo/buffer_fifo/infer_fifo.empty_reg_reg2_carry_i_3/O
                         net (fo=1, routed)           0.000     1.910    ingressLoop[0].ingressFifo/buffer_fifo/infer_fifo.empty_reg_reg2_carry_i_3_n_0
    SLICE_X12Y60         CARRY4 (Prop_carry4_S[1]_CO[3])
                                                      0.152     2.062 r  ingressLoop[0].ingressFifo/buffer_fifo/infer_fifo.empty_reg_reg2_carry/CO[3]
                         net (fo=2, routed)           0.289     2.351    ingressLoop[0].ingressFifo/buffer_fifo/infer_fifo.empty_reg_reg2
    SLICE_X14Y61         LUT4 (Prop_lut4_I2_O)        0.045     2.396 r  ingressLoop[0].ingressFifo/buffer_fifo/infer_fifo.full_reg_i_1__3/O
                         net (fo=1, routed)           0.000     2.396    ingressLoop[0].ingressFifo/buffer_fifo/infer_fifo.full_reg_reg0
    SLICE_X14Y61         FDCE                                         r  ingressLoop[0].ingressFifo/buffer_fifo/infer_fifo.full_reg_reg/D
  -------------------------------------------------------------------    -------------------

                         (clock wbClk rise edge)      0.000     0.000 r  
    H16                                               0.000     0.000 r  wbClk (IN)
                         net (fo=0)                   0.000     0.000    wbClk
    H16                  IBUF (Prop_ibuf_I_O)         0.413     0.413 r  wbClk_IBUF_inst/O
                         net (fo=1, routed)           0.683     1.096    wbClk_IBUF
    BUFGCTRL_X0Y16       BUFG (Prop_bufg_I_O)         0.029     1.125 r  wbClk_IBUF_BUFG_inst/O
                         net (fo=704, routed)         0.826     1.951    ingressLoop[0].ingressFifo/buffer_fifo/rd_clk
    SLICE_X14Y61         FDCE                                         r  ingressLoop[0].ingressFifo/buffer_fifo/infer_fifo.full_reg_reg/C

Slack:                    inf
  Source:                 egressLoop[2].egressFifo/buffer_fifo/infer_fifo.wr_addr_reg[7]/C
                            (rising edge-triggered cell FDCE clocked by bftClk  {rise@0.000ns fall@2.500ns period=5.000ns})
  Destination:            egressLoop[2].egressFifo/buffer_fifo/infer_fifo.empty_reg_reg/D
                            (rising edge-triggered cell FDPE clocked by wbClk  {rise@0.000ns fall@5.000ns period=10.000ns})
  Path Group:             (none)
  Path Type:              Hold (Min at Fast Process Corner)
  Data Path Delay:        0.772ns  (logic 0.369ns (47.818%)  route 0.403ns (52.182%))
  Logic Levels:           3  (CARRY4=1 LUT4=1 LUT6=1)
  Clock Path Skew:        0.312ns (DCD - SCD - CPR)
    Destination Clock Delay (DCD):    1.946ns
    Source Clock Delay      (SCD):    1.634ns
    Clock Pessimism Removal (CPR):    -0.000ns
  Clock Uncertainty:      0.035ns  ((TSJ^2 + TIJ^2)^1/2 + DJ) / 2 + PE
    Total System Jitter     (TSJ):    0.071ns
    Total Input Jitter      (TIJ):    0.000ns
    Discrete Jitter          (DJ):    0.000ns
    Phase Error              (PE):    0.000ns
  Timing Exception:       False Path

    Location             Delay type                Incr(ns)  Path(ns)    Netlist Resource(s)
  -------------------------------------------------------------------    -------------------
                         (clock bftClk rise edge)     0.000     0.000 r  
    H15                                               0.000     0.000 r  bftClk (IN)
                         net (fo=0)                   0.000     0.000    bftClk
    H15                  IBUF (Prop_ibuf_I_O)         0.229     0.229 r  bftClk_IBUF_inst/O
                         net (fo=1, routed)           0.828     1.057    bftClk_IBUF
    BUFGCTRL_X0Y0        BUFG (Prop_bufg_I_O)         0.026     1.083 r  bftClk_IBUF_BUFG_inst/O
                         net (fo=730, routed)         0.552     1.634    egressLoop[2].egressFifo/buffer_fifo/clk
    SLICE_X24Y30         FDCE                                         r  egressLoop[2].egressFifo/buffer_fifo/infer_fifo.wr_addr_reg[7]/C
  -------------------------------------------------------------------    -------------------
    SLICE_X24Y30         FDCE (Prop_fdce_C_Q)         0.164     1.798 r  egressLoop[2].egressFifo/buffer_fifo/infer_fifo.wr_addr_reg[7]/Q
                         net (fo=3, routed)           0.106     1.905    egressLoop[2].egressFifo/buffer_fifo/infer_fifo.wr_addr[7]
    SLICE_X25Y30         LUT6 (Prop_lut6_I5_O)        0.045     1.950 r  egressLoop[2].egressFifo/buffer_fifo/infer_fifo.empty_reg_reg2_carry_i_2__9/O
                         net (fo=1, routed)           0.000     1.950    egressLoop[2].egressFifo/buffer_fifo/infer_fifo.empty_reg_reg2_carry_i_2__9_n_0
    SLICE_X25Y30         CARRY4 (Prop_carry4_S[2]_CO[3])
                                                      0.115     2.065 r  egressLoop[2].egressFifo/buffer_fifo/infer_fifo.empty_reg_reg2_carry/CO[3]
                         net (fo=2, routed)           0.296     2.361    egressLoop[2].egressFifo/buffer_fifo/infer_fifo.empty_reg_reg2
    SLICE_X24Y31         LUT4 (Prop_lut4_I2_O)        0.045     2.406 r  egressLoop[2].egressFifo/buffer_fifo/infer_fifo.empty_reg_i_1__9/O
                         net (fo=1, routed)           0.000     2.406    egressLoop[2].egressFifo/buffer_fifo/infer_fifo.empty_reg_reg0
    SLICE_X24Y31         FDPE                                         r  egressLoop[2].egressFifo/buffer_fifo/infer_fifo.empty_reg_reg/D
  -------------------------------------------------------------------    -------------------

                         (clock wbClk rise edge)      0.000     0.000 r  
    H16                                               0.000     0.000 r  wbClk (IN)
                         net (fo=0)                   0.000     0.000    wbClk
    H16                  IBUF (Prop_ibuf_I_O)         0.413     0.413 r  wbClk_IBUF_inst/O
                         net (fo=1, routed)           0.683     1.096    wbClk_IBUF
    BUFGCTRL_X0Y16       BUFG (Prop_bufg_I_O)         0.029     1.125 r  wbClk_IBUF_BUFG_inst/O
                         net (fo=704, routed)         0.821     1.946    egressLoop[2].egressFifo/buffer_fifo/rd_clk
    SLICE_X24Y31         FDPE                                         r  egressLoop[2].egressFifo/buffer_fifo/infer_fifo.empty_reg_reg/C

Slack:                    inf
  Source:                 egressLoop[1].egressFifo/buffer_fifo/infer_fifo.wr_addr_reg[0]/C
                            (rising edge-triggered cell FDCE clocked by bftClk  {rise@0.000ns fall@2.500ns period=5.000ns})
  Destination:            egressLoop[1].egressFifo/buffer_fifo/infer_fifo.empty_reg_reg/D
                            (rising edge-triggered cell FDPE clocked by wbClk  {rise@0.000ns fall@5.000ns period=10.000ns})
  Path Group:             (none)
  Path Type:              Hold (Min at Fast Process Corner)
  Data Path Delay:        0.776ns  (logic 0.376ns (48.470%)  route 0.400ns (51.530%))
  Logic Levels:           3  (CARRY4=1 LUT4=1 LUT6=1)
  Clock Path Skew:        0.310ns (DCD - SCD - CPR)
    Destination Clock Delay (DCD):    1.946ns
    Source Clock Delay      (SCD):    1.636ns
    Clock Pessimism Removal (CPR):    -0.000ns
  Clock Uncertainty:      0.035ns  ((TSJ^2 + TIJ^2)^1/2 + DJ) / 2 + PE
    Total System Jitter     (TSJ):    0.071ns
    Total Input Jitter      (TIJ):    0.000ns
    Discrete Jitter          (DJ):    0.000ns
    Phase Error              (PE):    0.000ns
  Timing Exception:       False Path

    Location             Delay type                Incr(ns)  Path(ns)    Netlist Resource(s)
  -------------------------------------------------------------------    -------------------
                         (clock bftClk rise edge)     0.000     0.000 r  
    H15                                               0.000     0.000 r  bftClk (IN)
                         net (fo=0)                   0.000     0.000    bftClk
    H15                  IBUF (Prop_ibuf_I_O)         0.229     0.229 r  bftClk_IBUF_inst/O
                         net (fo=1, routed)           0.828     1.057    bftClk_IBUF
    BUFGCTRL_X0Y0        BUFG (Prop_bufg_I_O)         0.026     1.083 r  bftClk_IBUF_BUFG_inst/O
                         net (fo=730, routed)         0.554     1.636    egressLoop[1].egressFifo/buffer_fifo/clk
    SLICE_X7Y26          FDCE                                         r  egressLoop[1].egressFifo/buffer_fifo/infer_fifo.wr_addr_reg[0]/C
  -------------------------------------------------------------------    -------------------
    SLICE_X7Y26          FDCE (Prop_fdce_C_Q)         0.141     1.777 r  egressLoop[1].egressFifo/buffer_fifo/infer_fifo.wr_addr_reg[0]/Q
                         net (fo=3, routed)           0.099     1.877    egressLoop[1].egressFifo/buffer_fifo/infer_fifo.wr_addr[0]
    SLICE_X6Y26          LUT6 (Prop_lut6_I0_O)        0.045     1.922 r  egressLoop[1].egressFifo/buffer_fifo/infer_fifo.empty_reg_reg2_carry_i_4__8/O
                         net (fo=1, routed)           0.000     1.922    egressLoop[1].egressFifo/buffer_fifo/infer_fifo.empty_reg_reg2_carry_i_4__8_n_0
    SLICE_X6Y26          CARRY4 (Prop_carry4_S[0]_CO[3])
                                                      0.145     2.067 r  egressLoop[1].egressFifo/buffer_fifo/infer_fifo.empty_reg_reg2_carry/CO[3]
                         net (fo=2, routed)           0.300     2.367    egressLoop[1].egressFifo/buffer_fifo/infer_fifo.empty_reg_reg2
    SLICE_X11Y26         LUT4 (Prop_lut4_I2_O)        0.045     2.412 r  egressLoop[1].egressFifo/buffer_fifo/infer_fifo.empty_reg_i_1__8/O
                         net (fo=1, routed)           0.000     2.412    egressLoop[1].egressFifo/buffer_fifo/infer_fifo.empty_reg_reg0
    SLICE_X11Y26         FDPE                                         r  egressLoop[1].egressFifo/buffer_fifo/infer_fifo.empty_reg_reg/D
  -------------------------------------------------------------------    -------------------

                         (clock wbClk rise edge)      0.000     0.000 r  
    H16                                               0.000     0.000 r  wbClk (IN)
                         net (fo=0)                   0.000     0.000    wbClk
    H16                  IBUF (Prop_ibuf_I_O)         0.413     0.413 r  wbClk_IBUF_inst/O
                         net (fo=1, routed)           0.683     1.096    wbClk_IBUF
    BUFGCTRL_X0Y16       BUFG (Prop_bufg_I_O)         0.029     1.125 r  wbClk_IBUF_BUFG_inst/O
                         net (fo=704, routed)         0.821     1.946    egressLoop[1].egressFifo/buffer_fifo/rd_clk
    SLICE_X11Y26         FDPE                                         r  egressLoop[1].egressFifo/buffer_fifo/infer_fifo.empty_reg_reg/C

Slack:                    inf
  Source:                 ingressLoop[6].ingressFifo/buffer_fifo/infer_fifo.rd_addr_reg[8]/C
                            (rising edge-triggered cell FDCE clocked by bftClk  {rise@0.000ns fall@2.500ns period=5.000ns})
  Destination:            ingressLoop[6].ingressFifo/buffer_fifo/infer_fifo.full_reg_reg/D
                            (rising edge-triggered cell FDCE clocked by wbClk  {rise@0.000ns fall@5.000ns period=10.000ns})
  Path Group:             (none)
  Path Type:              Hold (Min at Fast Process Corner)
  Data Path Delay:        0.781ns  (logic 0.346ns (44.323%)  route 0.435ns (55.677%))
  Logic Levels:           3  (CARRY4=1 LUT4=1 LUT6=1)
  Clock Path Skew:        0.314ns (DCD - SCD - CPR)
    Destination Clock Delay (DCD):    1.959ns
    Source Clock Delay      (SCD):    1.644ns
    Clock Pessimism Removal (CPR):    -0.000ns
  Clock Uncertainty:      0.035ns  ((TSJ^2 + TIJ^2)^1/2 + DJ) / 2 + PE
    Total System Jitter     (TSJ):    0.071ns
    Total Input Jitter      (TIJ):    0.000ns
    Discrete Jitter          (DJ):    0.000ns
    Phase Error              (PE):    0.000ns
  Timing Exception:       False Path

    Location             Delay type                Incr(ns)  Path(ns)    Netlist Resource(s)
  -------------------------------------------------------------------    -------------------
                         (clock bftClk rise edge)     0.000     0.000 r  
    H15                                               0.000     0.000 r  bftClk (IN)
                         net (fo=0)                   0.000     0.000    bftClk
    H15                  IBUF (Prop_ibuf_I_O)         0.229     0.229 r  bftClk_IBUF_inst/O
                         net (fo=1, routed)           0.828     1.057    bftClk_IBUF
    BUFGCTRL_X0Y0        BUFG (Prop_bufg_I_O)         0.026     1.083 r  bftClk_IBUF_BUFG_inst/O
                         net (fo=730, routed)         0.562     1.644    ingressLoop[6].ingressFifo/buffer_fifo/clk
    SLICE_X26Y51         FDCE                                         r  ingressLoop[6].ingressFifo/buffer_fifo/infer_fifo.rd_addr_reg[8]/C
  -------------------------------------------------------------------    -------------------
    SLICE_X26Y51         FDCE (Prop_fdce_C_Q)         0.141     1.785 r  ingressLoop[6].ingressFifo/buffer_fifo/infer_fifo.rd_addr_reg[8]/Q
                         net (fo=3, routed)           0.188     1.974    ingressLoop[6].ingressFifo/buffer_fifo/infer_fifo.rd_addr[8]
    SLICE_X26Y51         LUT6 (Prop_lut6_I2_O)        0.045     2.019 r  ingressLoop[6].ingressFifo/buffer_fifo/infer_fifo.empty_reg_reg2_carry_i_2__5/O
                         net (fo=1, routed)           0.000     2.019    ingressLoop[6].ingressFifo/buffer_fifo/infer_fifo.empty_reg_reg2_carry_i_2__5_n_0
    SLICE_X26Y51         CARRY4 (Prop_carry4_S[2]_CO[3])
                                                      0.115     2.134 r  ingressLoop[6].ingressFifo/buffer_fifo/infer_fifo.empty_reg_reg2_carry/CO[3]
                         net (fo=2, routed)           0.247     2.380    ingressLoop[6].ingressFifo/buffer_fifo/infer_fifo.empty_reg_reg2
    SLICE_X26Y49         LUT4 (Prop_lut4_I2_O)        0.045     2.425 r  ingressLoop[6].ingressFifo/buffer_fifo/infer_fifo.full_reg_i_1__6/O
                         net (fo=1, routed)           0.000     2.425    ingressLoop[6].ingressFifo/buffer_fifo/infer_fifo.full_reg_reg0
    SLICE_X26Y49         FDCE                                         r  ingressLoop[6].ingressFifo/buffer_fifo/infer_fifo.full_reg_reg/D
  -------------------------------------------------------------------    -------------------

                         (clock wbClk rise edge)      0.000     0.000 r  
    H16                                               0.000     0.000 r  wbClk (IN)
                         net (fo=0)                   0.000     0.000    wbClk
    H16                  IBUF (Prop_ibuf_I_O)         0.413     0.413 r  wbClk_IBUF_inst/O
                         net (fo=1, routed)           0.683     1.096    wbClk_IBUF
    BUFGCTRL_X0Y16       BUFG (Prop_bufg_I_O)         0.029     1.125 r  wbClk_IBUF_BUFG_inst/O
                         net (fo=704, routed)         0.834     1.959    ingressLoop[6].ingressFifo/buffer_fifo/rd_clk
    SLICE_X26Y49         FDCE                                         r  ingressLoop[6].ingressFifo/buffer_fifo/infer_fifo.full_reg_reg/C

Slack:                    inf
  Source:                 ingressLoop[4].ingressFifo/buffer_fifo/infer_fifo.rd_addr_reg[8]/C
                            (rising edge-triggered cell FDCE clocked by bftClk  {rise@0.000ns fall@2.500ns period=5.000ns})
  Destination:            ingressLoop[4].ingressFifo/buffer_fifo/infer_fifo.full_reg_reg/D
                            (rising edge-triggered cell FDCE clocked by wbClk  {rise@0.000ns fall@5.000ns period=10.000ns})
  Path Group:             (none)
  Path Type:              Hold (Min at Fast Process Corner)
  Data Path Delay:        0.861ns  (logic 0.386ns (44.819%)  route 0.475ns (55.181%))
  Logic Levels:           3  (CARRY4=1 LUT4=1 LUT6=1)
  Clock Path Skew:        0.315ns (DCD - SCD - CPR)
    Destination Clock Delay (DCD):    1.956ns
    Source Clock Delay      (SCD):    1.641ns
    Clock Pessimism Removal (CPR):    -0.000ns
  Clock Uncertainty:      0.035ns  ((TSJ^2 + TIJ^2)^1/2 + DJ) / 2 + PE
    Total System Jitter     (TSJ):    0.071ns
    Total Input Jitter      (TIJ):    0.000ns
    Discrete Jitter          (DJ):    0.000ns
    Phase Error              (PE):    0.000ns
  Timing Exception:       False Path

    Location             Delay type                Incr(ns)  Path(ns)    Netlist Resource(s)
  -------------------------------------------------------------------    -------------------
                         (clock bftClk rise edge)     0.000     0.000 r  
    H15                                               0.000     0.000 r  bftClk (IN)
                         net (fo=0)                   0.000     0.000    bftClk
    H15                  IBUF (Prop_ibuf_I_O)         0.229     0.229 r  bftClk_IBUF_inst/O
                         net (fo=1, routed)           0.828     1.057    bftClk_IBUF
    BUFGCTRL_X0Y0        BUFG (Prop_bufg_I_O)         0.026     1.083 r  bftClk_IBUF_BUFG_inst/O
                         net (fo=730, routed)         0.559     1.641    ingressLoop[4].ingressFifo/buffer_fifo/clk
    SLICE_X27Y34         FDCE                                         r  ingressLoop[4].ingressFifo/buffer_fifo/infer_fifo.rd_addr_reg[8]/C
  -------------------------------------------------------------------    -------------------
    SLICE_X27Y34         FDCE (Prop_fdce_C_Q)         0.128     1.769 r  ingressLoop[4].ingressFifo/buffer_fifo/infer_fifo.rd_addr_reg[8]/Q
                         net (fo=3, routed)           0.143     1.913    ingressLoop[4].ingressFifo/buffer_fifo/infer_fifo.rd_addr[8]
    SLICE_X26Y35         LUT6 (Prop_lut6_I2_O)        0.098     2.011 r  ingressLoop[4].ingressFifo/buffer_fifo/infer_fifo.empty_reg_reg2_carry_i_2__3/O
                         net (fo=1, routed)           0.000     2.011    ingressLoop[4].ingressFifo/buffer_fifo/infer_fifo.empty_reg_reg2_carry_i_2__3_n_0
    SLICE_X26Y35         CARRY4 (Prop_carry4_S[2]_CO[3])
                                                      0.115     2.126 r  ingressLoop[4].ingressFifo/buffer_fifo/infer_fifo.empty_reg_reg2_carry/CO[3]
                         net (fo=2, routed)           0.332     2.458    ingressLoop[4].ingressFifo/buffer_fifo/infer_fifo.empty_reg_reg2
    SLICE_X26Y38         LUT4 (Prop_lut4_I2_O)        0.045     2.503 r  ingressLoop[4].ingressFifo/buffer_fifo/infer_fifo.full_reg_i_1__5/O
                         net (fo=1, routed)           0.000     2.503    ingressLoop[4].ingressFifo/buffer_fifo/infer_fifo.full_reg_reg0
    SLICE_X26Y38         FDCE                                         r  ingressLoop[4].ingressFifo/buffer_fifo/infer_fifo.full_reg_reg/D
  -------------------------------------------------------------------    -------------------

                         (clock wbClk rise edge)      0.000     0.000 r  
    H16                                               0.000     0.000 r  wbClk (IN)
                         net (fo=0)                   0.000     0.000    wbClk
    H16                  IBUF (Prop_ibuf_I_O)         0.413     0.413 r  wbClk_IBUF_inst/O
                         net (fo=1, routed)           0.683     1.096    wbClk_IBUF
    BUFGCTRL_X0Y16       BUFG (Prop_bufg_I_O)         0.029     1.125 r  wbClk_IBUF_BUFG_inst/O
                         net (fo=704, routed)         0.831     1.956    ingressLoop[4].ingressFifo/buffer_fifo/rd_clk
    SLICE_X26Y38         FDCE                                         r  ingressLoop[4].ingressFifo/buffer_fifo/infer_fifo.full_reg_reg/C

Slack:                    inf
  Source:                 egressLoop[6].egressFifo/buffer_fifo/infer_fifo.wr_addr_reg[3]/C
                            (rising edge-triggered cell FDCE clocked by bftClk  {rise@0.000ns fall@2.500ns period=5.000ns})
  Destination:            egressLoop[6].egressFifo/buffer_fifo/infer_fifo.empty_reg_reg/D
                            (rising edge-triggered cell FDPE clocked by wbClk  {rise@0.000ns fall@5.000ns period=10.000ns})
  Path Group:             (none)
  Path Type:              Hold (Min at Fast Process Corner)
  Data Path Delay:        0.877ns  (logic 0.409ns (46.658%)  route 0.468ns (53.342%))
  Logic Levels:           3  (CARRY4=1 LUT4=1 LUT6=1)
  Clock Path Skew:        0.311ns (DCD - SCD - CPR)
    Destination Clock Delay (DCD):    1.945ns
    Source Clock Delay      (SCD):    1.634ns
    Clock Pessimism Removal (CPR):    -0.000ns
  Clock Uncertainty:      0.035ns  ((TSJ^2 + TIJ^2)^1/2 + DJ) / 2 + PE
    Total System Jitter     (TSJ):    0.071ns
    Total Input Jitter      (TIJ):    0.000ns
    Discrete Jitter          (DJ):    0.000ns
    Phase Error              (PE):    0.000ns
  Timing Exception:       False Path

    Location             Delay type                Incr(ns)  Path(ns)    Netlist Resource(s)
  -------------------------------------------------------------------    -------------------
                         (clock bftClk rise edge)     0.000     0.000 r  
    H15                                               0.000     0.000 r  bftClk (IN)
                         net (fo=0)                   0.000     0.000    bftClk
    H15                  IBUF (Prop_ibuf_I_O)         0.229     0.229 r  bftClk_IBUF_inst/O
                         net (fo=1, routed)           0.828     1.057    bftClk_IBUF
    BUFGCTRL_X0Y0        BUFG (Prop_bufg_I_O)         0.026     1.083 r  bftClk_IBUF_BUFG_inst/O
                         net (fo=730, routed)         0.552     1.634    egressLoop[6].egressFifo/buffer_fifo/clk
    SLICE_X20Y19         FDCE                                         r  egressLoop[6].egressFifo/buffer_fifo/infer_fifo.wr_addr_reg[3]/C
  -------------------------------------------------------------------    -------------------
    SLICE_X20Y19         FDCE (Prop_fdce_C_Q)         0.164     1.798 r  egressLoop[6].egressFifo/buffer_fifo/infer_fifo.wr_addr_reg[3]/Q
                         net (fo=3, routed)           0.062     1.861    egressLoop[6].egressFifo/buffer_fifo/infer_fifo.wr_addr[3]
    SLICE_X21Y19         LUT6 (Prop_lut6_I0_O)        0.045     1.906 r  egressLoop[6].egressFifo/buffer_fifo/infer_fifo.empty_reg_reg2_carry_i_3__13/O
                         net (fo=1, routed)           0.000     1.906    egressLoop[6].egressFifo/buffer_fifo/infer_fifo.empty_reg_reg2_carry_i_3__13_n_0
    SLICE_X21Y19         CARRY4 (Prop_carry4_S[1]_CO[3])
                                                      0.155     2.061 r  egressLoop[6].egressFifo/buffer_fifo/infer_fifo.empty_reg_reg2_carry/CO[3]
                         net (fo=2, routed)           0.405     2.466    egressLoop[6].egressFifo/buffer_fifo/infer_fifo.empty_reg_reg2
    SLICE_X22Y19         LUT4 (Prop_lut4_I2_O)        0.045     2.511 r  egressLoop[6].egressFifo/buffer_fifo/infer_fifo.empty_reg_i_1__13/O
                         net (fo=1, routed)           0.000     2.511    egressLoop[6].egressFifo/buffer_fifo/infer_fifo.empty_reg_reg0
    SLICE_X22Y19         FDPE                                         r  egressLoop[6].egressFifo/buffer_fifo/infer_fifo.empty_reg_reg/D
  -------------------------------------------------------------------    -------------------

                         (clock wbClk rise edge)      0.000     0.000 r  
    H16                                               0.000     0.000 r  wbClk (IN)
                         net (fo=0)                   0.000     0.000    wbClk
    H16                  IBUF (Prop_ibuf_I_O)         0.413     0.413 r  wbClk_IBUF_inst/O
                         net (fo=1, routed)           0.683     1.096    wbClk_IBUF
    BUFGCTRL_X0Y16       BUFG (Prop_bufg_I_O)         0.029     1.125 r  wbClk_IBUF_BUFG_inst/O
                         net (fo=704, routed)         0.820     1.945    egressLoop[6].egressFifo/buffer_fifo/rd_clk
    SLICE_X22Y19         FDPE                                         r  egressLoop[6].egressFifo/buffer_fifo/infer_fifo.empty_reg_reg/C

Slack:                    inf
  Source:                 ingressLoop[7].ingressFifo/buffer_fifo/infer_fifo.rd_addr_reg[9]/C
                            (rising edge-triggered cell FDCE clocked by bftClk  {rise@0.000ns fall@2.500ns period=5.000ns})
  Destination:            ingressLoop[7].ingressFifo/buffer_fifo/infer_fifo.full_reg_reg/D
                            (rising edge-triggered cell FDCE clocked by wbClk  {rise@0.000ns fall@5.000ns period=10.000ns})
  Path Group:             (none)
  Path Type:              Hold (Min at Fast Process Corner)
  Data Path Delay:        0.874ns  (logic 0.369ns (42.206%)  route 0.505ns (57.794%))
  Logic Levels:           3  (CARRY4=1 LUT2=1 LUT4=1)
  Clock Path Skew:        0.308ns (DCD - SCD - CPR)
    Destination Clock Delay (DCD):    1.951ns
    Source Clock Delay      (SCD):    1.642ns
    Clock Pessimism Removal (CPR):    -0.000ns
  Clock Uncertainty:      0.035ns  ((TSJ^2 + TIJ^2)^1/2 + DJ) / 2 + PE
    Total System Jitter     (TSJ):    0.071ns
    Total Input Jitter      (TIJ):    0.000ns
    Discrete Jitter          (DJ):    0.000ns
    Phase Error              (PE):    0.000ns
  Timing Exception:       False Path

    Location             Delay type                Incr(ns)  Path(ns)    Netlist Resource(s)
  -------------------------------------------------------------------    -------------------
                         (clock bftClk rise edge)     0.000     0.000 r  
    H15                                               0.000     0.000 r  bftClk (IN)
                         net (fo=0)                   0.000     0.000    bftClk
    H15                  IBUF (Prop_ibuf_I_O)         0.229     0.229 r  bftClk_IBUF_inst/O
                         net (fo=1, routed)           0.828     1.057    bftClk_IBUF
    BUFGCTRL_X0Y0        BUFG (Prop_bufg_I_O)         0.026     1.083 r  bftClk_IBUF_BUFG_inst/O
                         net (fo=730, routed)         0.560     1.642    ingressLoop[7].ingressFifo/buffer_fifo/clk
    SLICE_X30Y59         FDCE                                         r  ingressLoop[7].ingressFifo/buffer_fifo/infer_fifo.rd_addr_reg[9]/C
  -------------------------------------------------------------------    -------------------
    SLICE_X30Y59         FDCE (Prop_fdce_C_Q)         0.164     1.806 r  ingressLoop[7].ingressFifo/buffer_fifo/infer_fifo.rd_addr_reg[9]/Q
                         net (fo=3, routed)           0.178     1.985    ingressLoop[7].ingressFifo/buffer_fifo/infer_fifo.rd_addr[9]
    SLICE_X26Y59         LUT2 (Prop_lut2_I0_O)        0.045     2.030 r  ingressLoop[7].ingressFifo/buffer_fifo/infer_fifo.empty_reg_reg2_carry_i_1__7/O
                         net (fo=1, routed)           0.000     2.030    ingressLoop[7].ingressFifo/buffer_fifo/infer_fifo.empty_reg_reg2_carry_i_1__7_n_0
    SLICE_X26Y59         CARRY4 (Prop_carry4_S[3]_CO[3])
                                                      0.115     2.145 r  ingressLoop[7].ingressFifo/buffer_fifo/infer_fifo.empty_reg_reg2_carry/CO[3]
                         net (fo=2, routed)           0.327     2.472    ingressLoop[7].ingressFifo/buffer_fifo/infer_fifo.empty_reg_reg2
    SLICE_X26Y61         LUT4 (Prop_lut4_I2_O)        0.045     2.517 r  ingressLoop[7].ingressFifo/buffer_fifo/infer_fifo.full_reg_i_1__2/O
                         net (fo=1, routed)           0.000     2.517    ingressLoop[7].ingressFifo/buffer_fifo/infer_fifo.full_reg_reg0
    SLICE_X26Y61         FDCE                                         r  ingressLoop[7].ingressFifo/buffer_fifo/infer_fifo.full_reg_reg/D
  -------------------------------------------------------------------    -------------------

                         (clock wbClk rise edge)      0.000     0.000 r  
    H16                                               0.000     0.000 r  wbClk (IN)
                         net (fo=0)                   0.000     0.000    wbClk
    H16                  IBUF (Prop_ibuf_I_O)         0.413     0.413 r  wbClk_IBUF_inst/O
                         net (fo=1, routed)           0.683     1.096    wbClk_IBUF
    BUFGCTRL_X0Y16       BUFG (Prop_bufg_I_O)         0.029     1.125 r  wbClk_IBUF_BUFG_inst/O
                         net (fo=704, routed)         0.826     1.951    ingressLoop[7].ingressFifo/buffer_fifo/rd_clk
    SLICE_X26Y61         FDCE                                         r  ingressLoop[7].ingressFifo/buffer_fifo/infer_fifo.full_reg_reg/C





--------------------------------------------------------------------------------------
Path Group:  (none)
From Clock:  wbClk
  To Clock:  

Max Delay            34 Endpoints
Min Delay            34 Endpoints
--------------------------------------------------------------------------------------


Max Delay Paths
--------------------------------------------------------------------------------------
Slack:                    inf
  Source:                 error_reg/C
                            (rising edge-triggered cell FDRE clocked by wbClk  {rise@0.000ns fall@5.000ns period=10.000ns})
  Destination:            error
                            (output port)
  Path Group:             (none)
  Path Type:              Max at Slow Process Corner
  Data Path Delay:        8.767ns  (logic 4.032ns (45.994%)  route 4.734ns (54.006%))
  Logic Levels:           1  (OBUF=1)
  Clock Uncertainty:      0.025ns  ((TSJ^2 + TIJ^2)^1/2 + DJ) / 2 + PE
    Total System Jitter     (TSJ):    0.050ns
    Total Input Jitter      (TIJ):    0.000ns
    Discrete Jitter          (DJ):    0.000ns
    Phase Error              (PE):    0.000ns

    Location             Delay type                Incr(ns)  Path(ns)    Netlist Resource(s)
  -------------------------------------------------------------------    -------------------
                         (clock wbClk rise edge)      0.000     0.000 r  
    H16                                               0.000     0.000 r  wbClk (IN)
                         net (fo=0)                   0.000     0.000    wbClk
    H16                  IBUF (Prop_ibuf_I_O)         1.457     1.457 r  wbClk_IBUF_inst/O
                         net (fo=1, routed)           2.076     3.533    wbClk_IBUF
    BUFGCTRL_X0Y16       BUFG (Prop_bufg_I_O)         0.101     3.634 r  wbClk_IBUF_BUFG_inst/O
                         net (fo=704, routed)         1.671     5.305    wbClk_IBUF_BUFG
    SLICE_X12Y29         FDRE                                         r  error_reg/C
  -------------------------------------------------------------------    -------------------
    SLICE_X12Y29         FDRE (Prop_fdre_C_Q)         0.518     5.823 r  error_reg/Q
                         net (fo=1, routed)           4.734    10.558    error_OBUF
    F16                  OBUF (Prop_obuf_I_O)         3.514    14.072 r  error_OBUF_inst/O
                         net (fo=0)                   0.000    14.072    error
    F16                                                               r  error (OUT)
  -------------------------------------------------------------------    -------------------

Slack:                    inf
  Source:                 wbDataForOutput_reg/C
                            (rising edge-triggered cell FDRE clocked by wbClk  {rise@0.000ns fall@5.000ns period=10.000ns})
  Destination:            wbDataForOutput
                            (output port)
  Path Group:             (none)
  Path Type:              Max at Slow Process Corner
  Data Path Delay:        8.200ns  (logic 4.057ns (49.473%)  route 4.143ns (50.527%))
  Logic Levels:           1  (OBUF=1)
  Clock Uncertainty:      0.025ns  ((TSJ^2 + TIJ^2)^1/2 + DJ) / 2 + PE
    Total System Jitter     (TSJ):    0.050ns
    Total Input Jitter      (TIJ):    0.000ns
    Discrete Jitter          (DJ):    0.000ns
    Phase Error              (PE):    0.000ns

    Location             Delay type                Incr(ns)  Path(ns)    Netlist Resource(s)
  -------------------------------------------------------------------    -------------------
                         (clock wbClk rise edge)      0.000     0.000 r  
    H16                                               0.000     0.000 r  wbClk (IN)
                         net (fo=0)                   0.000     0.000    wbClk
    H16                  IBUF (Prop_ibuf_I_O)         1.457     1.457 r  wbClk_IBUF_inst/O
                         net (fo=1, routed)           2.076     3.533    wbClk_IBUF
    BUFGCTRL_X0Y16       BUFG (Prop_bufg_I_O)         0.101     3.634 r  wbClk_IBUF_BUFG_inst/O
                         net (fo=704, routed)         1.654     5.288    wbClk_IBUF_BUFG
    SLICE_X22Y26         FDRE                                         r  wbDataForOutput_reg/C
  -------------------------------------------------------------------    -------------------
    SLICE_X22Y26         FDRE (Prop_fdre_C_Q)         0.456     5.744 r  wbDataForOutput_reg/Q
                         net (fo=1, routed)           4.143     9.887    wbDataForOutput_OBUF
    M19                  OBUF (Prop_obuf_I_O)         3.601    13.488 r  wbDataForOutput_OBUF_inst/O
                         net (fo=0)                   0.000    13.488    wbDataForOutput
    M19                                                               r  wbDataForOutput (OUT)
  -------------------------------------------------------------------    -------------------

Slack:                    inf
  Source:                 wbOutputData_reg[0]/C
                            (rising edge-triggered cell FDRE clocked by wbClk  {rise@0.000ns fall@5.000ns period=10.000ns})
  Destination:            wbOutputData[0]
                            (output port)
  Path Group:             (none)
  Path Type:              Max at Slow Process Corner
  Data Path Delay:        7.177ns  (logic 4.115ns (57.329%)  route 3.063ns (42.671%))
  Logic Levels:           1  (OBUF=1)
  Clock Uncertainty:      0.025ns  ((TSJ^2 + TIJ^2)^1/2 + DJ) / 2 + PE
    Total System Jitter     (TSJ):    0.050ns
    Total Input Jitter      (TIJ):    0.000ns
    Discrete Jitter          (DJ):    0.000ns
    Phase Error              (PE):    0.000ns

    Location             Delay type                Incr(ns)  Path(ns)    Netlist Resource(s)
  -------------------------------------------------------------------    -------------------
                         (clock wbClk rise edge)      0.000     0.000 r  
    H16                                               0.000     0.000 r  wbClk (IN)
                         net (fo=0)                   0.000     0.000    wbClk
    H16                  IBUF (Prop_ibuf_I_O)         1.457     1.457 r  wbClk_IBUF_inst/O
                         net (fo=1, routed)           2.076     3.533    wbClk_IBUF
    BUFGCTRL_X0Y16       BUFG (Prop_bufg_I_O)         0.101     3.634 r  wbClk_IBUF_BUFG_inst/O
                         net (fo=704, routed)         1.659     5.293    wbClk_IBUF_BUFG
    SLICE_X24Y20         FDRE                                         r  wbOutputData_reg[0]/C
  -------------------------------------------------------------------    -------------------
    SLICE_X24Y20         FDRE (Prop_fdre_C_Q)         0.518     5.811 r  wbOutputData_reg[0]/Q
                         net (fo=1, routed)           3.063     8.874    wbOutputData_OBUF[0]
    T12                  OBUF (Prop_obuf_I_O)         3.597    12.470 r  wbOutputData_OBUF[0]_inst/O
                         net (fo=0)                   0.000    12.470    wbOutputData[0]
    T12                                                               r  wbOutputData[0] (OUT)
  -------------------------------------------------------------------    -------------------

Slack:                    inf
  Source:                 wbOutputData_reg[4]/C
                            (rising edge-triggered cell FDRE clocked by wbClk  {rise@0.000ns fall@5.000ns period=10.000ns})
  Destination:            wbOutputData[4]
                            (output port)
  Path Group:             (none)
  Path Type:              Max at Slow Process Corner
  Data Path Delay:        7.085ns  (logic 4.043ns (57.072%)  route 3.041ns (42.928%))
  Logic Levels:           1  (OBUF=1)
  Clock Uncertainty:      0.025ns  ((TSJ^2 + TIJ^2)^1/2 + DJ) / 2 + PE
    Total System Jitter     (TSJ):    0.050ns
    Total Input Jitter      (TIJ):    0.000ns
    Discrete Jitter          (DJ):    0.000ns
    Phase Error              (PE):    0.000ns

    Location             Delay type                Incr(ns)  Path(ns)    Netlist Resource(s)
  -------------------------------------------------------------------    -------------------
                         (clock wbClk rise edge)      0.000     0.000 r  
    H16                                               0.000     0.000 r  wbClk (IN)
                         net (fo=0)                   0.000     0.000    wbClk
    H16                  IBUF (Prop_ibuf_I_O)         1.457     1.457 r  wbClk_IBUF_inst/O
                         net (fo=1, routed)           2.076     3.533    wbClk_IBUF
    BUFGCTRL_X0Y16       BUFG (Prop_bufg_I_O)         0.101     3.634 r  wbClk_IBUF_BUFG_inst/O
                         net (fo=704, routed)         1.659     5.293    wbClk_IBUF_BUFG
    SLICE_X25Y20         FDRE                                         r  wbOutputData_reg[4]/C
  -------------------------------------------------------------------    -------------------
    SLICE_X25Y20         FDRE (Prop_fdre_C_Q)         0.456     5.749 r  wbOutputData_reg[4]/Q
                         net (fo=1, routed)           3.041     8.791    wbOutputData_OBUF[4]
    V12                  OBUF (Prop_obuf_I_O)         3.587    12.378 r  wbOutputData_OBUF[4]_inst/O
                         net (fo=0)                   0.000    12.378    wbOutputData[4]
    V12                                                               r  wbOutputData[4] (OUT)
  -------------------------------------------------------------------    -------------------

Slack:                    inf
  Source:                 wbOutputData_reg[2]/C
                            (rising edge-triggered cell FDRE clocked by wbClk  {rise@0.000ns fall@5.000ns period=10.000ns})
  Destination:            wbOutputData[2]
                            (output port)
  Path Group:             (none)
  Path Type:              Max at Slow Process Corner
  Data Path Delay:        7.074ns  (logic 4.030ns (56.978%)  route 3.043ns (43.022%))
  Logic Levels:           1  (OBUF=1)
  Clock Uncertainty:      0.025ns  ((TSJ^2 + TIJ^2)^1/2 + DJ) / 2 + PE
    Total System Jitter     (TSJ):    0.050ns
    Total Input Jitter      (TIJ):    0.000ns
    Discrete Jitter          (DJ):    0.000ns
    Phase Error              (PE):    0.000ns

    Location             Delay type                Incr(ns)  Path(ns)    Netlist Resource(s)
  -------------------------------------------------------------------    -------------------
                         (clock wbClk rise edge)      0.000     0.000 r  
    H16                                               0.000     0.000 r  wbClk (IN)
                         net (fo=0)                   0.000     0.000    wbClk
    H16                  IBUF (Prop_ibuf_I_O)         1.457     1.457 r  wbClk_IBUF_inst/O
                         net (fo=1, routed)           2.076     3.533    wbClk_IBUF
    BUFGCTRL_X0Y16       BUFG (Prop_bufg_I_O)         0.101     3.634 r  wbClk_IBUF_BUFG_inst/O
                         net (fo=704, routed)         1.659     5.293    wbClk_IBUF_BUFG
    SLICE_X25Y20         FDRE                                         r  wbOutputData_reg[2]/C
  -------------------------------------------------------------------    -------------------
    SLICE_X25Y20         FDRE (Prop_fdre_C_Q)         0.456     5.749 r  wbOutputData_reg[2]/Q
                         net (fo=1, routed)           3.043     8.793    wbOutputData_OBUF[2]
    U13                  OBUF (Prop_obuf_I_O)         3.574    12.367 r  wbOutputData_OBUF[2]_inst/O
                         net (fo=0)                   0.000    12.367    wbOutputData[2]
    U13                                                               r  wbOutputData[2] (OUT)
  -------------------------------------------------------------------    -------------------

Slack:                    inf
  Source:                 wbOutputData_reg[10]/C
                            (rising edge-triggered cell FDRE clocked by wbClk  {rise@0.000ns fall@5.000ns period=10.000ns})
  Destination:            wbOutputData[10]
                            (output port)
  Path Group:             (none)
  Path Type:              Max at Slow Process Corner
  Data Path Delay:        7.060ns  (logic 4.078ns (57.760%)  route 2.982ns (42.240%))
  Logic Levels:           1  (OBUF=1)
  Clock Uncertainty:      0.025ns  ((TSJ^2 + TIJ^2)^1/2 + DJ) / 2 + PE
    Total System Jitter     (TSJ):    0.050ns
    Total Input Jitter      (TIJ):    0.000ns
    Discrete Jitter          (DJ):    0.000ns
    Phase Error              (PE):    0.000ns

    Location             Delay type                Incr(ns)  Path(ns)    Netlist Resource(s)
  -------------------------------------------------------------------    -------------------
                         (clock wbClk rise edge)      0.000     0.000 r  
    H16                                               0.000     0.000 r  wbClk (IN)
                         net (fo=0)                   0.000     0.000    wbClk
    H16                  IBUF (Prop_ibuf_I_O)         1.457     1.457 r  wbClk_IBUF_inst/O
                         net (fo=1, routed)           2.076     3.533    wbClk_IBUF
    BUFGCTRL_X0Y16       BUFG (Prop_bufg_I_O)         0.101     3.634 r  wbClk_IBUF_BUFG_inst/O
                         net (fo=704, routed)         1.658     5.292    wbClk_IBUF_BUFG
    SLICE_X25Y21         FDRE                                         r  wbOutputData_reg[10]/C
  -------------------------------------------------------------------    -------------------
    SLICE_X25Y21         FDRE (Prop_fdre_C_Q)         0.456     5.748 r  wbOutputData_reg[10]/Q
                         net (fo=1, routed)           2.982     8.730    wbOutputData_OBUF[10]
    Y16                  OBUF (Prop_obuf_I_O)         3.622    12.352 r  wbOutputData_OBUF[10]_inst/O
                         net (fo=0)                   0.000    12.352    wbOutputData[10]
    Y16                                                               r  wbOutputData[10] (OUT)
  -------------------------------------------------------------------    -------------------

Slack:                    inf
  Source:                 wbOutputData_reg[6]/C
                            (rising edge-triggered cell FDRE clocked by wbClk  {rise@0.000ns fall@5.000ns period=10.000ns})
  Destination:            wbOutputData[6]
                            (output port)
  Path Group:             (none)
  Path Type:              Max at Slow Process Corner
  Data Path Delay:        7.031ns  (logic 4.019ns (57.164%)  route 3.012ns (42.836%))
  Logic Levels:           1  (OBUF=1)
  Clock Uncertainty:      0.025ns  ((TSJ^2 + TIJ^2)^1/2 + DJ) / 2 + PE
    Total System Jitter     (TSJ):    0.050ns
    Total Input Jitter      (TIJ):    0.000ns
    Discrete Jitter          (DJ):    0.000ns
    Phase Error              (PE):    0.000ns

    Location             Delay type                Incr(ns)  Path(ns)    Netlist Resource(s)
  -------------------------------------------------------------------    -------------------
                         (clock wbClk rise edge)      0.000     0.000 r  
    H16                                               0.000     0.000 r  wbClk (IN)
                         net (fo=0)                   0.000     0.000    wbClk
    H16                  IBUF (Prop_ibuf_I_O)         1.457     1.457 r  wbClk_IBUF_inst/O
                         net (fo=1, routed)           2.076     3.533    wbClk_IBUF
    BUFGCTRL_X0Y16       BUFG (Prop_bufg_I_O)         0.101     3.634 r  wbClk_IBUF_BUFG_inst/O
                         net (fo=704, routed)         1.659     5.293    wbClk_IBUF_BUFG
    SLICE_X25Y20         FDRE                                         r  wbOutputData_reg[6]/C
  -------------------------------------------------------------------    -------------------
    SLICE_X25Y20         FDRE (Prop_fdre_C_Q)         0.456     5.749 r  wbOutputData_reg[6]/Q
                         net (fo=1, routed)           3.012     8.761    wbOutputData_OBUF[6]
    T14                  OBUF (Prop_obuf_I_O)         3.563    12.324 r  wbOutputData_OBUF[6]_inst/O
                         net (fo=0)                   0.000    12.324    wbOutputData[6]
    T14                                                               r  wbOutputData[6] (OUT)
  -------------------------------------------------------------------    -------------------

Slack:                    inf
  Source:                 wbOutputData_reg[8]/C
                            (rising edge-triggered cell FDRE clocked by wbClk  {rise@0.000ns fall@5.000ns period=10.000ns})
  Destination:            wbOutputData[8]
                            (output port)
  Path Group:             (none)
  Path Type:              Max at Slow Process Corner
  Data Path Delay:        6.872ns  (logic 4.028ns (58.618%)  route 2.844ns (41.382%))
  Logic Levels:           1  (OBUF=1)
  Clock Uncertainty:      0.025ns  ((TSJ^2 + TIJ^2)^1/2 + DJ) / 2 + PE
    Total System Jitter     (TSJ):    0.050ns
    Total Input Jitter      (TIJ):    0.000ns
    Discrete Jitter          (DJ):    0.000ns
    Phase Error              (PE):    0.000ns

    Location             Delay type                Incr(ns)  Path(ns)    Netlist Resource(s)
  -------------------------------------------------------------------    -------------------
                         (clock wbClk rise edge)      0.000     0.000 r  
    H16                                               0.000     0.000 r  wbClk (IN)
                         net (fo=0)                   0.000     0.000    wbClk
    H16                  IBUF (Prop_ibuf_I_O)         1.457     1.457 r  wbClk_IBUF_inst/O
                         net (fo=1, routed)           2.076     3.533    wbClk_IBUF
    BUFGCTRL_X0Y16       BUFG (Prop_bufg_I_O)         0.101     3.634 r  wbClk_IBUF_BUFG_inst/O
                         net (fo=704, routed)         1.658     5.292    wbClk_IBUF_BUFG
    SLICE_X25Y21         FDRE                                         r  wbOutputData_reg[8]/C
  -------------------------------------------------------------------    -------------------
    SLICE_X25Y21         FDRE (Prop_fdre_C_Q)         0.456     5.748 r  wbOutputData_reg[8]/Q
                         net (fo=1, routed)           2.844     8.592    wbOutputData_OBUF[8]
    P14                  OBUF (Prop_obuf_I_O)         3.572    12.164 r  wbOutputData_OBUF[8]_inst/O
                         net (fo=0)                   0.000    12.164    wbOutputData[8]
    P14                                                               r  wbOutputData[8] (OUT)
  -------------------------------------------------------------------    -------------------

Slack:                    inf
  Source:                 wbOutputData_reg[1]/C
                            (rising edge-triggered cell FDRE clocked by wbClk  {rise@0.000ns fall@5.000ns period=10.000ns})
  Destination:            wbOutputData[1]
                            (output port)
  Path Group:             (none)
  Path Type:              Max at Slow Process Corner
  Data Path Delay:        6.811ns  (logic 4.030ns (59.169%)  route 2.781ns (40.831%))
  Logic Levels:           1  (OBUF=1)
  Clock Uncertainty:      0.025ns  ((TSJ^2 + TIJ^2)^1/2 + DJ) / 2 + PE
    Total System Jitter     (TSJ):    0.050ns
    Total Input Jitter      (TIJ):    0.000ns
    Discrete Jitter          (DJ):    0.000ns
    Phase Error              (PE):    0.000ns

    Location             Delay type                Incr(ns)  Path(ns)    Netlist Resource(s)
  -------------------------------------------------------------------    -------------------
                         (clock wbClk rise edge)      0.000     0.000 r  
    H16                                               0.000     0.000 r  wbClk (IN)
                         net (fo=0)                   0.000     0.000    wbClk
    H16                  IBUF (Prop_ibuf_I_O)         1.457     1.457 r  wbClk_IBUF_inst/O
                         net (fo=1, routed)           2.076     3.533    wbClk_IBUF
    BUFGCTRL_X0Y16       BUFG (Prop_bufg_I_O)         0.101     3.634 r  wbClk_IBUF_BUFG_inst/O
                         net (fo=704, routed)         1.659     5.293    wbClk_IBUF_BUFG
    SLICE_X27Y22         FDRE                                         r  wbOutputData_reg[1]/C
  -------------------------------------------------------------------    -------------------
    SLICE_X27Y22         FDRE (Prop_fdre_C_Q)         0.456     5.749 r  wbOutputData_reg[1]/Q
                         net (fo=1, routed)           2.781     8.530    wbOutputData_OBUF[1]
    V13                  OBUF (Prop_obuf_I_O)         3.574    12.104 r  wbOutputData_OBUF[1]_inst/O
                         net (fo=0)                   0.000    12.104    wbOutputData[1]
    V13                                                               r  wbOutputData[1] (OUT)
  -------------------------------------------------------------------    -------------------

Slack:                    inf
  Source:                 wbOutputData_reg[12]/C
                            (rising edge-triggered cell FDRE clocked by wbClk  {rise@0.000ns fall@5.000ns period=10.000ns})
  Destination:            wbOutputData[12]
                            (output port)
  Path Group:             (none)
  Path Type:              Max at Slow Process Corner
  Data Path Delay:        6.794ns  (logic 4.094ns (60.252%)  route 2.701ns (39.748%))
  Logic Levels:           1  (OBUF=1)
  Clock Uncertainty:      0.025ns  ((TSJ^2 + TIJ^2)^1/2 + DJ) / 2 + PE
    Total System Jitter     (TSJ):    0.050ns
    Total Input Jitter      (TIJ):    0.000ns
    Discrete Jitter          (DJ):    0.000ns
    Phase Error              (PE):    0.000ns

    Location             Delay type                Incr(ns)  Path(ns)    Netlist Resource(s)
  -------------------------------------------------------------------    -------------------
                         (clock wbClk rise edge)      0.000     0.000 r  
    H16                                               0.000     0.000 r  wbClk (IN)
                         net (fo=0)                   0.000     0.000    wbClk
    H16                  IBUF (Prop_ibuf_I_O)         1.457     1.457 r  wbClk_IBUF_inst/O
                         net (fo=1, routed)           2.076     3.533    wbClk_IBUF
    BUFGCTRL_X0Y16       BUFG (Prop_bufg_I_O)         0.101     3.634 r  wbClk_IBUF_BUFG_inst/O
                         net (fo=704, routed)         1.662     5.296    wbClk_IBUF_BUFG
    SLICE_X26Y21         FDRE                                         r  wbOutputData_reg[12]/C
  -------------------------------------------------------------------    -------------------
    SLICE_X26Y21         FDRE (Prop_fdre_C_Q)         0.456     5.752 r  wbOutputData_reg[12]/Q
                         net (fo=1, routed)           2.701     8.453    wbOutputData_OBUF[12]
    W14                  OBUF (Prop_obuf_I_O)         3.638    12.090 r  wbOutputData_OBUF[12]_inst/O
                         net (fo=0)                   0.000    12.090    wbOutputData[12]
    W14                                                               r  wbOutputData[12] (OUT)
  -------------------------------------------------------------------    -------------------





Min Delay Paths
--------------------------------------------------------------------------------------
Slack:                    inf
  Source:                 wbOutputData_reg[21]/C
                            (rising edge-triggered cell FDRE clocked by wbClk  {rise@0.000ns fall@5.000ns period=10.000ns})
  Destination:            wbOutputData[21]
                            (output port)
  Path Group:             (none)
  Path Type:              Min at Fast Process Corner
  Data Path Delay:        1.962ns  (logic 1.391ns (70.882%)  route 0.571ns (29.118%))
  Logic Levels:           1  (OBUF=1)
  Clock Uncertainty:      0.025ns  ((TSJ^2 + TIJ^2)^1/2 + DJ) / 2 + PE
    Total System Jitter     (TSJ):    0.050ns
    Total Input Jitter      (TIJ):    0.000ns
    Discrete Jitter          (DJ):    0.000ns
    Phase Error              (PE):    0.000ns

    Location             Delay type                Incr(ns)  Path(ns)    Netlist Resource(s)
  -------------------------------------------------------------------    -------------------
                         (clock wbClk rise edge)      0.000     0.000 r  
    H16                                               0.000     0.000 r  wbClk (IN)
                         net (fo=0)                   0.000     0.000    wbClk
    H16                  IBUF (Prop_ibuf_I_O)         0.225     0.225 r  wbClk_IBUF_inst/O
                         net (fo=1, routed)           0.627     0.852    wbClk_IBUF
    BUFGCTRL_X0Y16       BUFG (Prop_bufg_I_O)         0.026     0.878 r  wbClk_IBUF_BUFG_inst/O
                         net (fo=704, routed)         0.555     1.433    wbClk_IBUF_BUFG
    SLICE_X26Y22         FDRE                                         r  wbOutputData_reg[21]/C
  -------------------------------------------------------------------    -------------------
    SLICE_X26Y22         FDRE (Prop_fdre_C_Q)         0.141     1.574 r  wbOutputData_reg[21]/Q
                         net (fo=1, routed)           0.571     2.145    wbOutputData_OBUF[21]
    P19                  OBUF (Prop_obuf_I_O)         1.250     3.395 r  wbOutputData_OBUF[21]_inst/O
                         net (fo=0)                   0.000     3.395    wbOutputData[21]
    P19                                                               r  wbOutputData[21] (OUT)
  -------------------------------------------------------------------    -------------------

Slack:                    inf
  Source:                 wbOutputData_reg[24]/C
                            (rising edge-triggered cell FDRE clocked by wbClk  {rise@0.000ns fall@5.000ns period=10.000ns})
  Destination:            wbOutputData[24]
                            (output port)
  Path Group:             (none)
  Path Type:              Min at Fast Process Corner
  Data Path Delay:        1.998ns  (logic 1.391ns (69.579%)  route 0.608ns (30.421%))
  Logic Levels:           1  (OBUF=1)
  Clock Uncertainty:      0.025ns  ((TSJ^2 + TIJ^2)^1/2 + DJ) / 2 + PE
    Total System Jitter     (TSJ):    0.050ns
    Total Input Jitter      (TIJ):    0.000ns
    Discrete Jitter          (DJ):    0.000ns
    Phase Error              (PE):    0.000ns

    Location             Delay type                Incr(ns)  Path(ns)    Netlist Resource(s)
  -------------------------------------------------------------------    -------------------
                         (clock wbClk rise edge)      0.000     0.000 r  
    H16                                               0.000     0.000 r  wbClk (IN)
                         net (fo=0)                   0.000     0.000    wbClk
    H16                  IBUF (Prop_ibuf_I_O)         0.225     0.225 r  wbClk_IBUF_inst/O
                         net (fo=1, routed)           0.627     0.852    wbClk_IBUF
    BUFGCTRL_X0Y16       BUFG (Prop_bufg_I_O)         0.026     0.878 r  wbClk_IBUF_BUFG_inst/O
                         net (fo=704, routed)         0.555     1.433    wbClk_IBUF_BUFG
    SLICE_X27Y21         FDRE                                         r  wbOutputData_reg[24]/C
  -------------------------------------------------------------------    -------------------
    SLICE_X27Y21         FDRE (Prop_fdre_C_Q)         0.141     1.574 r  wbOutputData_reg[24]/Q
                         net (fo=1, routed)           0.608     2.182    wbOutputData_OBUF[24]
    N20                  OBUF (Prop_obuf_I_O)         1.250     3.431 r  wbOutputData_OBUF[24]_inst/O
                         net (fo=0)                   0.000     3.431    wbOutputData[24]
    N20                                                               r  wbOutputData[24] (OUT)
  -------------------------------------------------------------------    -------------------

Slack:                    inf
  Source:                 wbOutputData_reg[25]/C
                            (rising edge-triggered cell FDRE clocked by wbClk  {rise@0.000ns fall@5.000ns period=10.000ns})
  Destination:            wbOutputData[25]
                            (output port)
  Path Group:             (none)
  Path Type:              Min at Fast Process Corner
  Data Path Delay:        2.005ns  (logic 1.375ns (68.583%)  route 0.630ns (31.417%))
  Logic Levels:           1  (OBUF=1)
  Clock Uncertainty:      0.025ns  ((TSJ^2 + TIJ^2)^1/2 + DJ) / 2 + PE
    Total System Jitter     (TSJ):    0.050ns
    Total Input Jitter      (TIJ):    0.000ns
    Discrete Jitter          (DJ):    0.000ns
    Phase Error              (PE):    0.000ns

    Location             Delay type                Incr(ns)  Path(ns)    Netlist Resource(s)
  -------------------------------------------------------------------    -------------------
                         (clock wbClk rise edge)      0.000     0.000 r  
    H16                                               0.000     0.000 r  wbClk (IN)
                         net (fo=0)                   0.000     0.000    wbClk
    H16                  IBUF (Prop_ibuf_I_O)         0.225     0.225 r  wbClk_IBUF_inst/O
                         net (fo=1, routed)           0.627     0.852    wbClk_IBUF
    BUFGCTRL_X0Y16       BUFG (Prop_bufg_I_O)         0.026     0.878 r  wbClk_IBUF_BUFG_inst/O
                         net (fo=704, routed)         0.555     1.433    wbClk_IBUF_BUFG
    SLICE_X26Y21         FDRE                                         r  wbOutputData_reg[25]/C
  -------------------------------------------------------------------    -------------------
    SLICE_X26Y21         FDRE (Prop_fdre_C_Q)         0.141     1.574 r  wbOutputData_reg[25]/Q
                         net (fo=1, routed)           0.630     2.204    wbOutputData_OBUF[25]
    U20                  OBUF (Prop_obuf_I_O)         1.234     3.438 r  wbOutputData_OBUF[25]_inst/O
                         net (fo=0)                   0.000     3.438    wbOutputData[25]
    U20                                                               r  wbOutputData[25] (OUT)
  -------------------------------------------------------------------    -------------------

Slack:                    inf
  Source:                 wbOutputData_reg[26]/C
                            (rising edge-triggered cell FDRE clocked by wbClk  {rise@0.000ns fall@5.000ns period=10.000ns})
  Destination:            wbOutputData[26]
                            (output port)
  Path Group:             (none)
  Path Type:              Min at Fast Process Corner
  Data Path Delay:        2.006ns  (logic 1.379ns (68.755%)  route 0.627ns (31.245%))
  Logic Levels:           1  (OBUF=1)
  Clock Uncertainty:      0.025ns  ((TSJ^2 + TIJ^2)^1/2 + DJ) / 2 + PE
    Total System Jitter     (TSJ):    0.050ns
    Total Input Jitter      (TIJ):    0.000ns
    Discrete Jitter          (DJ):    0.000ns
    Phase Error              (PE):    0.000ns

    Location             Delay type                Incr(ns)  Path(ns)    Netlist Resource(s)
  -------------------------------------------------------------------    -------------------
                         (clock wbClk rise edge)      0.000     0.000 r  
    H16                                               0.000     0.000 r  wbClk (IN)
                         net (fo=0)                   0.000     0.000    wbClk
    H16                  IBUF (Prop_ibuf_I_O)         0.225     0.225 r  wbClk_IBUF_inst/O
                         net (fo=1, routed)           0.627     0.852    wbClk_IBUF
    BUFGCTRL_X0Y16       BUFG (Prop_bufg_I_O)         0.026     0.878 r  wbClk_IBUF_BUFG_inst/O
                         net (fo=704, routed)         0.556     1.434    wbClk_IBUF_BUFG
    SLICE_X26Y20         FDRE                                         r  wbOutputData_reg[26]/C
  -------------------------------------------------------------------    -------------------
    SLICE_X26Y20         FDRE (Prop_fdre_C_Q)         0.141     1.575 r  wbOutputData_reg[26]/Q
                         net (fo=1, routed)           0.627     2.202    wbOutputData_OBUF[26]
    T20                  OBUF (Prop_obuf_I_O)         1.238     3.440 r  wbOutputData_OBUF[26]_inst/O
                         net (fo=0)                   0.000     3.440    wbOutputData[26]
    T20                                                               r  wbOutputData[26] (OUT)
  -------------------------------------------------------------------    -------------------

Slack:                    inf
  Source:                 wbOutputData_reg[23]/C
                            (rising edge-triggered cell FDRE clocked by wbClk  {rise@0.000ns fall@5.000ns period=10.000ns})
  Destination:            wbOutputData[23]
                            (output port)
  Path Group:             (none)
  Path Type:              Min at Fast Process Corner
  Data Path Delay:        2.016ns  (logic 1.391ns (68.988%)  route 0.625ns (31.012%))
  Logic Levels:           1  (OBUF=1)
  Clock Uncertainty:      0.025ns  ((TSJ^2 + TIJ^2)^1/2 + DJ) / 2 + PE
    Total System Jitter     (TSJ):    0.050ns
    Total Input Jitter      (TIJ):    0.000ns
    Discrete Jitter          (DJ):    0.000ns
    Phase Error              (PE):    0.000ns

    Location             Delay type                Incr(ns)  Path(ns)    Netlist Resource(s)
  -------------------------------------------------------------------    -------------------
                         (clock wbClk rise edge)      0.000     0.000 r  
    H16                                               0.000     0.000 r  wbClk (IN)
                         net (fo=0)                   0.000     0.000    wbClk
    H16                  IBUF (Prop_ibuf_I_O)         0.225     0.225 r  wbClk_IBUF_inst/O
                         net (fo=1, routed)           0.627     0.852    wbClk_IBUF
    BUFGCTRL_X0Y16       BUFG (Prop_bufg_I_O)         0.026     0.878 r  wbClk_IBUF_BUFG_inst/O
                         net (fo=704, routed)         0.555     1.433    wbClk_IBUF_BUFG
    SLICE_X26Y22         FDRE                                         r  wbOutputData_reg[23]/C
  -------------------------------------------------------------------    -------------------
    SLICE_X26Y22         FDRE (Prop_fdre_C_Q)         0.141     1.574 r  wbOutputData_reg[23]/Q
                         net (fo=1, routed)           0.625     2.199    wbOutputData_OBUF[23]
    P20                  OBUF (Prop_obuf_I_O)         1.250     3.449 r  wbOutputData_OBUF[23]_inst/O
                         net (fo=0)                   0.000     3.449    wbOutputData[23]
    P20                                                               r  wbOutputData[23] (OUT)
  -------------------------------------------------------------------    -------------------

Slack:                    inf
  Source:                 wbOutputData_reg[28]/C
                            (rising edge-triggered cell FDRE clocked by wbClk  {rise@0.000ns fall@5.000ns period=10.000ns})
  Destination:            wbOutputData[28]
                            (output port)
  Path Group:             (none)
  Path Type:              Min at Fast Process Corner
  Data Path Delay:        2.031ns  (logic 1.386ns (68.259%)  route 0.645ns (31.741%))
  Logic Levels:           1  (OBUF=1)
  Clock Uncertainty:      0.025ns  ((TSJ^2 + TIJ^2)^1/2 + DJ) / 2 + PE
    Total System Jitter     (TSJ):    0.050ns
    Total Input Jitter      (TIJ):    0.000ns
    Discrete Jitter          (DJ):    0.000ns
    Phase Error              (PE):    0.000ns

    Location             Delay type                Incr(ns)  Path(ns)    Netlist Resource(s)
  -------------------------------------------------------------------    -------------------
                         (clock wbClk rise edge)      0.000     0.000 r  
    H16                                               0.000     0.000 r  wbClk (IN)
                         net (fo=0)                   0.000     0.000    wbClk
    H16                  IBUF (Prop_ibuf_I_O)         0.225     0.225 r  wbClk_IBUF_inst/O
                         net (fo=1, routed)           0.627     0.852    wbClk_IBUF
    BUFGCTRL_X0Y16       BUFG (Prop_bufg_I_O)         0.026     0.878 r  wbClk_IBUF_BUFG_inst/O
                         net (fo=704, routed)         0.555     1.433    wbClk_IBUF_BUFG
    SLICE_X26Y21         FDRE                                         r  wbOutputData_reg[28]/C
  -------------------------------------------------------------------    -------------------
    SLICE_X26Y21         FDRE (Prop_fdre_C_Q)         0.141     1.574 r  wbOutputData_reg[28]/Q
                         net (fo=1, routed)           0.645     2.219    wbOutputData_OBUF[28]
    V20                  OBUF (Prop_obuf_I_O)         1.245     3.464 r  wbOutputData_OBUF[28]_inst/O
                         net (fo=0)                   0.000     3.464    wbOutputData[28]
    V20                                                               r  wbOutputData[28] (OUT)
  -------------------------------------------------------------------    -------------------

Slack:                    inf
  Source:                 wbOutputData_reg[22]/C
                            (rising edge-triggered cell FDRE clocked by wbClk  {rise@0.000ns fall@5.000ns period=10.000ns})
  Destination:            wbOutputData[22]
                            (output port)
  Path Group:             (none)
  Path Type:              Min at Fast Process Corner
  Data Path Delay:        2.040ns  (logic 1.389ns (68.057%)  route 0.652ns (31.943%))
  Logic Levels:           1  (OBUF=1)
  Clock Uncertainty:      0.025ns  ((TSJ^2 + TIJ^2)^1/2 + DJ) / 2 + PE
    Total System Jitter     (TSJ):    0.050ns
    Total Input Jitter      (TIJ):    0.000ns
    Discrete Jitter          (DJ):    0.000ns
    Phase Error              (PE):    0.000ns

    Location             Delay type                Incr(ns)  Path(ns)    Netlist Resource(s)
  -------------------------------------------------------------------    -------------------
                         (clock wbClk rise edge)      0.000     0.000 r  
    H16                                               0.000     0.000 r  wbClk (IN)
                         net (fo=0)                   0.000     0.000    wbClk
    H16                  IBUF (Prop_ibuf_I_O)         0.225     0.225 r  wbClk_IBUF_inst/O
                         net (fo=1, routed)           0.627     0.852    wbClk_IBUF
    BUFGCTRL_X0Y16       BUFG (Prop_bufg_I_O)         0.026     0.878 r  wbClk_IBUF_BUFG_inst/O
                         net (fo=704, routed)         0.556     1.434    wbClk_IBUF_BUFG
    SLICE_X26Y20         FDRE                                         r  wbOutputData_reg[22]/C
  -------------------------------------------------------------------    -------------------
    SLICE_X26Y20         FDRE (Prop_fdre_C_Q)         0.141     1.575 r  wbOutputData_reg[22]/Q
                         net (fo=1, routed)           0.652     2.227    wbOutputData_OBUF[22]
    N18                  OBUF (Prop_obuf_I_O)         1.248     3.474 r  wbOutputData_OBUF[22]_inst/O
                         net (fo=0)                   0.000     3.474    wbOutputData[22]
    N18                                                               r  wbOutputData[22] (OUT)
  -------------------------------------------------------------------    -------------------

Slack:                    inf
  Source:                 wbOutputData_reg[29]/C
                            (rising edge-triggered cell FDRE clocked by wbClk  {rise@0.000ns fall@5.000ns period=10.000ns})
  Destination:            wbOutputData[29]
                            (output port)
  Path Group:             (none)
  Path Type:              Min at Fast Process Corner
  Data Path Delay:        2.053ns  (logic 1.388ns (67.595%)  route 0.665ns (32.405%))
  Logic Levels:           1  (OBUF=1)
  Clock Uncertainty:      0.025ns  ((TSJ^2 + TIJ^2)^1/2 + DJ) / 2 + PE
    Total System Jitter     (TSJ):    0.050ns
    Total Input Jitter      (TIJ):    0.000ns
    Discrete Jitter          (DJ):    0.000ns
    Phase Error              (PE):    0.000ns

    Location             Delay type                Incr(ns)  Path(ns)    Netlist Resource(s)
  -------------------------------------------------------------------    -------------------
                         (clock wbClk rise edge)      0.000     0.000 r  
    H16                                               0.000     0.000 r  wbClk (IN)
                         net (fo=0)                   0.000     0.000    wbClk
    H16                  IBUF (Prop_ibuf_I_O)         0.225     0.225 r  wbClk_IBUF_inst/O
                         net (fo=1, routed)           0.627     0.852    wbClk_IBUF
    BUFGCTRL_X0Y16       BUFG (Prop_bufg_I_O)         0.026     0.878 r  wbClk_IBUF_BUFG_inst/O
                         net (fo=704, routed)         0.555     1.433    wbClk_IBUF_BUFG
    SLICE_X26Y21         FDRE                                         r  wbOutputData_reg[29]/C
  -------------------------------------------------------------------    -------------------
    SLICE_X26Y21         FDRE (Prop_fdre_C_Q)         0.141     1.574 r  wbOutputData_reg[29]/Q
                         net (fo=1, routed)           0.665     2.239    wbOutputData_OBUF[29]
    Y19                  OBUF (Prop_obuf_I_O)         1.247     3.486 r  wbOutputData_OBUF[29]_inst/O
                         net (fo=0)                   0.000     3.486    wbOutputData[29]
    Y19                                                               r  wbOutputData[29] (OUT)
  -------------------------------------------------------------------    -------------------

Slack:                    inf
  Source:                 wbOutputData_reg[19]/C
                            (rising edge-triggered cell FDRE clocked by wbClk  {rise@0.000ns fall@5.000ns period=10.000ns})
  Destination:            wbOutputData[19]
                            (output port)
  Path Group:             (none)
  Path Type:              Min at Fast Process Corner
  Data Path Delay:        2.083ns  (logic 1.424ns (68.384%)  route 0.659ns (31.616%))
  Logic Levels:           1  (OBUF=1)
  Clock Uncertainty:      0.025ns  ((TSJ^2 + TIJ^2)^1/2 + DJ) / 2 + PE
    Total System Jitter     (TSJ):    0.050ns
    Total Input Jitter      (TIJ):    0.000ns
    Discrete Jitter          (DJ):    0.000ns
    Phase Error              (PE):    0.000ns

    Location             Delay type                Incr(ns)  Path(ns)    Netlist Resource(s)
  -------------------------------------------------------------------    -------------------
                         (clock wbClk rise edge)      0.000     0.000 r  
    H16                                               0.000     0.000 r  wbClk (IN)
                         net (fo=0)                   0.000     0.000    wbClk
    H16                  IBUF (Prop_ibuf_I_O)         0.225     0.225 r  wbClk_IBUF_inst/O
                         net (fo=1, routed)           0.627     0.852    wbClk_IBUF
    BUFGCTRL_X0Y16       BUFG (Prop_bufg_I_O)         0.026     0.878 r  wbClk_IBUF_BUFG_inst/O
                         net (fo=704, routed)         0.553     1.431    wbClk_IBUF_BUFG
    SLICE_X26Y23         FDRE                                         r  wbOutputData_reg[19]/C
  -------------------------------------------------------------------    -------------------
    SLICE_X26Y23         FDRE (Prop_fdre_C_Q)         0.141     1.572 r  wbOutputData_reg[19]/Q
                         net (fo=1, routed)           0.659     2.231    wbOutputData_OBUF[19]
    U19                  OBUF (Prop_obuf_I_O)         1.283     3.514 r  wbOutputData_OBUF[19]_inst/O
                         net (fo=0)                   0.000     3.514    wbOutputData[19]
    U19                                                               r  wbOutputData[19] (OUT)
  -------------------------------------------------------------------    -------------------

Slack:                    inf
  Source:                 wbOutputData_reg[27]/C
                            (rising edge-triggered cell FDRE clocked by wbClk  {rise@0.000ns fall@5.000ns period=10.000ns})
  Destination:            wbOutputData[27]
                            (output port)
  Path Group:             (none)
  Path Type:              Min at Fast Process Corner
  Data Path Delay:        2.099ns  (logic 1.388ns (66.131%)  route 0.711ns (33.869%))
  Logic Levels:           1  (OBUF=1)
  Clock Uncertainty:      0.025ns  ((TSJ^2 + TIJ^2)^1/2 + DJ) / 2 + PE
    Total System Jitter     (TSJ):    0.050ns
    Total Input Jitter      (TIJ):    0.000ns
    Discrete Jitter          (DJ):    0.000ns
    Phase Error              (PE):    0.000ns

    Location             Delay type                Incr(ns)  Path(ns)    Netlist Resource(s)
  -------------------------------------------------------------------    -------------------
                         (clock wbClk rise edge)      0.000     0.000 r  
    H16                                               0.000     0.000 r  wbClk (IN)
                         net (fo=0)                   0.000     0.000    wbClk
    H16                  IBUF (Prop_ibuf_I_O)         0.225     0.225 r  wbClk_IBUF_inst/O
                         net (fo=1, routed)           0.627     0.852    wbClk_IBUF
    BUFGCTRL_X0Y16       BUFG (Prop_bufg_I_O)         0.026     0.878 r  wbClk_IBUF_BUFG_inst/O
                         net (fo=704, routed)         0.555     1.433    wbClk_IBUF_BUFG
    SLICE_X26Y22         FDRE                                         r  wbOutputData_reg[27]/C
  -------------------------------------------------------------------    -------------------
    SLICE_X26Y22         FDRE (Prop_fdre_C_Q)         0.141     1.574 r  wbOutputData_reg[27]/Q
                         net (fo=1, routed)           0.711     2.285    wbOutputData_OBUF[27]
    W20                  OBUF (Prop_obuf_I_O)         1.247     3.532 r  wbOutputData_OBUF[27]_inst/O
                         net (fo=0)                   0.000     3.532    wbOutputData[27]
    W20                                                               r  wbOutputData[27] (OUT)
  -------------------------------------------------------------------    -------------------





--------------------------------------------------------------------------------------
Path Group:  (none)
From Clock:  
  To Clock:  bftClk

Max Delay           667 Endpoints
Min Delay           667 Endpoints
--------------------------------------------------------------------------------------


Max Delay Paths
--------------------------------------------------------------------------------------
Slack:                    inf
  Source:                 reset
                            (input port)
  Destination:            egressLoop[0].egressFifo/buffer_fifo/infer_fifo.two_wr_addr_reg[0]/PRE
                            (recovery check against rising-edge clock bftClk  {rise@0.000ns fall@2.500ns period=5.000ns})
  Path Group:             (none)
  Path Type:              Recovery (Max at Slow Process Corner)
  Data Path Delay:        14.822ns  (logic 1.536ns (10.364%)  route 13.286ns (89.636%))
  Logic Levels:           1  (IBUF=1)
  Clock Path Skew:        4.791ns (DCD - SCD + CPR)
    Destination Clock Delay (DCD):    4.791ns
    Source Clock Delay      (SCD):    0.000ns
    Clock Pessimism Removal (CPR):    0.000ns
  Clock Uncertainty:      0.025ns  ((TSJ^2 + TIJ^2)^1/2 + DJ) / 2 + PE
    Total System Jitter     (TSJ):    0.050ns
    Total Input Jitter      (TIJ):    0.000ns
    Discrete Jitter          (DJ):    0.000ns
    Phase Error              (PE):    0.000ns

    Location             Delay type                Incr(ns)  Path(ns)    Netlist Resource(s)
  -------------------------------------------------------------------    -------------------
    M20                                               0.000     0.000 f  reset (IN)
                         net (fo=0)                   0.000     0.000    reset
    M20                  IBUF (Prop_ibuf_I_O)         1.536     1.536 f  reset_IBUF_inst/O
                         net (fo=1331, routed)       13.286    14.822    egressLoop[0].egressFifo/buffer_fifo/reset_IBUF
    SLICE_X2Y28          FDPE                                         f  egressLoop[0].egressFifo/buffer_fifo/infer_fifo.two_wr_addr_reg[0]/PRE
  -------------------------------------------------------------------    -------------------

                         (clock bftClk rise edge)     0.000     0.000 r  
    H15                                               0.000     0.000 r  bftClk (IN)
                         net (fo=0)                   0.000     0.000    bftClk
    H15                  IBUF (Prop_ibuf_I_O)         1.390     1.390 r  bftClk_IBUF_inst/O
                         net (fo=1, routed)           1.770     3.160    bftClk_IBUF
    BUFGCTRL_X0Y0        BUFG (Prop_bufg_I_O)         0.091     3.251 r  bftClk_IBUF_BUFG_inst/O
                         net (fo=730, routed)         1.539     4.791    egressLoop[0].egressFifo/buffer_fifo/clk
    SLICE_X2Y28          FDPE                                         r  egressLoop[0].egressFifo/buffer_fifo/infer_fifo.two_wr_addr_reg[0]/C

Slack:                    inf
  Source:                 reset
                            (input port)
  Destination:            egressLoop[0].egressFifo/buffer_fifo/infer_fifo.two_wr_addr_reg[2]/CLR
                            (recovery check against rising-edge clock bftClk  {rise@0.000ns fall@2.500ns period=5.000ns})
  Path Group:             (none)
  Path Type:              Recovery (Max at Slow Process Corner)
  Data Path Delay:        14.822ns  (logic 1.536ns (10.364%)  route 13.286ns (89.636%))
  Logic Levels:           1  (IBUF=1)
  Clock Path Skew:        4.791ns (DCD - SCD + CPR)
    Destination Clock Delay (DCD):    4.791ns
    Source Clock Delay      (SCD):    0.000ns
    Clock Pessimism Removal (CPR):    0.000ns
  Clock Uncertainty:      0.025ns  ((TSJ^2 + TIJ^2)^1/2 + DJ) / 2 + PE
    Total System Jitter     (TSJ):    0.050ns
    Total Input Jitter      (TIJ):    0.000ns
    Discrete Jitter          (DJ):    0.000ns
    Phase Error              (PE):    0.000ns

    Location             Delay type                Incr(ns)  Path(ns)    Netlist Resource(s)
  -------------------------------------------------------------------    -------------------
    M20                                               0.000     0.000 f  reset (IN)
                         net (fo=0)                   0.000     0.000    reset
    M20                  IBUF (Prop_ibuf_I_O)         1.536     1.536 f  reset_IBUF_inst/O
                         net (fo=1331, routed)       13.286    14.822    egressLoop[0].egressFifo/buffer_fifo/reset_IBUF
    SLICE_X2Y28          FDCE                                         f  egressLoop[0].egressFifo/buffer_fifo/infer_fifo.two_wr_addr_reg[2]/CLR
  -------------------------------------------------------------------    -------------------

                         (clock bftClk rise edge)     0.000     0.000 r  
    H15                                               0.000     0.000 r  bftClk (IN)
                         net (fo=0)                   0.000     0.000    bftClk
    H15                  IBUF (Prop_ibuf_I_O)         1.390     1.390 r  bftClk_IBUF_inst/O
                         net (fo=1, routed)           1.770     3.160    bftClk_IBUF
    BUFGCTRL_X0Y0        BUFG (Prop_bufg_I_O)         0.091     3.251 r  bftClk_IBUF_BUFG_inst/O
                         net (fo=730, routed)         1.539     4.791    egressLoop[0].egressFifo/buffer_fifo/clk
    SLICE_X2Y28          FDCE                                         r  egressLoop[0].egressFifo/buffer_fifo/infer_fifo.two_wr_addr_reg[2]/C

Slack:                    inf
  Source:                 reset
                            (input port)
  Destination:            egressLoop[0].egressFifo/buffer_fifo/infer_fifo.two_wr_addr_reg[3]/CLR
                            (recovery check against rising-edge clock bftClk  {rise@0.000ns fall@2.500ns period=5.000ns})
  Path Group:             (none)
  Path Type:              Recovery (Max at Slow Process Corner)
  Data Path Delay:        14.822ns  (logic 1.536ns (10.364%)  route 13.286ns (89.636%))
  Logic Levels:           1  (IBUF=1)
  Clock Path Skew:        4.791ns (DCD - SCD + CPR)
    Destination Clock Delay (DCD):    4.791ns
    Source Clock Delay      (SCD):    0.000ns
    Clock Pessimism Removal (CPR):    0.000ns
  Clock Uncertainty:      0.025ns  ((TSJ^2 + TIJ^2)^1/2 + DJ) / 2 + PE
    Total System Jitter     (TSJ):    0.050ns
    Total Input Jitter      (TIJ):    0.000ns
    Discrete Jitter          (DJ):    0.000ns
    Phase Error              (PE):    0.000ns

    Location             Delay type                Incr(ns)  Path(ns)    Netlist Resource(s)
  -------------------------------------------------------------------    -------------------
    M20                                               0.000     0.000 f  reset (IN)
                         net (fo=0)                   0.000     0.000    reset
    M20                  IBUF (Prop_ibuf_I_O)         1.536     1.536 f  reset_IBUF_inst/O
                         net (fo=1331, routed)       13.286    14.822    egressLoop[0].egressFifo/buffer_fifo/reset_IBUF
    SLICE_X2Y28          FDCE                                         f  egressLoop[0].egressFifo/buffer_fifo/infer_fifo.two_wr_addr_reg[3]/CLR
  -------------------------------------------------------------------    -------------------

                         (clock bftClk rise edge)     0.000     0.000 r  
    H15                                               0.000     0.000 r  bftClk (IN)
                         net (fo=0)                   0.000     0.000    bftClk
    H15                  IBUF (Prop_ibuf_I_O)         1.390     1.390 r  bftClk_IBUF_inst/O
                         net (fo=1, routed)           1.770     3.160    bftClk_IBUF
    BUFGCTRL_X0Y0        BUFG (Prop_bufg_I_O)         0.091     3.251 r  bftClk_IBUF_BUFG_inst/O
                         net (fo=730, routed)         1.539     4.791    egressLoop[0].egressFifo/buffer_fifo/clk
    SLICE_X2Y28          FDCE                                         r  egressLoop[0].egressFifo/buffer_fifo/infer_fifo.two_wr_addr_reg[3]/C

Slack:                    inf
  Source:                 reset
                            (input port)
  Destination:            egressLoop[0].egressFifo/buffer_fifo/infer_fifo.two_wr_addr_reg[4]/CLR
                            (recovery check against rising-edge clock bftClk  {rise@0.000ns fall@2.500ns period=5.000ns})
  Path Group:             (none)
  Path Type:              Recovery (Max at Slow Process Corner)
  Data Path Delay:        14.822ns  (logic 1.536ns (10.364%)  route 13.286ns (89.636%))
  Logic Levels:           1  (IBUF=1)
  Clock Path Skew:        4.791ns (DCD - SCD + CPR)
    Destination Clock Delay (DCD):    4.791ns
    Source Clock Delay      (SCD):    0.000ns
    Clock Pessimism Removal (CPR):    0.000ns
  Clock Uncertainty:      0.025ns  ((TSJ^2 + TIJ^2)^1/2 + DJ) / 2 + PE
    Total System Jitter     (TSJ):    0.050ns
    Total Input Jitter      (TIJ):    0.000ns
    Discrete Jitter          (DJ):    0.000ns
    Phase Error              (PE):    0.000ns

    Location             Delay type                Incr(ns)  Path(ns)    Netlist Resource(s)
  -------------------------------------------------------------------    -------------------
    M20                                               0.000     0.000 f  reset (IN)
                         net (fo=0)                   0.000     0.000    reset
    M20                  IBUF (Prop_ibuf_I_O)         1.536     1.536 f  reset_IBUF_inst/O
                         net (fo=1331, routed)       13.286    14.822    egressLoop[0].egressFifo/buffer_fifo/reset_IBUF
    SLICE_X2Y28          FDCE                                         f  egressLoop[0].egressFifo/buffer_fifo/infer_fifo.two_wr_addr_reg[4]/CLR
  -------------------------------------------------------------------    -------------------

                         (clock bftClk rise edge)     0.000     0.000 r  
    H15                                               0.000     0.000 r  bftClk (IN)
                         net (fo=0)                   0.000     0.000    bftClk
    H15                  IBUF (Prop_ibuf_I_O)         1.390     1.390 r  bftClk_IBUF_inst/O
                         net (fo=1, routed)           1.770     3.160    bftClk_IBUF
    BUFGCTRL_X0Y0        BUFG (Prop_bufg_I_O)         0.091     3.251 r  bftClk_IBUF_BUFG_inst/O
                         net (fo=730, routed)         1.539     4.791    egressLoop[0].egressFifo/buffer_fifo/clk
    SLICE_X2Y28          FDCE                                         r  egressLoop[0].egressFifo/buffer_fifo/infer_fifo.two_wr_addr_reg[4]/C

Slack:                    inf
  Source:                 reset
                            (input port)
  Destination:            egressLoop[0].egressFifo/buffer_fifo/infer_fifo.wr_addr_tmp_reg[0]/PRE
                            (recovery check against rising-edge clock bftClk  {rise@0.000ns fall@2.500ns period=5.000ns})
  Path Group:             (none)
  Path Type:              Recovery (Max at Slow Process Corner)
  Data Path Delay:        14.822ns  (logic 1.536ns (10.364%)  route 13.286ns (89.636%))
  Logic Levels:           1  (IBUF=1)
  Clock Path Skew:        4.791ns (DCD - SCD + CPR)
    Destination Clock Delay (DCD):    4.791ns
    Source Clock Delay      (SCD):    0.000ns
    Clock Pessimism Removal (CPR):    0.000ns
  Clock Uncertainty:      0.025ns  ((TSJ^2 + TIJ^2)^1/2 + DJ) / 2 + PE
    Total System Jitter     (TSJ):    0.050ns
    Total Input Jitter      (TIJ):    0.000ns
    Discrete Jitter          (DJ):    0.000ns
    Phase Error              (PE):    0.000ns

    Location             Delay type                Incr(ns)  Path(ns)    Netlist Resource(s)
  -------------------------------------------------------------------    -------------------
    M20                                               0.000     0.000 f  reset (IN)
                         net (fo=0)                   0.000     0.000    reset
    M20                  IBUF (Prop_ibuf_I_O)         1.536     1.536 f  reset_IBUF_inst/O
                         net (fo=1331, routed)       13.286    14.822    egressLoop[0].egressFifo/buffer_fifo/reset_IBUF
    SLICE_X2Y28          FDPE                                         f  egressLoop[0].egressFifo/buffer_fifo/infer_fifo.wr_addr_tmp_reg[0]/PRE
  -------------------------------------------------------------------    -------------------

                         (clock bftClk rise edge)     0.000     0.000 r  
    H15                                               0.000     0.000 r  bftClk (IN)
                         net (fo=0)                   0.000     0.000    bftClk
    H15                  IBUF (Prop_ibuf_I_O)         1.390     1.390 r  bftClk_IBUF_inst/O
                         net (fo=1, routed)           1.770     3.160    bftClk_IBUF
    BUFGCTRL_X0Y0        BUFG (Prop_bufg_I_O)         0.091     3.251 r  bftClk_IBUF_BUFG_inst/O
                         net (fo=730, routed)         1.539     4.791    egressLoop[0].egressFifo/buffer_fifo/clk
    SLICE_X2Y28          FDPE                                         r  egressLoop[0].egressFifo/buffer_fifo/infer_fifo.wr_addr_tmp_reg[0]/C

Slack:                    inf
  Source:                 reset
                            (input port)
  Destination:            egressLoop[0].egressFifo/buffer_fifo/infer_fifo.wr_addr_tmp_reg[2]/CLR
                            (recovery check against rising-edge clock bftClk  {rise@0.000ns fall@2.500ns period=5.000ns})
  Path Group:             (none)
  Path Type:              Recovery (Max at Slow Process Corner)
  Data Path Delay:        14.822ns  (logic 1.536ns (10.364%)  route 13.286ns (89.636%))
  Logic Levels:           1  (IBUF=1)
  Clock Path Skew:        4.791ns (DCD - SCD + CPR)
    Destination Clock Delay (DCD):    4.791ns
    Source Clock Delay      (SCD):    0.000ns
    Clock Pessimism Removal (CPR):    0.000ns
  Clock Uncertainty:      0.025ns  ((TSJ^2 + TIJ^2)^1/2 + DJ) / 2 + PE
    Total System Jitter     (TSJ):    0.050ns
    Total Input Jitter      (TIJ):    0.000ns
    Discrete Jitter          (DJ):    0.000ns
    Phase Error              (PE):    0.000ns

    Location             Delay type                Incr(ns)  Path(ns)    Netlist Resource(s)
  -------------------------------------------------------------------    -------------------
    M20                                               0.000     0.000 f  reset (IN)
                         net (fo=0)                   0.000     0.000    reset
    M20                  IBUF (Prop_ibuf_I_O)         1.536     1.536 f  reset_IBUF_inst/O
                         net (fo=1331, routed)       13.286    14.822    egressLoop[0].egressFifo/buffer_fifo/reset_IBUF
    SLICE_X2Y28          FDCE                                         f  egressLoop[0].egressFifo/buffer_fifo/infer_fifo.wr_addr_tmp_reg[2]/CLR
  -------------------------------------------------------------------    -------------------

                         (clock bftClk rise edge)     0.000     0.000 r  
    H15                                               0.000     0.000 r  bftClk (IN)
                         net (fo=0)                   0.000     0.000    bftClk
    H15                  IBUF (Prop_ibuf_I_O)         1.390     1.390 r  bftClk_IBUF_inst/O
                         net (fo=1, routed)           1.770     3.160    bftClk_IBUF
    BUFGCTRL_X0Y0        BUFG (Prop_bufg_I_O)         0.091     3.251 r  bftClk_IBUF_BUFG_inst/O
                         net (fo=730, routed)         1.539     4.791    egressLoop[0].egressFifo/buffer_fifo/clk
    SLICE_X2Y28          FDCE                                         r  egressLoop[0].egressFifo/buffer_fifo/infer_fifo.wr_addr_tmp_reg[2]/C

Slack:                    inf
  Source:                 reset
                            (input port)
  Destination:            egressLoop[0].egressFifo/buffer_fifo/infer_fifo.wr_addr_tmp_reg[3]/CLR
                            (recovery check against rising-edge clock bftClk  {rise@0.000ns fall@2.500ns period=5.000ns})
  Path Group:             (none)
  Path Type:              Recovery (Max at Slow Process Corner)
  Data Path Delay:        14.822ns  (logic 1.536ns (10.364%)  route 13.286ns (89.636%))
  Logic Levels:           1  (IBUF=1)
  Clock Path Skew:        4.791ns (DCD - SCD + CPR)
    Destination Clock Delay (DCD):    4.791ns
    Source Clock Delay      (SCD):    0.000ns
    Clock Pessimism Removal (CPR):    0.000ns
  Clock Uncertainty:      0.025ns  ((TSJ^2 + TIJ^2)^1/2 + DJ) / 2 + PE
    Total System Jitter     (TSJ):    0.050ns
    Total Input Jitter      (TIJ):    0.000ns
    Discrete Jitter          (DJ):    0.000ns
    Phase Error              (PE):    0.000ns

    Location             Delay type                Incr(ns)  Path(ns)    Netlist Resource(s)
  -------------------------------------------------------------------    -------------------
    M20                                               0.000     0.000 f  reset (IN)
                         net (fo=0)                   0.000     0.000    reset
    M20                  IBUF (Prop_ibuf_I_O)         1.536     1.536 f  reset_IBUF_inst/O
                         net (fo=1331, routed)       13.286    14.822    egressLoop[0].egressFifo/buffer_fifo/reset_IBUF
    SLICE_X2Y28          FDCE                                         f  egressLoop[0].egressFifo/buffer_fifo/infer_fifo.wr_addr_tmp_reg[3]/CLR
  -------------------------------------------------------------------    -------------------

                         (clock bftClk rise edge)     0.000     0.000 r  
    H15                                               0.000     0.000 r  bftClk (IN)
                         net (fo=0)                   0.000     0.000    bftClk
    H15                  IBUF (Prop_ibuf_I_O)         1.390     1.390 r  bftClk_IBUF_inst/O
                         net (fo=1, routed)           1.770     3.160    bftClk_IBUF
    BUFGCTRL_X0Y0        BUFG (Prop_bufg_I_O)         0.091     3.251 r  bftClk_IBUF_BUFG_inst/O
                         net (fo=730, routed)         1.539     4.791    egressLoop[0].egressFifo/buffer_fifo/clk
    SLICE_X2Y28          FDCE                                         r  egressLoop[0].egressFifo/buffer_fifo/infer_fifo.wr_addr_tmp_reg[3]/C

Slack:                    inf
  Source:                 reset
                            (input port)
  Destination:            egressLoop[0].egressFifo/buffer_fifo/infer_fifo.wr_addr_tmp_reg[4]/CLR
                            (recovery check against rising-edge clock bftClk  {rise@0.000ns fall@2.500ns period=5.000ns})
  Path Group:             (none)
  Path Type:              Recovery (Max at Slow Process Corner)
  Data Path Delay:        14.822ns  (logic 1.536ns (10.364%)  route 13.286ns (89.636%))
  Logic Levels:           1  (IBUF=1)
  Clock Path Skew:        4.791ns (DCD - SCD + CPR)
    Destination Clock Delay (DCD):    4.791ns
    Source Clock Delay      (SCD):    0.000ns
    Clock Pessimism Removal (CPR):    0.000ns
  Clock Uncertainty:      0.025ns  ((TSJ^2 + TIJ^2)^1/2 + DJ) / 2 + PE
    Total System Jitter     (TSJ):    0.050ns
    Total Input Jitter      (TIJ):    0.000ns
    Discrete Jitter          (DJ):    0.000ns
    Phase Error              (PE):    0.000ns

    Location             Delay type                Incr(ns)  Path(ns)    Netlist Resource(s)
  -------------------------------------------------------------------    -------------------
    M20                                               0.000     0.000 f  reset (IN)
                         net (fo=0)                   0.000     0.000    reset
    M20                  IBUF (Prop_ibuf_I_O)         1.536     1.536 f  reset_IBUF_inst/O
                         net (fo=1331, routed)       13.286    14.822    egressLoop[0].egressFifo/buffer_fifo/reset_IBUF
    SLICE_X2Y28          FDCE                                         f  egressLoop[0].egressFifo/buffer_fifo/infer_fifo.wr_addr_tmp_reg[4]/CLR
  -------------------------------------------------------------------    -------------------

                         (clock bftClk rise edge)     0.000     0.000 r  
    H15                                               0.000     0.000 r  bftClk (IN)
                         net (fo=0)                   0.000     0.000    bftClk
    H15                  IBUF (Prop_ibuf_I_O)         1.390     1.390 r  bftClk_IBUF_inst/O
                         net (fo=1, routed)           1.770     3.160    bftClk_IBUF
    BUFGCTRL_X0Y0        BUFG (Prop_bufg_I_O)         0.091     3.251 r  bftClk_IBUF_BUFG_inst/O
                         net (fo=730, routed)         1.539     4.791    egressLoop[0].egressFifo/buffer_fifo/clk
    SLICE_X2Y28          FDCE                                         r  egressLoop[0].egressFifo/buffer_fifo/infer_fifo.wr_addr_tmp_reg[4]/C

Slack:                    inf
  Source:                 reset
                            (input port)
  Destination:            egressLoop[0].egressFifo/buffer_fifo/infer_fifo.next_wr_addr_reg[4]/CLR
                            (recovery check against rising-edge clock bftClk  {rise@0.000ns fall@2.500ns period=5.000ns})
  Path Group:             (none)
  Path Type:              Recovery (Max at Slow Process Corner)
  Data Path Delay:        14.818ns  (logic 1.536ns (10.367%)  route 13.281ns (89.633%))
  Logic Levels:           1  (IBUF=1)
  Clock Path Skew:        4.791ns (DCD - SCD + CPR)
    Destination Clock Delay (DCD):    4.791ns
    Source Clock Delay      (SCD):    0.000ns
    Clock Pessimism Removal (CPR):    0.000ns
  Clock Uncertainty:      0.025ns  ((TSJ^2 + TIJ^2)^1/2 + DJ) / 2 + PE
    Total System Jitter     (TSJ):    0.050ns
    Total Input Jitter      (TIJ):    0.000ns
    Discrete Jitter          (DJ):    0.000ns
    Phase Error              (PE):    0.000ns

    Location             Delay type                Incr(ns)  Path(ns)    Netlist Resource(s)
  -------------------------------------------------------------------    -------------------
    M20                                               0.000     0.000 f  reset (IN)
                         net (fo=0)                   0.000     0.000    reset
    M20                  IBUF (Prop_ibuf_I_O)         1.536     1.536 f  reset_IBUF_inst/O
                         net (fo=1331, routed)       13.281    14.818    egressLoop[0].egressFifo/buffer_fifo/reset_IBUF
    SLICE_X3Y28          FDCE                                         f  egressLoop[0].egressFifo/buffer_fifo/infer_fifo.next_wr_addr_reg[4]/CLR
  -------------------------------------------------------------------    -------------------

                         (clock bftClk rise edge)     0.000     0.000 r  
    H15                                               0.000     0.000 r  bftClk (IN)
                         net (fo=0)                   0.000     0.000    bftClk
    H15                  IBUF (Prop_ibuf_I_O)         1.390     1.390 r  bftClk_IBUF_inst/O
                         net (fo=1, routed)           1.770     3.160    bftClk_IBUF
    BUFGCTRL_X0Y0        BUFG (Prop_bufg_I_O)         0.091     3.251 r  bftClk_IBUF_BUFG_inst/O
                         net (fo=730, routed)         1.539     4.791    egressLoop[0].egressFifo/buffer_fifo/clk
    SLICE_X3Y28          FDCE                                         r  egressLoop[0].egressFifo/buffer_fifo/infer_fifo.next_wr_addr_reg[4]/C

Slack:                    inf
  Source:                 reset
                            (input port)
  Destination:            egressLoop[0].egressFifo/buffer_fifo/infer_fifo.next_wr_addr_reg[5]/CLR
                            (recovery check against rising-edge clock bftClk  {rise@0.000ns fall@2.500ns period=5.000ns})
  Path Group:             (none)
  Path Type:              Recovery (Max at Slow Process Corner)
  Data Path Delay:        14.818ns  (logic 1.536ns (10.367%)  route 13.281ns (89.633%))
  Logic Levels:           1  (IBUF=1)
  Clock Path Skew:        4.791ns (DCD - SCD + CPR)
    Destination Clock Delay (DCD):    4.791ns
    Source Clock Delay      (SCD):    0.000ns
    Clock Pessimism Removal (CPR):    0.000ns
  Clock Uncertainty:      0.025ns  ((TSJ^2 + TIJ^2)^1/2 + DJ) / 2 + PE
    Total System Jitter     (TSJ):    0.050ns
    Total Input Jitter      (TIJ):    0.000ns
    Discrete Jitter          (DJ):    0.000ns
    Phase Error              (PE):    0.000ns

    Location             Delay type                Incr(ns)  Path(ns)    Netlist Resource(s)
  -------------------------------------------------------------------    -------------------
    M20                                               0.000     0.000 f  reset (IN)
                         net (fo=0)                   0.000     0.000    reset
    M20                  IBUF (Prop_ibuf_I_O)         1.536     1.536 f  reset_IBUF_inst/O
                         net (fo=1331, routed)       13.281    14.818    egressLoop[0].egressFifo/buffer_fifo/reset_IBUF
    SLICE_X3Y28          FDCE                                         f  egressLoop[0].egressFifo/buffer_fifo/infer_fifo.next_wr_addr_reg[5]/CLR
  -------------------------------------------------------------------    -------------------

                         (clock bftClk rise edge)     0.000     0.000 r  
    H15                                               0.000     0.000 r  bftClk (IN)
                         net (fo=0)                   0.000     0.000    bftClk
    H15                  IBUF (Prop_ibuf_I_O)         1.390     1.390 r  bftClk_IBUF_inst/O
                         net (fo=1, routed)           1.770     3.160    bftClk_IBUF
    BUFGCTRL_X0Y0        BUFG (Prop_bufg_I_O)         0.091     3.251 r  bftClk_IBUF_BUFG_inst/O
                         net (fo=730, routed)         1.539     4.791    egressLoop[0].egressFifo/buffer_fifo/clk
    SLICE_X3Y28          FDCE                                         r  egressLoop[0].egressFifo/buffer_fifo/infer_fifo.next_wr_addr_reg[5]/C





Min Delay Paths
--------------------------------------------------------------------------------------
Slack:                    inf
  Source:                 reset
                            (input port)
  Destination:            ingressLoop[1].ingressFifo/buffer_fifo/infer_fifo.block_ram_performance.fifo_ram_reg/RSTRAMB
                            (rising edge-triggered cell RAMB36E1 clocked by bftClk  {rise@0.000ns fall@2.500ns period=5.000ns})
  Path Group:             (none)
  Path Type:              Hold (Min at Fast Process Corner)
  Data Path Delay:        1.173ns  (logic 0.303ns (25.881%)  route 0.869ns (74.119%))
  Logic Levels:           1  (IBUF=1)
  Clock Path Skew:        2.267ns (DCD - SCD - CPR)
    Destination Clock Delay (DCD):    2.267ns
    Source Clock Delay      (SCD):    0.000ns
    Clock Pessimism Removal (CPR):    -0.000ns

    Location             Delay type                Incr(ns)  Path(ns)    Netlist Resource(s)
  -------------------------------------------------------------------    -------------------
    M20                                               0.000     0.000 r  reset (IN)
                         net (fo=0)                   0.000     0.000    reset
    M20                  IBUF (Prop_ibuf_I_O)         0.303     0.303 r  reset_IBUF_inst/O
                         net (fo=1331, routed)        0.869     1.173    ingressLoop[1].ingressFifo/buffer_fifo/reset_IBUF
    RAMB36_X1Y14         RAMB36E1                                     r  ingressLoop[1].ingressFifo/buffer_fifo/infer_fifo.block_ram_performance.fifo_ram_reg/RSTRAMB
  -------------------------------------------------------------------    -------------------

                         (clock bftClk rise edge)     0.000     0.000 r  
    H15                                               0.000     0.000 r  bftClk (IN)
                         net (fo=0)                   0.000     0.000    bftClk
    H15                  IBUF (Prop_ibuf_I_O)         0.416     0.416 r  bftClk_IBUF_inst/O
                         net (fo=1, routed)           0.961     1.377    bftClk_IBUF
    BUFGCTRL_X0Y0        BUFG (Prop_bufg_I_O)         0.029     1.406 r  bftClk_IBUF_BUFG_inst/O
                         net (fo=730, routed)         0.860     2.267    ingressLoop[1].ingressFifo/buffer_fifo/clk
    RAMB36_X1Y14         RAMB36E1                                     r  ingressLoop[1].ingressFifo/buffer_fifo/infer_fifo.block_ram_performance.fifo_ram_reg/CLKBWRCLK

Slack:                    inf
  Source:                 reset
                            (input port)
  Destination:            ingressLoop[1].ingressFifo/buffer_fifo/infer_fifo.empty_reg_reg/PRE
                            (removal check against rising-edge clock bftClk  {rise@0.000ns fall@2.500ns period=5.000ns})
  Path Group:             (none)
  Path Type:              Removal (Min at Fast Process Corner)
  Data Path Delay:        1.239ns  (logic 0.303ns (24.487%)  route 0.936ns (75.513%))
  Logic Levels:           1  (IBUF=1)
  Clock Path Skew:        2.228ns (DCD - SCD - CPR)
    Destination Clock Delay (DCD):    2.228ns
    Source Clock Delay      (SCD):    0.000ns
    Clock Pessimism Removal (CPR):    -0.000ns

    Location             Delay type                Incr(ns)  Path(ns)    Netlist Resource(s)
  -------------------------------------------------------------------    -------------------
    M20                                               0.000     0.000 f  reset (IN)
                         net (fo=0)                   0.000     0.000    reset
    M20                  IBUF (Prop_ibuf_I_O)         0.303     0.303 f  reset_IBUF_inst/O
                         net (fo=1331, routed)        0.936     1.239    ingressLoop[1].ingressFifo/buffer_fifo/reset_IBUF
    SLICE_X26Y67         FDPE                                         f  ingressLoop[1].ingressFifo/buffer_fifo/infer_fifo.empty_reg_reg/PRE
  -------------------------------------------------------------------    -------------------

                         (clock bftClk rise edge)     0.000     0.000 r  
    H15                                               0.000     0.000 r  bftClk (IN)
                         net (fo=0)                   0.000     0.000    bftClk
    H15                  IBUF (Prop_ibuf_I_O)         0.416     0.416 r  bftClk_IBUF_inst/O
                         net (fo=1, routed)           0.961     1.377    bftClk_IBUF
    BUFGCTRL_X0Y0        BUFG (Prop_bufg_I_O)         0.029     1.406 r  bftClk_IBUF_BUFG_inst/O
                         net (fo=730, routed)         0.822     2.228    ingressLoop[1].ingressFifo/buffer_fifo/clk
    SLICE_X26Y67         FDPE                                         r  ingressLoop[1].ingressFifo/buffer_fifo/infer_fifo.empty_reg_reg/C

Slack:                    inf
  Source:                 reset
                            (input port)
  Destination:            ingressLoop[1].ingressFifo/buffer_fifo/infer_fifo.next_rd_addr_reg[9]/CLR
                            (removal check against rising-edge clock bftClk  {rise@0.000ns fall@2.500ns period=5.000ns})
  Path Group:             (none)
  Path Type:              Removal (Min at Fast Process Corner)
  Data Path Delay:        1.311ns  (logic 0.303ns (23.149%)  route 1.007ns (76.851%))
  Logic Levels:           1  (IBUF=1)
  Clock Path Skew:        2.230ns (DCD - SCD - CPR)
    Destination Clock Delay (DCD):    2.230ns
    Source Clock Delay      (SCD):    0.000ns
    Clock Pessimism Removal (CPR):    -0.000ns

    Location             Delay type                Incr(ns)  Path(ns)    Netlist Resource(s)
  -------------------------------------------------------------------    -------------------
    M20                                               0.000     0.000 f  reset (IN)
                         net (fo=0)                   0.000     0.000    reset
    M20                  IBUF (Prop_ibuf_I_O)         0.303     0.303 f  reset_IBUF_inst/O
                         net (fo=1331, routed)        1.007     1.311    ingressLoop[1].ingressFifo/buffer_fifo/reset_IBUF
    SLICE_X26Y65         FDCE                                         f  ingressLoop[1].ingressFifo/buffer_fifo/infer_fifo.next_rd_addr_reg[9]/CLR
  -------------------------------------------------------------------    -------------------

                         (clock bftClk rise edge)     0.000     0.000 r  
    H15                                               0.000     0.000 r  bftClk (IN)
                         net (fo=0)                   0.000     0.000    bftClk
    H15                  IBUF (Prop_ibuf_I_O)         0.416     0.416 r  bftClk_IBUF_inst/O
                         net (fo=1, routed)           0.961     1.377    bftClk_IBUF
    BUFGCTRL_X0Y0        BUFG (Prop_bufg_I_O)         0.029     1.406 r  bftClk_IBUF_BUFG_inst/O
                         net (fo=730, routed)         0.824     2.230    ingressLoop[1].ingressFifo/buffer_fifo/clk
    SLICE_X26Y65         FDCE                                         r  ingressLoop[1].ingressFifo/buffer_fifo/infer_fifo.next_rd_addr_reg[9]/C

Slack:                    inf
  Source:                 reset
                            (input port)
  Destination:            ingressLoop[1].ingressFifo/buffer_fifo/infer_fifo.rd_addr_reg[9]/CLR
                            (removal check against rising-edge clock bftClk  {rise@0.000ns fall@2.500ns period=5.000ns})
  Path Group:             (none)
  Path Type:              Removal (Min at Fast Process Corner)
  Data Path Delay:        1.311ns  (logic 0.303ns (23.149%)  route 1.007ns (76.851%))
  Logic Levels:           1  (IBUF=1)
  Clock Path Skew:        2.230ns (DCD - SCD - CPR)
    Destination Clock Delay (DCD):    2.230ns
    Source Clock Delay      (SCD):    0.000ns
    Clock Pessimism Removal (CPR):    -0.000ns

    Location             Delay type                Incr(ns)  Path(ns)    Netlist Resource(s)
  -------------------------------------------------------------------    -------------------
    M20                                               0.000     0.000 f  reset (IN)
                         net (fo=0)                   0.000     0.000    reset
    M20                  IBUF (Prop_ibuf_I_O)         0.303     0.303 f  reset_IBUF_inst/O
                         net (fo=1331, routed)        1.007     1.311    ingressLoop[1].ingressFifo/buffer_fifo/reset_IBUF
    SLICE_X26Y65         FDCE                                         f  ingressLoop[1].ingressFifo/buffer_fifo/infer_fifo.rd_addr_reg[9]/CLR
  -------------------------------------------------------------------    -------------------

                         (clock bftClk rise edge)     0.000     0.000 r  
    H15                                               0.000     0.000 r  bftClk (IN)
                         net (fo=0)                   0.000     0.000    bftClk
    H15                  IBUF (Prop_ibuf_I_O)         0.416     0.416 r  bftClk_IBUF_inst/O
                         net (fo=1, routed)           0.961     1.377    bftClk_IBUF
    BUFGCTRL_X0Y0        BUFG (Prop_bufg_I_O)         0.029     1.406 r  bftClk_IBUF_BUFG_inst/O
                         net (fo=730, routed)         0.824     2.230    ingressLoop[1].ingressFifo/buffer_fifo/clk
    SLICE_X26Y65         FDCE                                         r  ingressLoop[1].ingressFifo/buffer_fifo/infer_fifo.rd_addr_reg[9]/C

Slack:                    inf
  Source:                 reset
                            (input port)
  Destination:            ingressLoop[1].ingressFifo/buffer_fifo/infer_fifo.two_rd_addr_reg[9]/CLR
                            (removal check against rising-edge clock bftClk  {rise@0.000ns fall@2.500ns period=5.000ns})
  Path Group:             (none)
  Path Type:              Removal (Min at Fast Process Corner)
  Data Path Delay:        1.311ns  (logic 0.303ns (23.149%)  route 1.007ns (76.851%))
  Logic Levels:           1  (IBUF=1)
  Clock Path Skew:        2.230ns (DCD - SCD - CPR)
    Destination Clock Delay (DCD):    2.230ns
    Source Clock Delay      (SCD):    0.000ns
    Clock Pessimism Removal (CPR):    -0.000ns

    Location             Delay type                Incr(ns)  Path(ns)    Netlist Resource(s)
  -------------------------------------------------------------------    -------------------
    M20                                               0.000     0.000 f  reset (IN)
                         net (fo=0)                   0.000     0.000    reset
    M20                  IBUF (Prop_ibuf_I_O)         0.303     0.303 f  reset_IBUF_inst/O
                         net (fo=1331, routed)        1.007     1.311    ingressLoop[1].ingressFifo/buffer_fifo/reset_IBUF
    SLICE_X26Y65         FDCE                                         f  ingressLoop[1].ingressFifo/buffer_fifo/infer_fifo.two_rd_addr_reg[9]/CLR
  -------------------------------------------------------------------    -------------------

                         (clock bftClk rise edge)     0.000     0.000 r  
    H15                                               0.000     0.000 r  bftClk (IN)
                         net (fo=0)                   0.000     0.000    bftClk
    H15                  IBUF (Prop_ibuf_I_O)         0.416     0.416 r  bftClk_IBUF_inst/O
                         net (fo=1, routed)           0.961     1.377    bftClk_IBUF
    BUFGCTRL_X0Y0        BUFG (Prop_bufg_I_O)         0.029     1.406 r  bftClk_IBUF_BUFG_inst/O
                         net (fo=730, routed)         0.824     2.230    ingressLoop[1].ingressFifo/buffer_fifo/clk
    SLICE_X26Y65         FDCE                                         r  ingressLoop[1].ingressFifo/buffer_fifo/infer_fifo.two_rd_addr_reg[9]/C

Slack:                    inf
  Source:                 reset
                            (input port)
  Destination:            ingressLoop[1].ingressFifo/buffer_fifo/infer_fifo.next_rd_addr_reg[7]/CLR
                            (removal check against rising-edge clock bftClk  {rise@0.000ns fall@2.500ns period=5.000ns})
  Path Group:             (none)
  Path Type:              Removal (Min at Fast Process Corner)
  Data Path Delay:        1.458ns  (logic 0.303ns (20.812%)  route 1.155ns (79.188%))
  Logic Levels:           1  (IBUF=1)
  Clock Path Skew:        2.226ns (DCD - SCD - CPR)
    Destination Clock Delay (DCD):    2.226ns
    Source Clock Delay      (SCD):    0.000ns
    Clock Pessimism Removal (CPR):    -0.000ns

    Location             Delay type                Incr(ns)  Path(ns)    Netlist Resource(s)
  -------------------------------------------------------------------    -------------------
    M20                                               0.000     0.000 f  reset (IN)
                         net (fo=0)                   0.000     0.000    reset
    M20                  IBUF (Prop_ibuf_I_O)         0.303     0.303 f  reset_IBUF_inst/O
                         net (fo=1331, routed)        1.155     1.458    ingressLoop[1].ingressFifo/buffer_fifo/reset_IBUF
    SLICE_X24Y66         FDCE                                         f  ingressLoop[1].ingressFifo/buffer_fifo/infer_fifo.next_rd_addr_reg[7]/CLR
  -------------------------------------------------------------------    -------------------

                         (clock bftClk rise edge)     0.000     0.000 r  
    H15                                               0.000     0.000 r  bftClk (IN)
                         net (fo=0)                   0.000     0.000    bftClk
    H15                  IBUF (Prop_ibuf_I_O)         0.416     0.416 r  bftClk_IBUF_inst/O
                         net (fo=1, routed)           0.961     1.377    bftClk_IBUF
    BUFGCTRL_X0Y0        BUFG (Prop_bufg_I_O)         0.029     1.406 r  bftClk_IBUF_BUFG_inst/O
                         net (fo=730, routed)         0.820     2.226    ingressLoop[1].ingressFifo/buffer_fifo/clk
    SLICE_X24Y66         FDCE                                         r  ingressLoop[1].ingressFifo/buffer_fifo/infer_fifo.next_rd_addr_reg[7]/C

Slack:                    inf
  Source:                 reset
                            (input port)
  Destination:            ingressLoop[1].ingressFifo/buffer_fifo/infer_fifo.next_rd_addr_reg[5]/CLR
                            (removal check against rising-edge clock bftClk  {rise@0.000ns fall@2.500ns period=5.000ns})
  Path Group:             (none)
  Path Type:              Removal (Min at Fast Process Corner)
  Data Path Delay:        1.520ns  (logic 0.303ns (19.966%)  route 1.216ns (80.034%))
  Logic Levels:           1  (IBUF=1)
  Clock Path Skew:        2.227ns (DCD - SCD - CPR)
    Destination Clock Delay (DCD):    2.227ns
    Source Clock Delay      (SCD):    0.000ns
    Clock Pessimism Removal (CPR):    -0.000ns

    Location             Delay type                Incr(ns)  Path(ns)    Netlist Resource(s)
  -------------------------------------------------------------------    -------------------
    M20                                               0.000     0.000 f  reset (IN)
                         net (fo=0)                   0.000     0.000    reset
    M20                  IBUF (Prop_ibuf_I_O)         0.303     0.303 f  reset_IBUF_inst/O
                         net (fo=1331, routed)        1.216     1.520    ingressLoop[1].ingressFifo/buffer_fifo/reset_IBUF
    SLICE_X24Y65         FDCE                                         f  ingressLoop[1].ingressFifo/buffer_fifo/infer_fifo.next_rd_addr_reg[5]/CLR
  -------------------------------------------------------------------    -------------------

                         (clock bftClk rise edge)     0.000     0.000 r  
    H15                                               0.000     0.000 r  bftClk (IN)
                         net (fo=0)                   0.000     0.000    bftClk
    H15                  IBUF (Prop_ibuf_I_O)         0.416     0.416 r  bftClk_IBUF_inst/O
                         net (fo=1, routed)           0.961     1.377    bftClk_IBUF
    BUFGCTRL_X0Y0        BUFG (Prop_bufg_I_O)         0.029     1.406 r  bftClk_IBUF_BUFG_inst/O
                         net (fo=730, routed)         0.821     2.227    ingressLoop[1].ingressFifo/buffer_fifo/clk
    SLICE_X24Y65         FDCE                                         r  ingressLoop[1].ingressFifo/buffer_fifo/infer_fifo.next_rd_addr_reg[5]/C

Slack:                    inf
  Source:                 reset
                            (input port)
  Destination:            ingressLoop[1].ingressFifo/buffer_fifo/infer_fifo.next_rd_addr_reg[6]/CLR
                            (removal check against rising-edge clock bftClk  {rise@0.000ns fall@2.500ns period=5.000ns})
  Path Group:             (none)
  Path Type:              Removal (Min at Fast Process Corner)
  Data Path Delay:        1.520ns  (logic 0.303ns (19.966%)  route 1.216ns (80.034%))
  Logic Levels:           1  (IBUF=1)
  Clock Path Skew:        2.227ns (DCD - SCD - CPR)
    Destination Clock Delay (DCD):    2.227ns
    Source Clock Delay      (SCD):    0.000ns
    Clock Pessimism Removal (CPR):    -0.000ns

    Location             Delay type                Incr(ns)  Path(ns)    Netlist Resource(s)
  -------------------------------------------------------------------    -------------------
    M20                                               0.000     0.000 f  reset (IN)
                         net (fo=0)                   0.000     0.000    reset
    M20                  IBUF (Prop_ibuf_I_O)         0.303     0.303 f  reset_IBUF_inst/O
                         net (fo=1331, routed)        1.216     1.520    ingressLoop[1].ingressFifo/buffer_fifo/reset_IBUF
    SLICE_X24Y65         FDCE                                         f  ingressLoop[1].ingressFifo/buffer_fifo/infer_fifo.next_rd_addr_reg[6]/CLR
  -------------------------------------------------------------------    -------------------

                         (clock bftClk rise edge)     0.000     0.000 r  
    H15                                               0.000     0.000 r  bftClk (IN)
                         net (fo=0)                   0.000     0.000    bftClk
    H15                  IBUF (Prop_ibuf_I_O)         0.416     0.416 r  bftClk_IBUF_inst/O
                         net (fo=1, routed)           0.961     1.377    bftClk_IBUF
    BUFGCTRL_X0Y0        BUFG (Prop_bufg_I_O)         0.029     1.406 r  bftClk_IBUF_BUFG_inst/O
                         net (fo=730, routed)         0.821     2.227    ingressLoop[1].ingressFifo/buffer_fifo/clk
    SLICE_X24Y65         FDCE                                         r  ingressLoop[1].ingressFifo/buffer_fifo/infer_fifo.next_rd_addr_reg[6]/C

Slack:                    inf
  Source:                 reset
                            (input port)
  Destination:            ingressLoop[1].ingressFifo/buffer_fifo/infer_fifo.rd_addr_reg[1]/CLR
                            (removal check against rising-edge clock bftClk  {rise@0.000ns fall@2.500ns period=5.000ns})
  Path Group:             (none)
  Path Type:              Removal (Min at Fast Process Corner)
  Data Path Delay:        1.520ns  (logic 0.303ns (19.966%)  route 1.216ns (80.034%))
  Logic Levels:           1  (IBUF=1)
  Clock Path Skew:        2.227ns (DCD - SCD - CPR)
    Destination Clock Delay (DCD):    2.227ns
    Source Clock Delay      (SCD):    0.000ns
    Clock Pessimism Removal (CPR):    -0.000ns

    Location             Delay type                Incr(ns)  Path(ns)    Netlist Resource(s)
  -------------------------------------------------------------------    -------------------
    M20                                               0.000     0.000 f  reset (IN)
                         net (fo=0)                   0.000     0.000    reset
    M20                  IBUF (Prop_ibuf_I_O)         0.303     0.303 f  reset_IBUF_inst/O
                         net (fo=1331, routed)        1.216     1.520    ingressLoop[1].ingressFifo/buffer_fifo/reset_IBUF
    SLICE_X24Y65         FDCE                                         f  ingressLoop[1].ingressFifo/buffer_fifo/infer_fifo.rd_addr_reg[1]/CLR
  -------------------------------------------------------------------    -------------------

                         (clock bftClk rise edge)     0.000     0.000 r  
    H15                                               0.000     0.000 r  bftClk (IN)
                         net (fo=0)                   0.000     0.000    bftClk
    H15                  IBUF (Prop_ibuf_I_O)         0.416     0.416 r  bftClk_IBUF_inst/O
                         net (fo=1, routed)           0.961     1.377    bftClk_IBUF
    BUFGCTRL_X0Y0        BUFG (Prop_bufg_I_O)         0.029     1.406 r  bftClk_IBUF_BUFG_inst/O
                         net (fo=730, routed)         0.821     2.227    ingressLoop[1].ingressFifo/buffer_fifo/clk
    SLICE_X24Y65         FDCE                                         r  ingressLoop[1].ingressFifo/buffer_fifo/infer_fifo.rd_addr_reg[1]/C

Slack:                    inf
  Source:                 reset
                            (input port)
  Destination:            ingressLoop[1].ingressFifo/buffer_fifo/infer_fifo.rd_addr_reg[2]/CLR
                            (removal check against rising-edge clock bftClk  {rise@0.000ns fall@2.500ns period=5.000ns})
  Path Group:             (none)
  Path Type:              Removal (Min at Fast Process Corner)
  Data Path Delay:        1.520ns  (logic 0.303ns (19.966%)  route 1.216ns (80.034%))
  Logic Levels:           1  (IBUF=1)
  Clock Path Skew:        2.227ns (DCD - SCD - CPR)
    Destination Clock Delay (DCD):    2.227ns
    Source Clock Delay      (SCD):    0.000ns
    Clock Pessimism Removal (CPR):    -0.000ns

    Location             Delay type                Incr(ns)  Path(ns)    Netlist Resource(s)
  -------------------------------------------------------------------    -------------------
    M20                                               0.000     0.000 f  reset (IN)
                         net (fo=0)                   0.000     0.000    reset
    M20                  IBUF (Prop_ibuf_I_O)         0.303     0.303 f  reset_IBUF_inst/O
                         net (fo=1331, routed)        1.216     1.520    ingressLoop[1].ingressFifo/buffer_fifo/reset_IBUF
    SLICE_X24Y65         FDCE                                         f  ingressLoop[1].ingressFifo/buffer_fifo/infer_fifo.rd_addr_reg[2]/CLR
  -------------------------------------------------------------------    -------------------

                         (clock bftClk rise edge)     0.000     0.000 r  
    H15                                               0.000     0.000 r  bftClk (IN)
                         net (fo=0)                   0.000     0.000    bftClk
    H15                  IBUF (Prop_ibuf_I_O)         0.416     0.416 r  bftClk_IBUF_inst/O
                         net (fo=1, routed)           0.961     1.377    bftClk_IBUF
    BUFGCTRL_X0Y0        BUFG (Prop_bufg_I_O)         0.029     1.406 r  bftClk_IBUF_BUFG_inst/O
                         net (fo=730, routed)         0.821     2.227    ingressLoop[1].ingressFifo/buffer_fifo/clk
    SLICE_X24Y65         FDCE                                         r  ingressLoop[1].ingressFifo/buffer_fifo/infer_fifo.rd_addr_reg[2]/C





--------------------------------------------------------------------------------------
Path Group:  (none)
From Clock:  
  To Clock:  wbClk

Max Delay           962 Endpoints
Min Delay           962 Endpoints
--------------------------------------------------------------------------------------


Max Delay Paths
--------------------------------------------------------------------------------------
Slack:                    inf
  Source:                 reset
                            (input port)
  Destination:            egressLoop[0].egressFifo/buffer_fifo/infer_fifo.block_ram_performance.fifo_ram_reg/ENBWREN
                            (rising edge-triggered cell RAMB36E1 clocked by wbClk  {rise@0.000ns fall@5.000ns period=10.000ns})
  Path Group:             (none)
  Path Type:              Setup (Max at Slow Process Corner)
  Data Path Delay:        14.593ns  (logic 1.660ns (11.377%)  route 12.933ns (88.623%))
  Logic Levels:           2  (IBUF=1 LUT3=1)
  Clock Path Skew:        4.900ns (DCD - SCD + CPR)
    Destination Clock Delay (DCD):    4.900ns
    Source Clock Delay      (SCD):    0.000ns
    Clock Pessimism Removal (CPR):    0.000ns
  Clock Uncertainty:      0.025ns  ((TSJ^2 + TIJ^2)^1/2 + DJ) / 2 + PE
    Total System Jitter     (TSJ):    0.050ns
    Total Input Jitter      (TIJ):    0.000ns
    Discrete Jitter          (DJ):    0.000ns
    Phase Error              (PE):    0.000ns

    Location             Delay type                Incr(ns)  Path(ns)    Netlist Resource(s)
  -------------------------------------------------------------------    -------------------
    M20                                               0.000     0.000 r  reset (IN)
                         net (fo=0)                   0.000     0.000    reset
    M20                  IBUF (Prop_ibuf_I_O)         1.536     1.536 r  reset_IBUF_inst/O
                         net (fo=1331, routed)       12.260    13.796    egressLoop[0].egressFifo/buffer_fifo/reset_IBUF
    SLICE_X11Y31         LUT3 (Prop_lut3_I0_O)        0.124    13.920 r  egressLoop[0].egressFifo/buffer_fifo/infer_fifo.block_ram_performance.fifo_ram_reg_i_1/O
                         net (fo=1, routed)           0.673    14.593    egressLoop[0].egressFifo/buffer_fifo/infer_fifo.block_ram_performance.fifo_ram_reg_i_1_n_0
    RAMB36_X0Y6          RAMB36E1                                     r  egressLoop[0].egressFifo/buffer_fifo/infer_fifo.block_ram_performance.fifo_ram_reg/ENBWREN
  -------------------------------------------------------------------    -------------------

                         (clock wbClk rise edge)      0.000     0.000 r  
    H16                                               0.000     0.000 r  wbClk (IN)
                         net (fo=0)                   0.000     0.000    wbClk
    H16                  IBUF (Prop_ibuf_I_O)         1.387     1.387 r  wbClk_IBUF_inst/O
                         net (fo=1, routed)           1.880     3.267    wbClk_IBUF
    BUFGCTRL_X0Y16       BUFG (Prop_bufg_I_O)         0.091     3.358 r  wbClk_IBUF_BUFG_inst/O
                         net (fo=704, routed)         1.542     4.900    egressLoop[0].egressFifo/buffer_fifo/rd_clk
    RAMB36_X0Y6          RAMB36E1                                     r  egressLoop[0].egressFifo/buffer_fifo/infer_fifo.block_ram_performance.fifo_ram_reg/CLKBWRCLK

Slack:                    inf
  Source:                 reset
                            (input port)
  Destination:            egressLoop[0].egressFifo/buffer_fifo/infer_fifo.next_rd_addr_reg[1]/CLR
                            (recovery check against rising-edge clock wbClk  {rise@0.000ns fall@5.000ns period=10.000ns})
  Path Group:             (none)
  Path Type:              Recovery (Max at Slow Process Corner)
  Data Path Delay:        14.475ns  (logic 1.536ns (10.613%)  route 12.939ns (89.387%))
  Logic Levels:           1  (IBUF=1)
  Clock Path Skew:        4.901ns (DCD - SCD + CPR)
    Destination Clock Delay (DCD):    4.901ns
    Source Clock Delay      (SCD):    0.000ns
    Clock Pessimism Removal (CPR):    0.000ns
  Clock Uncertainty:      0.025ns  ((TSJ^2 + TIJ^2)^1/2 + DJ) / 2 + PE
    Total System Jitter     (TSJ):    0.050ns
    Total Input Jitter      (TIJ):    0.000ns
    Discrete Jitter          (DJ):    0.000ns
    Phase Error              (PE):    0.000ns

    Location             Delay type                Incr(ns)  Path(ns)    Netlist Resource(s)
  -------------------------------------------------------------------    -------------------
    M20                                               0.000     0.000 f  reset (IN)
                         net (fo=0)                   0.000     0.000    reset
    M20                  IBUF (Prop_ibuf_I_O)         1.536     1.536 f  reset_IBUF_inst/O
                         net (fo=1331, routed)       12.939    14.475    egressLoop[0].egressFifo/buffer_fifo/reset_IBUF
    SLICE_X2Y30          FDCE                                         f  egressLoop[0].egressFifo/buffer_fifo/infer_fifo.next_rd_addr_reg[1]/CLR
  -------------------------------------------------------------------    -------------------

                         (clock wbClk rise edge)      0.000     0.000 r  
    H16                                               0.000     0.000 r  wbClk (IN)
                         net (fo=0)                   0.000     0.000    wbClk
    H16                  IBUF (Prop_ibuf_I_O)         1.387     1.387 r  wbClk_IBUF_inst/O
                         net (fo=1, routed)           1.880     3.267    wbClk_IBUF
    BUFGCTRL_X0Y16       BUFG (Prop_bufg_I_O)         0.091     3.358 r  wbClk_IBUF_BUFG_inst/O
                         net (fo=704, routed)         1.543     4.901    egressLoop[0].egressFifo/buffer_fifo/rd_clk
    SLICE_X2Y30          FDCE                                         r  egressLoop[0].egressFifo/buffer_fifo/infer_fifo.next_rd_addr_reg[1]/C

Slack:                    inf
  Source:                 reset
                            (input port)
  Destination:            egressLoop[0].egressFifo/buffer_fifo/infer_fifo.next_rd_addr_reg[2]/CLR
                            (recovery check against rising-edge clock wbClk  {rise@0.000ns fall@5.000ns period=10.000ns})
  Path Group:             (none)
  Path Type:              Recovery (Max at Slow Process Corner)
  Data Path Delay:        14.475ns  (logic 1.536ns (10.613%)  route 12.939ns (89.387%))
  Logic Levels:           1  (IBUF=1)
  Clock Path Skew:        4.901ns (DCD - SCD + CPR)
    Destination Clock Delay (DCD):    4.901ns
    Source Clock Delay      (SCD):    0.000ns
    Clock Pessimism Removal (CPR):    0.000ns
  Clock Uncertainty:      0.025ns  ((TSJ^2 + TIJ^2)^1/2 + DJ) / 2 + PE
    Total System Jitter     (TSJ):    0.050ns
    Total Input Jitter      (TIJ):    0.000ns
    Discrete Jitter          (DJ):    0.000ns
    Phase Error              (PE):    0.000ns

    Location             Delay type                Incr(ns)  Path(ns)    Netlist Resource(s)
  -------------------------------------------------------------------    -------------------
    M20                                               0.000     0.000 f  reset (IN)
                         net (fo=0)                   0.000     0.000    reset
    M20                  IBUF (Prop_ibuf_I_O)         1.536     1.536 f  reset_IBUF_inst/O
                         net (fo=1331, routed)       12.939    14.475    egressLoop[0].egressFifo/buffer_fifo/reset_IBUF
    SLICE_X2Y30          FDCE                                         f  egressLoop[0].egressFifo/buffer_fifo/infer_fifo.next_rd_addr_reg[2]/CLR
  -------------------------------------------------------------------    -------------------

                         (clock wbClk rise edge)      0.000     0.000 r  
    H16                                               0.000     0.000 r  wbClk (IN)
                         net (fo=0)                   0.000     0.000    wbClk
    H16                  IBUF (Prop_ibuf_I_O)         1.387     1.387 r  wbClk_IBUF_inst/O
                         net (fo=1, routed)           1.880     3.267    wbClk_IBUF
    BUFGCTRL_X0Y16       BUFG (Prop_bufg_I_O)         0.091     3.358 r  wbClk_IBUF_BUFG_inst/O
                         net (fo=704, routed)         1.543     4.901    egressLoop[0].egressFifo/buffer_fifo/rd_clk
    SLICE_X2Y30          FDCE                                         r  egressLoop[0].egressFifo/buffer_fifo/infer_fifo.next_rd_addr_reg[2]/C

Slack:                    inf
  Source:                 reset
                            (input port)
  Destination:            egressLoop[0].egressFifo/buffer_fifo/infer_fifo.rd_addr_reg[1]/CLR
                            (recovery check against rising-edge clock wbClk  {rise@0.000ns fall@5.000ns period=10.000ns})
  Path Group:             (none)
  Path Type:              Recovery (Max at Slow Process Corner)
  Data Path Delay:        14.475ns  (logic 1.536ns (10.613%)  route 12.939ns (89.387%))
  Logic Levels:           1  (IBUF=1)
  Clock Path Skew:        4.901ns (DCD - SCD + CPR)
    Destination Clock Delay (DCD):    4.901ns
    Source Clock Delay      (SCD):    0.000ns
    Clock Pessimism Removal (CPR):    0.000ns
  Clock Uncertainty:      0.025ns  ((TSJ^2 + TIJ^2)^1/2 + DJ) / 2 + PE
    Total System Jitter     (TSJ):    0.050ns
    Total Input Jitter      (TIJ):    0.000ns
    Discrete Jitter          (DJ):    0.000ns
    Phase Error              (PE):    0.000ns

    Location             Delay type                Incr(ns)  Path(ns)    Netlist Resource(s)
  -------------------------------------------------------------------    -------------------
    M20                                               0.000     0.000 f  reset (IN)
                         net (fo=0)                   0.000     0.000    reset
    M20                  IBUF (Prop_ibuf_I_O)         1.536     1.536 f  reset_IBUF_inst/O
                         net (fo=1331, routed)       12.939    14.475    egressLoop[0].egressFifo/buffer_fifo/reset_IBUF
    SLICE_X2Y30          FDCE                                         f  egressLoop[0].egressFifo/buffer_fifo/infer_fifo.rd_addr_reg[1]/CLR
  -------------------------------------------------------------------    -------------------

                         (clock wbClk rise edge)      0.000     0.000 r  
    H16                                               0.000     0.000 r  wbClk (IN)
                         net (fo=0)                   0.000     0.000    wbClk
    H16                  IBUF (Prop_ibuf_I_O)         1.387     1.387 r  wbClk_IBUF_inst/O
                         net (fo=1, routed)           1.880     3.267    wbClk_IBUF
    BUFGCTRL_X0Y16       BUFG (Prop_bufg_I_O)         0.091     3.358 r  wbClk_IBUF_BUFG_inst/O
                         net (fo=704, routed)         1.543     4.901    egressLoop[0].egressFifo/buffer_fifo/rd_clk
    SLICE_X2Y30          FDCE                                         r  egressLoop[0].egressFifo/buffer_fifo/infer_fifo.rd_addr_reg[1]/C

Slack:                    inf
  Source:                 reset
                            (input port)
  Destination:            egressLoop[0].egressFifo/buffer_fifo/infer_fifo.rd_addr_reg[2]/CLR
                            (recovery check against rising-edge clock wbClk  {rise@0.000ns fall@5.000ns period=10.000ns})
  Path Group:             (none)
  Path Type:              Recovery (Max at Slow Process Corner)
  Data Path Delay:        14.475ns  (logic 1.536ns (10.613%)  route 12.939ns (89.387%))
  Logic Levels:           1  (IBUF=1)
  Clock Path Skew:        4.901ns (DCD - SCD + CPR)
    Destination Clock Delay (DCD):    4.901ns
    Source Clock Delay      (SCD):    0.000ns
    Clock Pessimism Removal (CPR):    0.000ns
  Clock Uncertainty:      0.025ns  ((TSJ^2 + TIJ^2)^1/2 + DJ) / 2 + PE
    Total System Jitter     (TSJ):    0.050ns
    Total Input Jitter      (TIJ):    0.000ns
    Discrete Jitter          (DJ):    0.000ns
    Phase Error              (PE):    0.000ns

    Location             Delay type                Incr(ns)  Path(ns)    Netlist Resource(s)
  -------------------------------------------------------------------    -------------------
    M20                                               0.000     0.000 f  reset (IN)
                         net (fo=0)                   0.000     0.000    reset
    M20                  IBUF (Prop_ibuf_I_O)         1.536     1.536 f  reset_IBUF_inst/O
                         net (fo=1331, routed)       12.939    14.475    egressLoop[0].egressFifo/buffer_fifo/reset_IBUF
    SLICE_X2Y30          FDCE                                         f  egressLoop[0].egressFifo/buffer_fifo/infer_fifo.rd_addr_reg[2]/CLR
  -------------------------------------------------------------------    -------------------

                         (clock wbClk rise edge)      0.000     0.000 r  
    H16                                               0.000     0.000 r  wbClk (IN)
                         net (fo=0)                   0.000     0.000    wbClk
    H16                  IBUF (Prop_ibuf_I_O)         1.387     1.387 r  wbClk_IBUF_inst/O
                         net (fo=1, routed)           1.880     3.267    wbClk_IBUF
    BUFGCTRL_X0Y16       BUFG (Prop_bufg_I_O)         0.091     3.358 r  wbClk_IBUF_BUFG_inst/O
                         net (fo=704, routed)         1.543     4.901    egressLoop[0].egressFifo/buffer_fifo/rd_clk
    SLICE_X2Y30          FDCE                                         r  egressLoop[0].egressFifo/buffer_fifo/infer_fifo.rd_addr_reg[2]/C

Slack:                    inf
  Source:                 reset
                            (input port)
  Destination:            egressLoop[0].egressFifo/buffer_fifo/infer_fifo.rd_addr_reg[4]/CLR
                            (recovery check against rising-edge clock wbClk  {rise@0.000ns fall@5.000ns period=10.000ns})
  Path Group:             (none)
  Path Type:              Recovery (Max at Slow Process Corner)
  Data Path Delay:        14.475ns  (logic 1.536ns (10.613%)  route 12.939ns (89.387%))
  Logic Levels:           1  (IBUF=1)
  Clock Path Skew:        4.901ns (DCD - SCD + CPR)
    Destination Clock Delay (DCD):    4.901ns
    Source Clock Delay      (SCD):    0.000ns
    Clock Pessimism Removal (CPR):    0.000ns
  Clock Uncertainty:      0.025ns  ((TSJ^2 + TIJ^2)^1/2 + DJ) / 2 + PE
    Total System Jitter     (TSJ):    0.050ns
    Total Input Jitter      (TIJ):    0.000ns
    Discrete Jitter          (DJ):    0.000ns
    Phase Error              (PE):    0.000ns

    Location             Delay type                Incr(ns)  Path(ns)    Netlist Resource(s)
  -------------------------------------------------------------------    -------------------
    M20                                               0.000     0.000 f  reset (IN)
                         net (fo=0)                   0.000     0.000    reset
    M20                  IBUF (Prop_ibuf_I_O)         1.536     1.536 f  reset_IBUF_inst/O
                         net (fo=1331, routed)       12.939    14.475    egressLoop[0].egressFifo/buffer_fifo/reset_IBUF
    SLICE_X2Y30          FDCE                                         f  egressLoop[0].egressFifo/buffer_fifo/infer_fifo.rd_addr_reg[4]/CLR
  -------------------------------------------------------------------    -------------------

                         (clock wbClk rise edge)      0.000     0.000 r  
    H16                                               0.000     0.000 r  wbClk (IN)
                         net (fo=0)                   0.000     0.000    wbClk
    H16                  IBUF (Prop_ibuf_I_O)         1.387     1.387 r  wbClk_IBUF_inst/O
                         net (fo=1, routed)           1.880     3.267    wbClk_IBUF
    BUFGCTRL_X0Y16       BUFG (Prop_bufg_I_O)         0.091     3.358 r  wbClk_IBUF_BUFG_inst/O
                         net (fo=704, routed)         1.543     4.901    egressLoop[0].egressFifo/buffer_fifo/rd_clk
    SLICE_X2Y30          FDCE                                         r  egressLoop[0].egressFifo/buffer_fifo/infer_fifo.rd_addr_reg[4]/C

Slack:                    inf
  Source:                 reset
                            (input port)
  Destination:            egressLoop[0].egressFifo/buffer_fifo/infer_fifo.rd_addr_tmp_reg[2]/CLR
                            (recovery check against rising-edge clock wbClk  {rise@0.000ns fall@5.000ns period=10.000ns})
  Path Group:             (none)
  Path Type:              Recovery (Max at Slow Process Corner)
  Data Path Delay:        14.475ns  (logic 1.536ns (10.613%)  route 12.939ns (89.387%))
  Logic Levels:           1  (IBUF=1)
  Clock Path Skew:        4.901ns (DCD - SCD + CPR)
    Destination Clock Delay (DCD):    4.901ns
    Source Clock Delay      (SCD):    0.000ns
    Clock Pessimism Removal (CPR):    0.000ns
  Clock Uncertainty:      0.025ns  ((TSJ^2 + TIJ^2)^1/2 + DJ) / 2 + PE
    Total System Jitter     (TSJ):    0.050ns
    Total Input Jitter      (TIJ):    0.000ns
    Discrete Jitter          (DJ):    0.000ns
    Phase Error              (PE):    0.000ns

    Location             Delay type                Incr(ns)  Path(ns)    Netlist Resource(s)
  -------------------------------------------------------------------    -------------------
    M20                                               0.000     0.000 f  reset (IN)
                         net (fo=0)                   0.000     0.000    reset
    M20                  IBUF (Prop_ibuf_I_O)         1.536     1.536 f  reset_IBUF_inst/O
                         net (fo=1331, routed)       12.939    14.475    egressLoop[0].egressFifo/buffer_fifo/reset_IBUF
    SLICE_X2Y30          FDCE                                         f  egressLoop[0].egressFifo/buffer_fifo/infer_fifo.rd_addr_tmp_reg[2]/CLR
  -------------------------------------------------------------------    -------------------

                         (clock wbClk rise edge)      0.000     0.000 r  
    H16                                               0.000     0.000 r  wbClk (IN)
                         net (fo=0)                   0.000     0.000    wbClk
    H16                  IBUF (Prop_ibuf_I_O)         1.387     1.387 r  wbClk_IBUF_inst/O
                         net (fo=1, routed)           1.880     3.267    wbClk_IBUF
    BUFGCTRL_X0Y16       BUFG (Prop_bufg_I_O)         0.091     3.358 r  wbClk_IBUF_BUFG_inst/O
                         net (fo=704, routed)         1.543     4.901    egressLoop[0].egressFifo/buffer_fifo/rd_clk
    SLICE_X2Y30          FDCE                                         r  egressLoop[0].egressFifo/buffer_fifo/infer_fifo.rd_addr_tmp_reg[2]/C

Slack:                    inf
  Source:                 reset
                            (input port)
  Destination:            egressLoop[0].egressFifo/buffer_fifo/infer_fifo.two_rd_addr_reg[1]/PRE
                            (recovery check against rising-edge clock wbClk  {rise@0.000ns fall@5.000ns period=10.000ns})
  Path Group:             (none)
  Path Type:              Recovery (Max at Slow Process Corner)
  Data Path Delay:        14.475ns  (logic 1.536ns (10.613%)  route 12.939ns (89.387%))
  Logic Levels:           1  (IBUF=1)
  Clock Path Skew:        4.901ns (DCD - SCD + CPR)
    Destination Clock Delay (DCD):    4.901ns
    Source Clock Delay      (SCD):    0.000ns
    Clock Pessimism Removal (CPR):    0.000ns
  Clock Uncertainty:      0.025ns  ((TSJ^2 + TIJ^2)^1/2 + DJ) / 2 + PE
    Total System Jitter     (TSJ):    0.050ns
    Total Input Jitter      (TIJ):    0.000ns
    Discrete Jitter          (DJ):    0.000ns
    Phase Error              (PE):    0.000ns

    Location             Delay type                Incr(ns)  Path(ns)    Netlist Resource(s)
  -------------------------------------------------------------------    -------------------
    M20                                               0.000     0.000 f  reset (IN)
                         net (fo=0)                   0.000     0.000    reset
    M20                  IBUF (Prop_ibuf_I_O)         1.536     1.536 f  reset_IBUF_inst/O
                         net (fo=1331, routed)       12.939    14.475    egressLoop[0].egressFifo/buffer_fifo/reset_IBUF
    SLICE_X2Y30          FDPE                                         f  egressLoop[0].egressFifo/buffer_fifo/infer_fifo.two_rd_addr_reg[1]/PRE
  -------------------------------------------------------------------    -------------------

                         (clock wbClk rise edge)      0.000     0.000 r  
    H16                                               0.000     0.000 r  wbClk (IN)
                         net (fo=0)                   0.000     0.000    wbClk
    H16                  IBUF (Prop_ibuf_I_O)         1.387     1.387 r  wbClk_IBUF_inst/O
                         net (fo=1, routed)           1.880     3.267    wbClk_IBUF
    BUFGCTRL_X0Y16       BUFG (Prop_bufg_I_O)         0.091     3.358 r  wbClk_IBUF_BUFG_inst/O
                         net (fo=704, routed)         1.543     4.901    egressLoop[0].egressFifo/buffer_fifo/rd_clk
    SLICE_X2Y30          FDPE                                         r  egressLoop[0].egressFifo/buffer_fifo/infer_fifo.two_rd_addr_reg[1]/C

Slack:                    inf
  Source:                 reset
                            (input port)
  Destination:            egressLoop[0].egressFifo/buffer_fifo/infer_fifo.two_rd_addr_reg[2]/CLR
                            (recovery check against rising-edge clock wbClk  {rise@0.000ns fall@5.000ns period=10.000ns})
  Path Group:             (none)
  Path Type:              Recovery (Max at Slow Process Corner)
  Data Path Delay:        14.475ns  (logic 1.536ns (10.613%)  route 12.939ns (89.387%))
  Logic Levels:           1  (IBUF=1)
  Clock Path Skew:        4.901ns (DCD - SCD + CPR)
    Destination Clock Delay (DCD):    4.901ns
    Source Clock Delay      (SCD):    0.000ns
    Clock Pessimism Removal (CPR):    0.000ns
  Clock Uncertainty:      0.025ns  ((TSJ^2 + TIJ^2)^1/2 + DJ) / 2 + PE
    Total System Jitter     (TSJ):    0.050ns
    Total Input Jitter      (TIJ):    0.000ns
    Discrete Jitter          (DJ):    0.000ns
    Phase Error              (PE):    0.000ns

    Location             Delay type                Incr(ns)  Path(ns)    Netlist Resource(s)
  -------------------------------------------------------------------    -------------------
    M20                                               0.000     0.000 f  reset (IN)
                         net (fo=0)                   0.000     0.000    reset
    M20                  IBUF (Prop_ibuf_I_O)         1.536     1.536 f  reset_IBUF_inst/O
                         net (fo=1331, routed)       12.939    14.475    egressLoop[0].egressFifo/buffer_fifo/reset_IBUF
    SLICE_X2Y30          FDCE                                         f  egressLoop[0].egressFifo/buffer_fifo/infer_fifo.two_rd_addr_reg[2]/CLR
  -------------------------------------------------------------------    -------------------

                         (clock wbClk rise edge)      0.000     0.000 r  
    H16                                               0.000     0.000 r  wbClk (IN)
                         net (fo=0)                   0.000     0.000    wbClk
    H16                  IBUF (Prop_ibuf_I_O)         1.387     1.387 r  wbClk_IBUF_inst/O
                         net (fo=1, routed)           1.880     3.267    wbClk_IBUF
    BUFGCTRL_X0Y16       BUFG (Prop_bufg_I_O)         0.091     3.358 r  wbClk_IBUF_BUFG_inst/O
                         net (fo=704, routed)         1.543     4.901    egressLoop[0].egressFifo/buffer_fifo/rd_clk
    SLICE_X2Y30          FDCE                                         r  egressLoop[0].egressFifo/buffer_fifo/infer_fifo.two_rd_addr_reg[2]/C

Slack:                    inf
  Source:                 reset
                            (input port)
  Destination:            egressLoop[0].egressFifo/buffer_fifo/infer_fifo.next_rd_addr_reg[0]/PRE
                            (recovery check against rising-edge clock wbClk  {rise@0.000ns fall@5.000ns period=10.000ns})
  Path Group:             (none)
  Path Type:              Recovery (Max at Slow Process Corner)
  Data Path Delay:        14.471ns  (logic 1.536ns (10.616%)  route 12.934ns (89.384%))
  Logic Levels:           1  (IBUF=1)
  Clock Path Skew:        4.901ns (DCD - SCD + CPR)
    Destination Clock Delay (DCD):    4.901ns
    Source Clock Delay      (SCD):    0.000ns
    Clock Pessimism Removal (CPR):    0.000ns
  Clock Uncertainty:      0.025ns  ((TSJ^2 + TIJ^2)^1/2 + DJ) / 2 + PE
    Total System Jitter     (TSJ):    0.050ns
    Total Input Jitter      (TIJ):    0.000ns
    Discrete Jitter          (DJ):    0.000ns
    Phase Error              (PE):    0.000ns

    Location             Delay type                Incr(ns)  Path(ns)    Netlist Resource(s)
  -------------------------------------------------------------------    -------------------
    M20                                               0.000     0.000 f  reset (IN)
                         net (fo=0)                   0.000     0.000    reset
    M20                  IBUF (Prop_ibuf_I_O)         1.536     1.536 f  reset_IBUF_inst/O
                         net (fo=1331, routed)       12.934    14.471    egressLoop[0].egressFifo/buffer_fifo/reset_IBUF
    SLICE_X3Y30          FDPE                                         f  egressLoop[0].egressFifo/buffer_fifo/infer_fifo.next_rd_addr_reg[0]/PRE
  -------------------------------------------------------------------    -------------------

                         (clock wbClk rise edge)      0.000     0.000 r  
    H16                                               0.000     0.000 r  wbClk (IN)
                         net (fo=0)                   0.000     0.000    wbClk
    H16                  IBUF (Prop_ibuf_I_O)         1.387     1.387 r  wbClk_IBUF_inst/O
                         net (fo=1, routed)           1.880     3.267    wbClk_IBUF
    BUFGCTRL_X0Y16       BUFG (Prop_bufg_I_O)         0.091     3.358 r  wbClk_IBUF_BUFG_inst/O
                         net (fo=704, routed)         1.543     4.901    egressLoop[0].egressFifo/buffer_fifo/rd_clk
    SLICE_X3Y30          FDPE                                         r  egressLoop[0].egressFifo/buffer_fifo/infer_fifo.next_rd_addr_reg[0]/C





Min Delay Paths
--------------------------------------------------------------------------------------
Slack:                    inf
  Source:                 wbInputData[8]
                            (input port)
  Destination:            ingressLoop[7].ingressFifo/buffer_fifo/infer_fifo.block_ram_performance.fifo_ram_reg/DIADI[8]
                            (rising edge-triggered cell RAMB36E1 clocked by wbClk  {rise@0.000ns fall@5.000ns period=10.000ns})
  Path Group:             (none)
  Path Type:              Hold (Min at Fast Process Corner)
  Data Path Delay:        0.831ns  (logic 0.220ns (26.525%)  route 0.611ns (73.475%))
  Logic Levels:           1  (IBUF=1)
  Clock Path Skew:        1.990ns (DCD - SCD - CPR)
    Destination Clock Delay (DCD):    1.990ns
    Source Clock Delay      (SCD):    0.000ns
    Clock Pessimism Removal (CPR):    -0.000ns

    Location             Delay type                Incr(ns)  Path(ns)    Netlist Resource(s)
  -------------------------------------------------------------------    -------------------
    G15                                               0.000     0.000 r  wbInputData[8] (IN)
                         net (fo=0)                   0.000     0.000    wbInputData[8]
    G15                  IBUF (Prop_ibuf_I_O)         0.220     0.220 r  wbInputData_IBUF[8]_inst/O
                         net (fo=8, routed)           0.611     0.831    ingressLoop[7].ingressFifo/buffer_fifo/din[8]
    RAMB36_X1Y12         RAMB36E1                                     r  ingressLoop[7].ingressFifo/buffer_fifo/infer_fifo.block_ram_performance.fifo_ram_reg/DIADI[8]
  -------------------------------------------------------------------    -------------------

                         (clock wbClk rise edge)      0.000     0.000 r  
    H16                                               0.000     0.000 r  wbClk (IN)
                         net (fo=0)                   0.000     0.000    wbClk
    H16                  IBUF (Prop_ibuf_I_O)         0.413     0.413 r  wbClk_IBUF_inst/O
                         net (fo=1, routed)           0.683     1.096    wbClk_IBUF
    BUFGCTRL_X0Y16       BUFG (Prop_bufg_I_O)         0.029     1.125 r  wbClk_IBUF_BUFG_inst/O
                         net (fo=704, routed)         0.865     1.990    ingressLoop[7].ingressFifo/buffer_fifo/rd_clk
    RAMB36_X1Y12         RAMB36E1                                     r  ingressLoop[7].ingressFifo/buffer_fifo/infer_fifo.block_ram_performance.fifo_ram_reg/CLKARDCLK

Slack:                    inf
  Source:                 wbInputData[7]
                            (input port)
  Destination:            ingressLoop[7].ingressFifo/buffer_fifo/infer_fifo.block_ram_performance.fifo_ram_reg/DIADI[7]
                            (rising edge-triggered cell RAMB36E1 clocked by wbClk  {rise@0.000ns fall@5.000ns period=10.000ns})
  Path Group:             (none)
  Path Type:              Hold (Min at Fast Process Corner)
  Data Path Delay:        0.846ns  (logic 0.236ns (27.918%)  route 0.610ns (72.082%))
  Logic Levels:           1  (IBUF=1)
  Clock Path Skew:        1.990ns (DCD - SCD - CPR)
    Destination Clock Delay (DCD):    1.990ns
    Source Clock Delay      (SCD):    0.000ns
    Clock Pessimism Removal (CPR):    -0.000ns

    Location             Delay type                Incr(ns)  Path(ns)    Netlist Resource(s)
  -------------------------------------------------------------------    -------------------
    G19                                               0.000     0.000 r  wbInputData[7] (IN)
                         net (fo=0)                   0.000     0.000    wbInputData[7]
    G19                  IBUF (Prop_ibuf_I_O)         0.236     0.236 r  wbInputData_IBUF[7]_inst/O
                         net (fo=8, routed)           0.610     0.846    ingressLoop[7].ingressFifo/buffer_fifo/din[7]
    RAMB36_X1Y12         RAMB36E1                                     r  ingressLoop[7].ingressFifo/buffer_fifo/infer_fifo.block_ram_performance.fifo_ram_reg/DIADI[7]
  -------------------------------------------------------------------    -------------------

                         (clock wbClk rise edge)      0.000     0.000 r  
    H16                                               0.000     0.000 r  wbClk (IN)
                         net (fo=0)                   0.000     0.000    wbClk
    H16                  IBUF (Prop_ibuf_I_O)         0.413     0.413 r  wbClk_IBUF_inst/O
                         net (fo=1, routed)           0.683     1.096    wbClk_IBUF
    BUFGCTRL_X0Y16       BUFG (Prop_bufg_I_O)         0.029     1.125 r  wbClk_IBUF_BUFG_inst/O
                         net (fo=704, routed)         0.865     1.990    ingressLoop[7].ingressFifo/buffer_fifo/rd_clk
    RAMB36_X1Y12         RAMB36E1                                     r  ingressLoop[7].ingressFifo/buffer_fifo/infer_fifo.block_ram_performance.fifo_ram_reg/CLKARDCLK

Slack:                    inf
  Source:                 wbInputData[1]
                            (input port)
  Destination:            ingressLoop[1].ingressFifo/buffer_fifo/infer_fifo.block_ram_performance.fifo_ram_reg/DIADI[1]
                            (rising edge-triggered cell RAMB36E1 clocked by wbClk  {rise@0.000ns fall@5.000ns period=10.000ns})
  Path Group:             (none)
  Path Type:              Hold (Min at Fast Process Corner)
  Data Path Delay:        0.868ns  (logic 0.235ns (27.098%)  route 0.633ns (72.902%))
  Logic Levels:           1  (IBUF=1)
  Clock Path Skew:        1.980ns (DCD - SCD - CPR)
    Destination Clock Delay (DCD):    1.980ns
    Source Clock Delay      (SCD):    0.000ns
    Clock Pessimism Removal (CPR):    -0.000ns

    Location             Delay type                Incr(ns)  Path(ns)    Netlist Resource(s)
  -------------------------------------------------------------------    -------------------
    F19                                               0.000     0.000 r  wbInputData[1] (IN)
                         net (fo=0)                   0.000     0.000    wbInputData[1]
    F19                  IBUF (Prop_ibuf_I_O)         0.235     0.235 r  wbInputData_IBUF[1]_inst/O
                         net (fo=8, routed)           0.633     0.868    ingressLoop[1].ingressFifo/buffer_fifo/din[1]
    RAMB36_X1Y14         RAMB36E1                                     r  ingressLoop[1].ingressFifo/buffer_fifo/infer_fifo.block_ram_performance.fifo_ram_reg/DIADI[1]
  -------------------------------------------------------------------    -------------------

                         (clock wbClk rise edge)      0.000     0.000 r  
    H16                                               0.000     0.000 r  wbClk (IN)
                         net (fo=0)                   0.000     0.000    wbClk
    H16                  IBUF (Prop_ibuf_I_O)         0.413     0.413 r  wbClk_IBUF_inst/O
                         net (fo=1, routed)           0.683     1.096    wbClk_IBUF
    BUFGCTRL_X0Y16       BUFG (Prop_bufg_I_O)         0.029     1.125 r  wbClk_IBUF_BUFG_inst/O
                         net (fo=704, routed)         0.855     1.980    ingressLoop[1].ingressFifo/buffer_fifo/rd_clk
    RAMB36_X1Y14         RAMB36E1                                     r  ingressLoop[1].ingressFifo/buffer_fifo/infer_fifo.block_ram_performance.fifo_ram_reg/CLKARDCLK

Slack:                    inf
  Source:                 wbInputData[6]
                            (input port)
  Destination:            ingressLoop[7].ingressFifo/buffer_fifo/infer_fifo.block_ram_performance.fifo_ram_reg/DIADI[6]
                            (rising edge-triggered cell RAMB36E1 clocked by wbClk  {rise@0.000ns fall@5.000ns period=10.000ns})
  Path Group:             (none)
  Path Type:              Hold (Min at Fast Process Corner)
  Data Path Delay:        0.893ns  (logic 0.233ns (26.110%)  route 0.660ns (73.890%))
  Logic Levels:           1  (IBUF=1)
  Clock Path Skew:        1.990ns (DCD - SCD - CPR)
    Destination Clock Delay (DCD):    1.990ns
    Source Clock Delay      (SCD):    0.000ns
    Clock Pessimism Removal (CPR):    -0.000ns

    Location             Delay type                Incr(ns)  Path(ns)    Netlist Resource(s)
  -------------------------------------------------------------------    -------------------
    G20                                               0.000     0.000 r  wbInputData[6] (IN)
                         net (fo=0)                   0.000     0.000    wbInputData[6]
    G20                  IBUF (Prop_ibuf_I_O)         0.233     0.233 r  wbInputData_IBUF[6]_inst/O
                         net (fo=8, routed)           0.660     0.893    ingressLoop[7].ingressFifo/buffer_fifo/din[6]
    RAMB36_X1Y12         RAMB36E1                                     r  ingressLoop[7].ingressFifo/buffer_fifo/infer_fifo.block_ram_performance.fifo_ram_reg/DIADI[6]
  -------------------------------------------------------------------    -------------------

                         (clock wbClk rise edge)      0.000     0.000 r  
    H16                                               0.000     0.000 r  wbClk (IN)
                         net (fo=0)                   0.000     0.000    wbClk
    H16                  IBUF (Prop_ibuf_I_O)         0.413     0.413 r  wbClk_IBUF_inst/O
                         net (fo=1, routed)           0.683     1.096    wbClk_IBUF
    BUFGCTRL_X0Y16       BUFG (Prop_bufg_I_O)         0.029     1.125 r  wbClk_IBUF_BUFG_inst/O
                         net (fo=704, routed)         0.865     1.990    ingressLoop[7].ingressFifo/buffer_fifo/rd_clk
    RAMB36_X1Y12         RAMB36E1                                     r  ingressLoop[7].ingressFifo/buffer_fifo/infer_fifo.block_ram_performance.fifo_ram_reg/CLKARDCLK

Slack:                    inf
  Source:                 wbInputData[2]
                            (input port)
  Destination:            ingressLoop[1].ingressFifo/buffer_fifo/infer_fifo.block_ram_performance.fifo_ram_reg/DIADI[2]
                            (rising edge-triggered cell RAMB36E1 clocked by wbClk  {rise@0.000ns fall@5.000ns period=10.000ns})
  Path Group:             (none)
  Path Type:              Hold (Min at Fast Process Corner)
  Data Path Delay:        0.916ns  (logic 0.230ns (25.055%)  route 0.687ns (74.945%))
  Logic Levels:           1  (IBUF=1)
  Clock Path Skew:        1.980ns (DCD - SCD - CPR)
    Destination Clock Delay (DCD):    1.980ns
    Source Clock Delay      (SCD):    0.000ns
    Clock Pessimism Removal (CPR):    -0.000ns

    Location             Delay type                Incr(ns)  Path(ns)    Netlist Resource(s)
  -------------------------------------------------------------------    -------------------
    G18                                               0.000     0.000 r  wbInputData[2] (IN)
                         net (fo=0)                   0.000     0.000    wbInputData[2]
    G18                  IBUF (Prop_ibuf_I_O)         0.230     0.230 r  wbInputData_IBUF[2]_inst/O
                         net (fo=8, routed)           0.687     0.916    ingressLoop[1].ingressFifo/buffer_fifo/din[2]
    RAMB36_X1Y14         RAMB36E1                                     r  ingressLoop[1].ingressFifo/buffer_fifo/infer_fifo.block_ram_performance.fifo_ram_reg/DIADI[2]
  -------------------------------------------------------------------    -------------------

                         (clock wbClk rise edge)      0.000     0.000 r  
    H16                                               0.000     0.000 r  wbClk (IN)
                         net (fo=0)                   0.000     0.000    wbClk
    H16                  IBUF (Prop_ibuf_I_O)         0.413     0.413 r  wbClk_IBUF_inst/O
                         net (fo=1, routed)           0.683     1.096    wbClk_IBUF
    BUFGCTRL_X0Y16       BUFG (Prop_bufg_I_O)         0.029     1.125 r  wbClk_IBUF_BUFG_inst/O
                         net (fo=704, routed)         0.855     1.980    ingressLoop[1].ingressFifo/buffer_fifo/rd_clk
    RAMB36_X1Y14         RAMB36E1                                     r  ingressLoop[1].ingressFifo/buffer_fifo/infer_fifo.block_ram_performance.fifo_ram_reg/CLKARDCLK

Slack:                    inf
  Source:                 wbInputData[4]
                            (input port)
  Destination:            ingressLoop[7].ingressFifo/buffer_fifo/infer_fifo.block_ram_performance.fifo_ram_reg/DIADI[4]
                            (rising edge-triggered cell RAMB36E1 clocked by wbClk  {rise@0.000ns fall@5.000ns period=10.000ns})
  Path Group:             (none)
  Path Type:              Hold (Min at Fast Process Corner)
  Data Path Delay:        0.921ns  (logic 0.230ns (24.978%)  route 0.691ns (75.022%))
  Logic Levels:           1  (IBUF=1)
  Clock Path Skew:        1.990ns (DCD - SCD - CPR)
    Destination Clock Delay (DCD):    1.990ns
    Source Clock Delay      (SCD):    0.000ns
    Clock Pessimism Removal (CPR):    -0.000ns

    Location             Delay type                Incr(ns)  Path(ns)    Netlist Resource(s)
  -------------------------------------------------------------------    -------------------
    H20                                               0.000     0.000 r  wbInputData[4] (IN)
                         net (fo=0)                   0.000     0.000    wbInputData[4]
    H20                  IBUF (Prop_ibuf_I_O)         0.230     0.230 r  wbInputData_IBUF[4]_inst/O
                         net (fo=8, routed)           0.691     0.921    ingressLoop[7].ingressFifo/buffer_fifo/din[4]
    RAMB36_X1Y12         RAMB36E1                                     r  ingressLoop[7].ingressFifo/buffer_fifo/infer_fifo.block_ram_performance.fifo_ram_reg/DIADI[4]
  -------------------------------------------------------------------    -------------------

                         (clock wbClk rise edge)      0.000     0.000 r  
    H16                                               0.000     0.000 r  wbClk (IN)
                         net (fo=0)                   0.000     0.000    wbClk
    H16                  IBUF (Prop_ibuf_I_O)         0.413     0.413 r  wbClk_IBUF_inst/O
                         net (fo=1, routed)           0.683     1.096    wbClk_IBUF
    BUFGCTRL_X0Y16       BUFG (Prop_bufg_I_O)         0.029     1.125 r  wbClk_IBUF_BUFG_inst/O
                         net (fo=704, routed)         0.865     1.990    ingressLoop[7].ingressFifo/buffer_fifo/rd_clk
    RAMB36_X1Y12         RAMB36E1                                     r  ingressLoop[7].ingressFifo/buffer_fifo/infer_fifo.block_ram_performance.fifo_ram_reg/CLKARDCLK

Slack:                    inf
  Source:                 wbInputData[4]
                            (input port)
  Destination:            ingressLoop[1].ingressFifo/buffer_fifo/infer_fifo.block_ram_performance.fifo_ram_reg/DIADI[4]
                            (rising edge-triggered cell RAMB36E1 clocked by wbClk  {rise@0.000ns fall@5.000ns period=10.000ns})
  Path Group:             (none)
  Path Type:              Hold (Min at Fast Process Corner)
  Data Path Delay:        0.921ns  (logic 0.230ns (24.976%)  route 0.691ns (75.024%))
  Logic Levels:           1  (IBUF=1)
  Clock Path Skew:        1.980ns (DCD - SCD - CPR)
    Destination Clock Delay (DCD):    1.980ns
    Source Clock Delay      (SCD):    0.000ns
    Clock Pessimism Removal (CPR):    -0.000ns

    Location             Delay type                Incr(ns)  Path(ns)    Netlist Resource(s)
  -------------------------------------------------------------------    -------------------
    H20                                               0.000     0.000 r  wbInputData[4] (IN)
                         net (fo=0)                   0.000     0.000    wbInputData[4]
    H20                  IBUF (Prop_ibuf_I_O)         0.230     0.230 r  wbInputData_IBUF[4]_inst/O
                         net (fo=8, routed)           0.691     0.921    ingressLoop[1].ingressFifo/buffer_fifo/din[4]
    RAMB36_X1Y14         RAMB36E1                                     r  ingressLoop[1].ingressFifo/buffer_fifo/infer_fifo.block_ram_performance.fifo_ram_reg/DIADI[4]
  -------------------------------------------------------------------    -------------------

                         (clock wbClk rise edge)      0.000     0.000 r  
    H16                                               0.000     0.000 r  wbClk (IN)
                         net (fo=0)                   0.000     0.000    wbClk
    H16                  IBUF (Prop_ibuf_I_O)         0.413     0.413 r  wbClk_IBUF_inst/O
                         net (fo=1, routed)           0.683     1.096    wbClk_IBUF
    BUFGCTRL_X0Y16       BUFG (Prop_bufg_I_O)         0.029     1.125 r  wbClk_IBUF_BUFG_inst/O
                         net (fo=704, routed)         0.855     1.980    ingressLoop[1].ingressFifo/buffer_fifo/rd_clk
    RAMB36_X1Y14         RAMB36E1                                     r  ingressLoop[1].ingressFifo/buffer_fifo/infer_fifo.block_ram_performance.fifo_ram_reg/CLKARDCLK

Slack:                    inf
  Source:                 wbInputData[5]
                            (input port)
  Destination:            ingressLoop[7].ingressFifo/buffer_fifo/infer_fifo.block_ram_performance.fifo_ram_reg/DIADI[5]
                            (rising edge-triggered cell RAMB36E1 clocked by wbClk  {rise@0.000ns fall@5.000ns period=10.000ns})
  Path Group:             (none)
  Path Type:              Hold (Min at Fast Process Corner)
  Data Path Delay:        0.923ns  (logic 0.232ns (25.107%)  route 0.691ns (74.893%))
  Logic Levels:           1  (IBUF=1)
  Clock Path Skew:        1.990ns (DCD - SCD - CPR)
    Destination Clock Delay (DCD):    1.990ns
    Source Clock Delay      (SCD):    0.000ns
    Clock Pessimism Removal (CPR):    -0.000ns

    Location             Delay type                Incr(ns)  Path(ns)    Netlist Resource(s)
  -------------------------------------------------------------------    -------------------
    J20                                               0.000     0.000 r  wbInputData[5] (IN)
                         net (fo=0)                   0.000     0.000    wbInputData[5]
    J20                  IBUF (Prop_ibuf_I_O)         0.232     0.232 r  wbInputData_IBUF[5]_inst/O
                         net (fo=8, routed)           0.691     0.923    ingressLoop[7].ingressFifo/buffer_fifo/din[5]
    RAMB36_X1Y12         RAMB36E1                                     r  ingressLoop[7].ingressFifo/buffer_fifo/infer_fifo.block_ram_performance.fifo_ram_reg/DIADI[5]
  -------------------------------------------------------------------    -------------------

                         (clock wbClk rise edge)      0.000     0.000 r  
    H16                                               0.000     0.000 r  wbClk (IN)
                         net (fo=0)                   0.000     0.000    wbClk
    H16                  IBUF (Prop_ibuf_I_O)         0.413     0.413 r  wbClk_IBUF_inst/O
                         net (fo=1, routed)           0.683     1.096    wbClk_IBUF
    BUFGCTRL_X0Y16       BUFG (Prop_bufg_I_O)         0.029     1.125 r  wbClk_IBUF_BUFG_inst/O
                         net (fo=704, routed)         0.865     1.990    ingressLoop[7].ingressFifo/buffer_fifo/rd_clk
    RAMB36_X1Y12         RAMB36E1                                     r  ingressLoop[7].ingressFifo/buffer_fifo/infer_fifo.block_ram_performance.fifo_ram_reg/CLKARDCLK

Slack:                    inf
  Source:                 wbInputData[3]
                            (input port)
  Destination:            ingressLoop[7].ingressFifo/buffer_fifo/infer_fifo.block_ram_performance.fifo_ram_reg/DIADI[3]
                            (rising edge-triggered cell RAMB36E1 clocked by wbClk  {rise@0.000ns fall@5.000ns period=10.000ns})
  Path Group:             (none)
  Path Type:              Hold (Min at Fast Process Corner)
  Data Path Delay:        0.930ns  (logic 0.239ns (25.736%)  route 0.690ns (74.264%))
  Logic Levels:           1  (IBUF=1)
  Clock Path Skew:        1.990ns (DCD - SCD - CPR)
    Destination Clock Delay (DCD):    1.990ns
    Source Clock Delay      (SCD):    0.000ns
    Clock Pessimism Removal (CPR):    -0.000ns

    Location             Delay type                Incr(ns)  Path(ns)    Netlist Resource(s)
  -------------------------------------------------------------------    -------------------
    G17                                               0.000     0.000 r  wbInputData[3] (IN)
                         net (fo=0)                   0.000     0.000    wbInputData[3]
    G17                  IBUF (Prop_ibuf_I_O)         0.239     0.239 r  wbInputData_IBUF[3]_inst/O
                         net (fo=8, routed)           0.690     0.930    ingressLoop[7].ingressFifo/buffer_fifo/din[3]
    RAMB36_X1Y12         RAMB36E1                                     r  ingressLoop[7].ingressFifo/buffer_fifo/infer_fifo.block_ram_performance.fifo_ram_reg/DIADI[3]
  -------------------------------------------------------------------    -------------------

                         (clock wbClk rise edge)      0.000     0.000 r  
    H16                                               0.000     0.000 r  wbClk (IN)
                         net (fo=0)                   0.000     0.000    wbClk
    H16                  IBUF (Prop_ibuf_I_O)         0.413     0.413 r  wbClk_IBUF_inst/O
                         net (fo=1, routed)           0.683     1.096    wbClk_IBUF
    BUFGCTRL_X0Y16       BUFG (Prop_bufg_I_O)         0.029     1.125 r  wbClk_IBUF_BUFG_inst/O
                         net (fo=704, routed)         0.865     1.990    ingressLoop[7].ingressFifo/buffer_fifo/rd_clk
    RAMB36_X1Y12         RAMB36E1                                     r  ingressLoop[7].ingressFifo/buffer_fifo/infer_fifo.block_ram_performance.fifo_ram_reg/CLKARDCLK

Slack:                    inf
  Source:                 wbInputData[13]
                            (input port)
  Destination:            ingressLoop[6].ingressFifo/buffer_fifo/infer_fifo.block_ram_performance.fifo_ram_reg/DIADI[13]
                            (rising edge-triggered cell RAMB36E1 clocked by wbClk  {rise@0.000ns fall@5.000ns period=10.000ns})
  Path Group:             (none)
  Path Type:              Hold (Min at Fast Process Corner)
  Data Path Delay:        0.939ns  (logic 0.245ns (26.059%)  route 0.694ns (73.941%))
  Logic Levels:           1  (IBUF=1)
  Clock Path Skew:        1.995ns (DCD - SCD - CPR)
    Destination Clock Delay (DCD):    1.995ns
    Source Clock Delay      (SCD):    0.000ns
    Clock Pessimism Removal (CPR):    -0.000ns

    Location             Delay type                Incr(ns)  Path(ns)    Netlist Resource(s)
  -------------------------------------------------------------------    -------------------
    N15                                               0.000     0.000 r  wbInputData[13] (IN)
                         net (fo=0)                   0.000     0.000    wbInputData[13]
    N15                  IBUF (Prop_ibuf_I_O)         0.245     0.245 r  wbInputData_IBUF[13]_inst/O
                         net (fo=8, routed)           0.694     0.939    ingressLoop[6].ingressFifo/buffer_fifo/din[13]
    RAMB36_X1Y10         RAMB36E1                                     r  ingressLoop[6].ingressFifo/buffer_fifo/infer_fifo.block_ram_performance.fifo_ram_reg/DIADI[13]
  -------------------------------------------------------------------    -------------------

                         (clock wbClk rise edge)      0.000     0.000 r  
    H16                                               0.000     0.000 r  wbClk (IN)
                         net (fo=0)                   0.000     0.000    wbClk
    H16                  IBUF (Prop_ibuf_I_O)         0.413     0.413 r  wbClk_IBUF_inst/O
                         net (fo=1, routed)           0.683     1.096    wbClk_IBUF
    BUFGCTRL_X0Y16       BUFG (Prop_bufg_I_O)         0.029     1.125 r  wbClk_IBUF_BUFG_inst/O
                         net (fo=704, routed)         0.870     1.995    ingressLoop[6].ingressFifo/buffer_fifo/rd_clk
    RAMB36_X1Y10         RAMB36E1                                     r  ingressLoop[6].ingressFifo/buffer_fifo/infer_fifo.block_ram_performance.fifo_ram_reg/CLKARDCLK





